Multiple size <= 100
OK
Multiple size <= 500
TEST 1 ARG:199 -168 -181 170 -119 -81 231 -13 -242 -208 221 -26 -244 -189 112 166 94 -153 -10 194 -213 -77 211 -127 -210 230 169 241 -110 -211 198 -7 145 -106 31 -23 -117 123 -166 98 -197 100 -92 176 205 -217 44 154 -148 -136 155 -207 227 147 -176 61 10 184 26 -59 113 234 134 -85 74 -22 150 2 27 -33 58 -67 13 -225 245 228 22 -206 209 62 -199 -222 125 219 -14 -55 -124 6 173 180 -233 235 -104 111 143 -100 122 -115 -221 106 -236 -47 -194 237 -41 -52 229 32 142 -140 -108 -118 -8 126 -34 -216 38 -212 -120 -190 109 -32 -238 -25 226 -99 80 -71 -72 -220 -101 -125 11 183 34 -177 247 -95 -239 93 -56 36 148 83 -82 102 -35 174 54 -172 9 240 -75 -76 -17 190 -139 -159 158 56 -24 -93 179 -69 238 -12 153 -51 -235 -219 220 -165 23 -54 -178 127 92 -162 233 -141 -246 119 152 -66 242 12 35 -232 33 70 136 68 217 137 -94 51 107 178 -103 140 75 103 63 165 -200 -50 87 218 84 -196 90 -184 -20 -40 18 -111 -96 203 -109 195 53 -58 -156 -39 163 -113 50 248 224 -97 -223 -188 141 -61 -195 207 -3 115 -186 -218 46 -105 60 15 -46 0 124 186 223 101 159 162 -87 -84 -243 -102 130 -226 -191 -241 -203 243 7 -1 88 -185 116 -4 -19 -224 -182 225 144 104 204 -131 3 -227 -53 89 -147 -29 -138 -164 99 -27 -98 20 -90 -121 193 -6 -229 197 213 149 -230 -209 132 -128 -30 -145 25 41 200 -154 -204 82 29 -21 196 43 -143 -171 78 161 -129 249 167 76 -74 -11 91 139 55 -231 -149 95 -86 185 21 30 105 -180 131 -205 -122 86 8 -88 -187 216 168 171 -28 -42 -228 48 -134 -132 39 77 -83 151 -62 -135 -38 73 -144 52 -89 129 120 -248 -114 47 -78 202 -175 -73 222 -130 -249 -45 -214 -169 -9 214 156 181 110 -123 71 117 69 -158 -201 -170 -237 -60 64 -5 28 177 96 172 -157 201 -80 164 -18 -68 108 -151 -174 -146 -163 24 232 1 -16 19 97 67 59 -133 65 157 182 191 -247 81 210 85 -245 5 -64 4 -36 114 192 -116 212 -215 57 -193 135 -44 17 189 -91 -167 121 -70 -250 -31 -112 -2 175 -126 244 188 -65 37 72 49 -150 -79 -107 -142 79 -15 -183 42 246 -179 187 239 -198 128 -57 -192 -43 146 -173 133 160 208 -234 -160 -48 138 -240 -202 236 -37 -49 40 45 118 -155 16 14 206 66 -161 215 -63 -152 -137 
TEST 2 ARG:-125 184 199 82 -221 160 -212 170 56 77 20 -19 242 64 175 231 -217 5 78 178 -139 -129 -99 -122 -227 196 -59 -215 155 220 -238 100 -191 35 130 141 -156 -111 167 124 137 195 129 181 168 -232 19 -114 122 -112 -234 54 166 -150 -180 -84 -219 47 49 -9 -236 41 152 -105 135 153 -153 16 154 28 25 105 91 -168 -25 229 95 -24 -239 159 214 -152 -133 -16 61 -34 179 162 -22 -55 -244 1 -222 67 -39 -1 32 222 -195 249 70 136 -182 -151 161 -183 85 -132 -97 238 142 107 -231 -247 106 103 -64 -181 90 248 23 -198 108 157 206 -149 -135 -58 -92 62 150 213 97 -144 120 -33 237 -100 -5 71 -68 55 7 94 -8 13 -245 -13 -161 -65 -10 112 233 189 -127 39 -128 38 -240 -171 -66 224 10 117 -28 -193 -174 227 -73 -130 -223 -220 -158 46 188 -179 87 -123 121 42 174 216 -190 -87 98 -45 0 -126 131 89 26 40 -30 29 -40 -176 68 -38 -98 -86 -157 149 81 219 52 -108 -145 -3 -12 -2 234 69 -148 -78 -185 -104 -211 111 177 -177 -205 -243 119 -79 133 -159 -17 115 139 203 247 110 -70 76 187 146 92 145 -246 -53 221 6 205 -27 -229 -175 171 -6 -51 -226 -52 -241 84 -56 -102 -165 183 -137 -74 33 -169 172 194 -134 102 88 -237 59 -31 156 -42 -96 -248 -107 215 2 73 -44 50 -209 -164 -106 -249 -155 -77 99 245 -90 14 57 -118 21 74 58 -116 -142 164 204 -49 -83 127 235 -204 -95 197 -194 207 -120 -43 -210 186 132 -85 239 -109 8 -186 -250 -136 -103 93 101 -47 192 180 -23 -29 -4 240 -88 -124 -233 -131 86 -141 -32 -11 -147 201 -50 4 169 -154 104 -178 12 9 -218 144 173 -119 244 123 -140 -117 200 -138 -115 -200 -75 116 118 36 -36 217 27 53 -230 208 -162 211 113 -170 -80 -208 -214 198 202 176 -206 212 -146 225 51 109 114 -14 -69 -192 147 230 218 15 -37 -72 -201 -167 -207 -110 30 -15 143 -163 -101 60 126 24 -71 -67 138 75 -197 241 -203 -89 191 -228 226 -216 -76 -113 17 83 -242 45 3 -63 243 140 34 236 163 158 -46 -160 96 -121 185 -48 -60 -20 37 -94 -173 148 -189 128 -61 -202 44 232 -225 -166 66 31 125 193 -21 -35 151 209 210 80 -7 246 63 -82 -54 -62 -26 -143 134 -199 228 11 -172 -93 18 -18 -57 190 43 -235 -188 22 -81 65 -187 -213 -41 48 -184 -91 79 182 223 72 -196 165 -224 
TEST 3 ARG:192 -186 -138 85 20 128 2 93 136 -155 163 -174 247 -191 138 84 167 -75 76 188 -236 50 151 -56 -31 248 232 16 -69 -182 115 70 44 -107 131 89 -188 -110 15 1 -36 31 154 208 98 58 210 -26 -49 -66 -50 -44 55 -121 60 222 -243 -112 42 -195 -220 246 -237 -131 -144 117 -180 239 -42 -93 119 161 -30 -189 214 81 109 -232 -22 -140 -163 -126 142 162 172 26 -13 -142 -3 -72 59 194 126 -241 237 -245 152 -230 -219 229 65 -124 135 82 191 195 -11 228 159 186 219 182 67 -16 6 78 90 236 111 146 -127 -8 113 39 -208 17 155 -168 147 -27 108 63 204 139 97 185 7 220 -183 178 -109 169 53 144 -113 -84 -7 -102 -120 -67 153 47 -103 45 -215 190 -233 -203 148 -73 101 -100 -70 -57 -213 -122 -202 -229 12 -160 -227 -178 -78 -196 5 51 36 -153 -20 14 197 -207 32 43 -15 118 201 -62 9 -154 -135 125 227 171 249 240 -119 133 209 -133 -190 -166 -200 181 -244 -192 77 41 187 -150 -12 -235 165 -83 -18 -88 213 -162 -98 -148 198 -216 -55 149 -52 19 -14 -247 -59 -128 68 -179 -181 -38 -184 160 74 -80 103 -101 196 83 38 56 156 174 -65 -125 106 -86 73 141 176 -123 86 -201 120 -82 -47 75 52 211 -118 -114 -64 -10 107 216 145 -105 105 245 -177 -164 30 -242 -224 157 225 -171 -146 -35 242 -147 127 54 -61 -136 158 100 -41 18 -137 -58 170 -19 -81 -152 -32 164 -134 -169 -149 -221 150 -117 -87 137 -34 184 -165 -130 -90 143 235 -249 -46 34 -248 -206 -116 202 -54 94 62 -48 -170 64 193 -193 91 -104 69 179 -246 10 -210 130 13 -77 -129 -51 183 -214 -45 -111 -6 124 -199 -23 -187 87 71 -17 -106 221 79 168 226 244 102 121 -139 92 -250 -161 35 -145 -79 122 -1 -176 -209 21 -91 37 29 -167 88 203 -5 -2 -172 166 110 33 205 189 199 241 -53 24 66 11 23 -76 243 -234 -212 -39 207 177 0 99 25 -198 -228 -157 234 -108 180 -239 212 175 -24 61 -29 8 3 27 -240 -33 -96 -89 -218 -43 -71 -25 -132 -141 -85 96 230 -173 233 72 231 -231 -217 -159 116 140 -151 4 -222 -115 200 -28 95 -63 -21 104 49 -197 -225 57 -60 123 -9 46 132 -238 217 -99 218 -185 224 -156 22 206 238 -94 -211 173 134 -97 -68 40 -143 -92 80 48 129 -37 -95 223 -40 -4 -158 114 -194 112 -74 215 -205 28 -204 -226 -175 -223 
TEST 4 ARG:-115 212 -137 -123 110 -3 62 1 126 -22 -102 113 -114 79 -214 17 -60 12 -158 131 -141 211 120 46 -4 74 64 -182 213 154 122 231 16 -74 -196 -128 109 -219 -249 -110 35 -194 -13 200 141 -139 184 5 -62 -112 197 157 44 75 226 -187 26 94 -75 164 98 -2 -52 196 146 -111 232 85 161 -38 -165 38 -237 -11 210 -134 -120 -179 -70 143 111 -230 -121 102 242 179 -250 42 -28 190 -208 24 194 -204 -54 -63 22 128 -83 3 36 -103 -180 -200 -218 -64 93 -8 54 201 34 -105 -181 -143 124 53 -212 -96 -173 -242 -244 -12 -100 -92 96 -86 105 -172 -119 -176 -150 -25 -188 181 -89 -227 248 -192 -67 48 117 52 -71 -20 81 10 33 244 -18 -149 31 -207 -246 99 183 -171 -91 86 -47 223 77 -19 147 209 -186 -164 -224 -26 -84 -213 234 -248 -222 90 215 -77 -42 71 -69 -144 -167 -129 37 193 -44 221 32 160 -72 82 -151 -118 -145 -243 -203 70 -97 4 152 217 -168 -101 7 158 -33 228 169 18 39 29 -37 -185 208 57 -79 -35 9 87 187 -95 -152 151 -131 -117 -191 -245 -58 129 138 104 140 219 -6 241 -32 -53 15 -170 25 -130 -16 13 56 -108 166 50 246 144 130 227 237 -65 -34 41 -17 -217 199 233 225 -24 65 167 -124 206 176 -226 -56 -68 -57 214 69 137 125 -85 235 -193 -215 127 11 -127 -36 -90 -87 88 142 178 -113 177 245 61 60 -206 0 -125 203 -161 172 -233 -29 243 84 107 238 78 115 163 -66 -225 224 -178 -189 186 207 156 202 -48 -41 67 -135 119 83 -169 -201 -1 73 -59 170 175 218 -190 -61 -80 -221 101 -23 -223 -202 -104 63 118 -183 -235 58 -163 20 -184 150 195 -229 21 68 -30 -132 -159 -15 -51 165 -146 -232 89 -220 -211 47 240 95 112 236 162 145 -160 76 -10 -99 114 171 134 -76 230 27 45 -166 -240 28 -7 -94 155 -153 -98 -82 -241 191 -195 198 -156 -31 133 -109 132 8 -5 -126 19 -50 180 220 -138 -122 121 159 59 247 149 -45 100 -73 -247 239 106 204 -228 -236 -88 -14 185 -216 -162 -40 -157 40 -55 -174 -116 -49 14 182 -133 -175 249 2 -239 216 43 188 -155 -107 -198 -177 -78 192 135 51 123 -148 108 -205 -142 168 23 -9 -154 116 174 189 97 148 66 153 -21 -39 222 -27 103 139 -238 -43 91 -147 229 -136 -231 92 -210 -46 -93 -199 80 -209 72 49 136 173 -234 -106 -197 -81 55 205 -140 6 30 
TEST 5 ARG:127 -158 -38 -91 114 -146 -120 83 -69 -51 132 161 -44 -204 37 98 -83 -171 -28 122 -72 -106 -197 -124 46 -40 -217 135 -117 60 -134 63 -73 219 152 124 96 -97 -167 167 57 121 68 -148 62 128 106 -195 -139 -240 27 -33 -116 -224 78 196 42 79 -29 178 136 -157 -50 220 19 205 91 64 -166 153 90 -159 246 -30 -7 -155 35 217 247 242 -79 31 120 -173 55 -6 163 -238 112 -109 -19 138 -210 213 -46 -246 -245 -64 212 -43 100 -213 244 -88 61 -234 240 160 -211 38 155 -103 186 -168 -164 -179 171 29 67 109 126 133 -202 -5 18 -35 -135 77 6 58 -80 28 -184 -15 65 -9 174 -87 -65 -54 -239 -205 47 -114 -26 25 -141 -47 87 -144 197 -100 -78 -12 -131 -60 111 -31 134 -107 -192 176 -1 102 34 10 -17 72 -156 44 203 -137 101 82 -249 51 7 -2 225 39 -121 206 158 198 -136 113 -67 -58 -123 179 24 241 -70 107 -23 234 71 -86 -11 207 231 137 99 1 76 159 -61 199 -18 -227 11 -129 -222 -221 154 0 214 30 -66 8 4 -190 -27 239 -193 -99 202 145 -77 86 149 200 123 229 3 139 215 43 66 41 94 84 125 97 -225 2 -111 -56 -10 -76 -214 216 118 193 165 -147 -233 -152 230 -154 -113 48 166 -49 -209 -55 -14 130 117 -143 17 -94 249 -101 168 -219 -212 -232 192 -183 188 -181 85 183 40 -93 -160 -59 -176 105 32 59 194 12 -201 156 223 -105 -226 -37 -169 81 -34 148 -162 50 151 -229 -3 -110 -207 -16 -174 233 -95 201 119 -194 222 104 218 -108 73 142 -182 22 103 146 232 180 -62 -236 -127 -52 -185 88 -165 20 -132 -42 144 33 -180 -177 -242 53 -198 -84 -188 172 -250 -45 -4 226 -199 -140 245 -98 208 -172 13 -68 187 -133 -20 -228 141 -125 -218 177 -241 56 75 -196 -92 16 -153 -216 150 131 162 36 108 80 235 -223 -36 -96 -244 227 -187 -82 -178 -175 -119 170 49 -138 -230 -115 52 -126 -186 -63 -32 -215 -13 74 221 181 -118 191 157 -81 -243 -57 -122 -53 182 110 -39 140 173 5 -24 143 -128 116 -112 243 -102 70 -151 228 175 189 -220 238 89 -237 -235 -231 54 9 -48 -150 -145 95 -208 -191 69 -89 -8 23 115 190 -75 -189 209 204 -248 -85 -247 -104 -90 -130 -25 211 -41 -163 26 129 21 15 14 185 -200 236 224 -142 -71 -170 -74 164 45 93 -22 248 195 -161 184 237 -203 -149 169 -206 -21 92 210 147 
TEST 6 ARG:-210 225 -182 97 41 43 -151 146 123 -131 60 159 -141 37 192 -38 -153 198 -26 -28 -44 -139 -15 -89 200 101 87 80 19 -24 -97 48 205 83 193 158 38 -30 64 -142 93 147 110 127 53 14 -48 197 -152 21 34 -102 199 86 104 -33 -70 -176 -114 -143 76 90 -180 -233 -203 92 -160 -101 -145 171 140 -234 35 77 -59 -173 151 -197 67 -68 130 -246 -91 -241 39 -80 232 15 -235 228 -12 248 -34 -21 -22 -119 -109 -135 196 -149 102 -46 -185 -190 99 126 195 -111 -238 44 -83 -174 -71 88 -65 229 142 63 210 135 7 215 -204 203 -20 194 -124 226 170 55 -128 224 -175 -127 -42 -225 59 141 -16 -134 -156 96 202 -181 -11 69 186 -4 -244 118 -9 -77 -3 -231 -52 241 3 95 157 103 191 -248 51 -250 -100 153 -205 -168 61 -236 -82 160 -177 -163 230 209 -192 100 162 122 16 68 -98 9 -31 -39 26 -144 12 -187 -240 117 -216 -199 -247 150 106 236 -222 -41 -10 -64 138 231 -110 -106 187 5 208 -130 -35 10 -107 183 75 218 -166 188 -154 -73 221 -113 -191 132 220 155 98 -217 233 -202 119 -200 -245 -206 20 121 -171 243 40 66 -159 79 -116 -13 143 120 -170 -118 6 -104 -138 -220 91 134 -81 -23 247 71 -221 -66 -133 -51 179 11 -148 174 -78 -232 169 -211 -172 211 -7 -94 -147 -92 -17 180 -237 -19 -93 4 -25 246 -230 45 242 222 -40 166 -56 109 -215 -223 -61 -88 -239 -8 -189 -207 -146 1 -158 -196 94 17 234 144 23 -186 108 172 176 249 -115 178 235 -36 -228 -105 -195 52 -14 70 73 -249 -69 -95 190 107 -178 -75 57 -103 -155 227 154 18 46 27 131 -112 -229 -165 125 -47 -162 82 167 -18 33 85 42 -67 124 165 105 207 28 -123 49 -53 113 -84 137 216 -213 206 -29 -50 -32 -45 136 111 81 175 58 184 114 214 -183 -209 -137 36 164 32 237 -76 -167 213 -201 217 62 -63 65 29 -87 -5 -27 -43 115 185 168 240 149 -198 223 145 -126 212 -218 -85 -49 219 -179 25 -54 -157 -96 -79 89 -90 54 -184 -86 177 189 -219 -212 -6 -194 -140 245 -150 30 -99 -132 133 24 -242 112 161 -2 -55 72 78 116 173 -1 148 -193 22 -122 182 56 139 74 -108 -125 -117 -72 -208 47 -62 238 31 -169 2 128 -37 -58 8 -136 -164 -129 152 163 -60 201 -188 -227 -74 156 -161 50 -226 204 181 84 13 -214 244 -224 -243 129 -121 -120 239 0 -57 
TEST 7 ARG:126 71 -100 -167 -168 -70 137 44 -182 -41 32 49 -144 88 -197 60 118 -200 -64 -205 153 -106 -211 -9 -196 -237 183 100 127 -130 160 -125 241 223 -117 -166 -102 -221 94 -62 69 -151 -136 -27 54 -234 -52 -178 -23 24 -191 150 228 192 53 -132 -156 -39 -250 -219 16 120 35 108 174 -16 74 81 235 -238 12 115 -181 -24 -229 168 -20 -82 -108 -5 -223 163 -172 246 227 42 -129 -161 199 225 -226 -29 58 -177 -124 -111 143 211 165 224 5 170 -231 205 -138 130 63 138 1 197 -176 226 -90 178 193 39 -134 184 -245 -122 210 121 47 -192 -115 -198 -94 -119 240 -101 93 114 -54 -150 187 -79 -95 194 -183 -66 59 216 21 52 -170 -63 146 8 -190 -174 -47 -142 -159 -58 31 -212 -35 182 117 96 -147 -104 131 157 237 158 -188 -222 -88 175 -243 -207 176 245 -33 51 -247 -216 -123 -34 -15 78 87 -228 -248 -74 140 46 -235 -233 -133 116 167 -206 136 247 128 144 101 155 2 91 -239 107 -242 -2 30 -241 -240 -186 0 239 103 -140 -204 -146 37 181 106 -105 -180 -244 200 109 67 161 -86 -107 102 185 -50 -59 -154 -10 -246 -12 149 -155 179 134 -51 14 -18 34 -68 -57 -4 196 -61 -8 233 -92 186 -131 72 45 188 -209 135 -162 9 84 7 204 229 -143 -149 -232 43 166 105 -46 79 89 -110 201 206 222 -73 234 -76 217 -28 221 -189 68 -224 -163 -208 207 -13 -225 164 -184 243 -114 -236 133 -116 -218 129 -56 -153 -165 75 208 6 -139 -137 90 -99 -158 64 248 -141 -160 203 -80 95 132 85 -30 -203 76 124 190 215 -21 -26 171 209 -145 -91 26 -3 -120 -78 -109 -157 119 -14 86 77 -202 -127 231 -175 141 220 125 202 -148 -1 -40 218 4 -112 20 23 123 111 -128 17 -75 97 -97 -89 -69 159 177 -38 82 -87 -179 -213 -93 -185 22 -113 198 -72 -96 148 212 -53 172 156 -173 -22 -249 61 213 92 -215 56 -19 -164 25 -7 -77 -11 41 -121 73 -220 -210 -37 244 154 57 10 232 -193 122 104 -84 40 -195 65 -55 189 66 15 -6 -199 162 142 -42 98 13 18 238 191 3 -187 173 195 145 230 113 -85 -32 36 -103 -201 83 180 -43 110 -126 -71 19 -49 -81 -214 -152 -169 -227 80 -98 99 219 38 70 -17 -230 -25 -217 -45 -48 152 -31 -135 -60 112 62 139 -118 50 -65 249 55 -171 48 33 -83 147 -36 -67 27 236 -44 28 242 151 11 169 29 -194 214 
TEST 8 ARG:-176 -5 66 35 -22 -137 7 -229 242 159 14 -30 -161 -244 -231 -228 143 1 -76 123 -60 -57 147 109 6 93 -117 0 111 -88 209 -73 221 146 -35 -6 -170 52 198 82 -209 199 225 18 203 55 -204 227 58 -48 65 -56 106 85 -133 98 134 -110 10 59 19 188 -246 -136 -132 -195 185 -86 176 -18 -62 -159 37 184 187 193 -55 -160 -193 22 129 -58 73 108 172 -111 -249 -235 234 -33 -147 -250 17 -80 -196 90 -125 -191 118 44 128 201 -201 -118 166 -65 -199 127 -20 63 -91 112 34 41 190 -234 -69 -169 -19 -233 121 -94 182 97 224 -29 -151 -89 54 228 26 -17 -192 -185 -82 152 130 48 62 -108 -31 -227 145 -38 -122 149 99 231 12 51 -59 189 84 -211 -87 110 -214 162 -180 -61 -74 -143 -207 243 -157 -158 15 197 46 212 115 69 116 -205 114 -164 -4 -232 -153 -26 246 83 -186 57 218 132 -8 32 141 -162 -75 -42 -92 171 191 -64 -52 -47 92 179 196 -248 -83 -13 245 -165 9 -15 -179 36 232 -131 47 -174 137 24 91 204 -53 20 139 164 -145 -98 -239 -10 -99 140 220 -39 169 -141 -154 153 235 23 219 138 -163 -95 -150 238 207 202 -85 53 -226 64 -190 208 -213 -152 -172 43 -175 81 49 -225 28 -90 -24 -16 -27 206 117 79 -77 -101 -144 8 -203 133 -224 5 103 -142 175 -166 -139 180 167 29 155 -183 195 70 -220 -148 -230 -218 -107 38 248 -115 -44 -202 -189 -68 -103 -138 177 168 87 -67 -168 4 -32 72 -173 -128 77 230 -247 186 13 -216 -45 -40 -105 154 -11 -21 -9 249 158 -116 -79 178 68 194 -222 135 -219 205 -188 236 -23 -155 -113 239 -221 -135 -243 -28 -237 -121 21 -84 215 96 113 100 -182 213 -140 -81 -156 -197 3 -236 -25 -54 -127 240 -167 -181 45 -130 124 163 157 237 -34 95 217 -212 104 60 -129 -114 -206 56 -78 -194 210 -49 102 173 142 144 -109 151 61 -102 40 156 183 105 39 -177 94 244 -123 -66 160 148 200 -223 192 107 -112 174 78 -63 -51 233 119 131 -119 -146 120 247 216 -208 226 -187 -178 71 -96 229 170 -71 -171 -14 -12 -50 -242 16 161 -36 136 33 -215 -210 -97 50 -238 -70 75 -104 -41 -241 31 122 42 165 76 25 -198 222 -93 -126 74 88 -3 -184 -2 -43 -124 214 -1 -245 125 30 2 -72 -46 86 -217 223 -37 181 27 -120 -240 -149 -200 89 -100 150 67 -134 211 -7 241 11 126 101 80 -106 
TEST 9 ARG:95 179 -141 59 -67 192 -34 -248 139 -83 25 64 187 27 -101 -50 112 -39 0 -130 -181 30 116 -105 211 4 -157 175 45 170 62 171 -223 -127 -215 -163 230 -180 -144 -239 -46 -85 32 -138 -13 121 73 58 69 -236 65 210 -222 -121 66 60 54 206 -154 195 165 168 -228 103 -8 -103 -174 226 -21 68 83 245 41 215 63 -208 -25 -148 244 -102 -198 46 152 120 -238 -140 -201 10 -186 34 85 70 -124 19 12 -97 -234 -135 241 111 -187 154 -71 61 37 239 110 48 26 167 151 -74 5 118 142 -80 -100 -5 -125 219 -243 161 43 97 -40 1 221 -30 93 220 -62 -119 -165 72 94 -76 33 196 -226 -173 -58 -146 -64 -133 235 102 105 -16 -75 164 -212 -52 129 247 -244 212 -209 74 -3 189 21 216 126 218 -110 -152 238 -26 92 134 -93 -104 -184 188 -107 -149 224 109 89 176 49 -31 -190 -195 147 -160 202 -44 -218 -175 153 -55 155 166 -155 -126 -82 101 -2 40 -196 86 138 -245 -59 198 -191 84 -81 208 -134 127 -10 23 20 -94 228 -203 -98 -246 -158 -231 186 104 190 -49 233 -206 -242 -123 -162 98 -9 -205 38 -249 222 18 125 -232 124 -4 6 17 -61 234 181 -7 248 -137 -29 -161 -220 -214 -79 -185 -122 -166 -202 200 -213 -70 36 -172 144 -132 7 182 100 148 9 -128 184 -118 31 177 -183 -89 -66 136 -229 -167 115 217 55 -230 -22 -36 -193 -14 117 -11 237 -224 -250 180 -48 -153 35 -53 223 204 236 -211 -111 123 145 -37 150 194 -179 -35 -115 119 28 -27 3 -92 106 -57 156 209 -109 -18 232 47 122 183 225 14 81 57 113 52 -42 -194 -241 39 -210 44 -51 8 141 -63 87 169 231 -41 -72 135 -204 146 91 -60 173 -131 -235 159 82 128 67 -150 -33 53 16 163 158 -113 -219 227 -43 11 -20 108 140 -176 242 -15 29 -156 -88 -38 -207 -56 50 75 -84 -77 -114 -221 -139 -189 -197 172 -216 90 243 130 -177 -90 162 71 -32 -17 -23 -1 214 185 -168 -147 76 -28 -237 -182 51 137 -19 -129 -225 197 203 -108 56 199 -240 -54 42 114 -47 -68 -145 -65 213 -192 -6 191 249 229 2 -24 -69 201 132 -200 160 -136 -188 -159 246 240 80 99 -112 193 96 77 -247 -171 174 -78 -164 24 -217 -227 -169 143 -233 79 -143 178 -86 131 -96 -106 88 -178 -199 78 -170 -45 205 -120 -87 133 207 -12 -95 -99 22 13 -151 149 107 -116 15 -142 157 -117 -73 -91 
TEST 10 ARG:-136 -140 4 -150 -209 248 21 -182 -97 127 -200 -72 102 -42 41 -118 110 -248 -185 -22 238 -246 154 143 65 -241 233 -239 -32 99 192 -36 -242 -70 78 181 140 -46 206 105 -238 197 35 58 -226 -227 68 -67 -74 204 243 -6 -148 -187 64 -91 247 134 -157 -2 -219 202 -166 139 131 196 -224 208 -143 236 189 -232 -103 -55 -172 116 27 126 -68 122 171 117 18 115 -48 121 2 -126 43 113 82 -212 -81 -80 77 -27 114 -230 -152 123 221 234 -71 -168 -142 44 210 -58 -13 93 42 -33 71 230 -204 -49 112 239 -35 36 223 -124 -98 -63 -109 -234 -173 -190 -20 -183 -141 163 -210 -111 157 155 219 5 175 -16 28 213 183 -39 6 -64 10 -129 -202 8 -249 -90 -199 45 -186 67 146 -17 203 225 153 220 -61 -197 69 55 -177 -117 201 194 1 40 75 -235 145 198 -60 241 -52 125 -222 150 187 164 -82 -44 -110 -146 -75 -170 -217 46 -165 173 240 160 120 129 -240 -76 199 -250 89 -174 138 -193 -223 -54 -115 15 103 -28 -208 -130 249 -85 23 -116 161 -244 -86 152 227 106 222 -69 -169 86 159 -231 -198 -100 235 242 -155 -24 87 -87 -237 -21 135 -83 -179 -151 156 38 88 -189 217 -38 -194 -89 207 -47 -213 -78 -3 24 -127 70 -191 -121 -163 17 59 -233 -247 109 -144 76 -95 -128 108 124 -175 -7 95 142 232 13 128 -12 107 178 49 205 -133 -112 -104 176 182 -135 166 172 -108 60 209 97 -134 39 -171 184 -229 -93 -57 -79 -102 147 47 -30 193 -137 -105 101 245 81 228 -164 -245 177 -10 50 162 -145 165 -18 -147 -34 -59 141 151 -73 191 -181 -23 -41 212 -132 30 -236 190 14 -188 31 -159 79 -37 118 84 -50 -15 104 -122 51 -206 130 -1 111 224 98 -203 91 -40 -192 -211 229 -92 73 56 -201 -25 179 -162 53 -176 -53 -101 92 226 -215 0 11 61 218 -153 -139 -4 158 174 94 54 167 148 -123 195 37 -216 3 -84 22 -14 32 -31 -119 -196 132 66 -195 200 216 168 149 -29 -180 62 63 26 -99 80 -167 214 -94 237 83 -207 52 85 -77 186 -8 29 -131 -9 -178 12 -221 -225 -56 -43 -243 20 25 19 7 -5 -114 -218 -125 9 -156 188 74 -88 -154 33 -19 137 -66 90 -11 -160 -214 48 -138 -149 215 119 246 -96 -228 -161 -184 34 144 57 -205 133 -65 72 -120 231 -26 211 136 -113 170 -51 -220 -107 185 -62 -45 -158 16 180 244 169 96 -106 100 
TEST 11 ARG:-125 232 111 229 122 -204 -87 28 22 -221 -144 124 -162 85 156 -18 -241 -243 -29 222 -188 170 -10 68 -138 180 -89 79 75 87 91 228 182 -146 80 -142 -169 120 150 -104 201 -90 -184 -123 -187 110 -180 76 249 -84 40 67 -100 -198 56 -110 82 -178 69 -20 171 -136 177 -229 238 131 -42 -209 -58 -235 92 -248 -106 -151 -92 136 237 114 -75 -121 -143 206 161 198 -164 -137 149 -69 213 89 -201 -165 -133 -16 -168 -31 -26 -139 34 -44 -55 15 172 190 -172 -118 81 119 -240 234 -115 -238 19 164 -170 -233 -119 66 39 72 127 -43 -27 -227 147 -234 74 -150 -38 197 70 113 61 -23 -246 191 -50 71 -154 -132 183 231 -71 -239 -93 60 188 -82 -211 106 -37 -245 65 -166 -195 -34 26 -244 -152 -215 38 11 -134 202 -64 104 179 126 36 175 -39 97 -183 -212 239 194 226 -185 207 33 100 55 -197 63 -171 -218 1 165 -219 -61 45 86 -130 -156 -49 -127 -231 64 143 221 35 158 48 21 139 -141 125 -99 -62 -48 152 -65 236 -129 -80 29 146 -155 58 144 99 -21 30 -148 -68 225 51 195 169 17 -128 138 46 -108 -8 -224 134 224 -46 233 -163 216 -124 37 -158 -94 223 -6 -15 -222 -17 109 -51 103 -192 -179 -217 83 247 6 -86 -228 -236 -167 217 128 -191 -145 -111 -206 245 212 -107 -3 62 242 243 230 27 -30 -11 -242 133 199 -213 193 167 -85 -113 137 -41 -35 -126 -36 -79 -91 -9 -140 211 -88 220 -56 235 93 115 157 -203 196 -13 -199 -157 -177 200 -24 13 18 -105 47 219 117 -190 -96 142 214 227 -109 -59 -181 -175 -1 -220 -67 -74 -237 105 160 -120 -25 -247 -98 52 151 -207 218 78 121 96 -214 -7 116 -53 -149 8 -230 -2 140 101 159 -226 241 153 2 -101 -160 108 54 162 88 -66 174 -225 -122 -28 176 98 215 24 14 -63 -45 192 44 178 -22 -153 5 -72 -83 90 -57 -116 41 102 -14 -202 -5 -32 -205 -208 50 -249 209 210 -12 -232 7 135 187 -4 -131 148 32 244 16 123 -47 -97 -250 208 -189 107 -102 129 77 184 42 189 -114 181 185 94 168 130 -200 -60 -77 -103 95 -135 -173 132 -186 154 240 -196 43 204 155 246 -33 53 23 -70 -95 203 -223 9 248 141 -52 -161 -176 49 -40 20 -159 0 3 -174 163 186 -117 -193 12 -54 118 84 -112 -78 112 -76 145 -147 173 -73 166 -182 -194 205 -210 4 25 31 57 10 73 -216 -19 59 -81 
TEST 12 ARG:-192 42 9 36 -28 -19 -195 235 -154 229 122 237 -180 -69 -176 88 -35 46 -16 248 -103 -158 109 -199 153 59 -48 -72 -101 246 -4 -43 -62 209 -10 134 115 171 -58 -221 -159 191 226 65 87 -70 107 2 30 245 64 244 94 -136 228 27 -22 22 37 -74 -56 -239 35 -220 -37 -2 240 -193 -228 178 -42 45 -59 -117 -179 193 196 15 -172 192 101 66 3 112 185 -215 -104 63 -151 -249 28 -207 113 -124 135 147 -212 234 -208 76 -107 156 -139 -247 85 -222 40 200 -244 23 20 98 230 146 -64 242 -102 118 -83 -76 -241 215 -85 210 -108 -153 -91 173 104 -50 -39 -148 114 224 190 -90 -131 -173 219 -77 -125 -99 89 33 81 -3 243 79 13 -46 41 -82 -230 -191 117 -182 -216 103 -165 60 -15 177 -245 -53 -160 32 217 179 -41 -196 10 -202 -174 -63 61 70 -170 -224 126 -250 -44 143 -187 -21 11 -51 -137 -20 -201 -36 231 -143 -67 -205 -211 236 -47 247 -203 167 73 216 132 221 95 47 -198 -133 -88 -246 -31 -34 -141 213 96 -54 119 -175 -126 -119 166 -78 25 124 -66 -1 -109 -129 133 -73 12 62 -248 172 199 211 93 165 162 -223 102 0 57 -111 -206 38 -92 91 169 186 238 -194 140 183 -40 -94 80 -84 67 188 184 163 -225 -79 99 -86 52 158 -144 187 -164 -113 5 157 155 203 4 -123 225 108 106 111 26 -210 -229 139 -156 -188 159 129 7 72 -95 -45 -27 17 -130 -61 -93 148 131 170 -121 -122 24 208 18 -132 -178 58 -181 -219 212 69 -87 -138 137 14 -134 127 207 -135 -96 49 -145 19 50 142 -238 -116 -118 -112 -240 -161 -17 -217 130 -32 121 202 164 -24 -243 189 97 197 174 -38 201 -242 16 214 -98 149 44 -128 150 -177 -226 205 120 218 -213 -9 -227 -60 75 -14 -197 -23 21 68 -105 239 -29 -204 -149 -115 -214 8 77 110 -146 56 -25 176 -185 82 -8 128 180 145 -68 -6 204 -235 -167 90 -234 151 -30 -150 -218 -49 194 -18 -55 249 34 -157 -231 141 -97 84 168 116 -65 -120 -236 -5 54 -200 48 86 -100 -127 -147 -114 -110 29 161 51 223 -89 -209 138 222 154 241 152 -190 233 -232 55 53 144 -12 206 -57 195 83 -140 175 136 100 232 -183 182 71 92 1 78 220 -52 227 -169 -7 -171 74 -162 181 -189 -80 160 -142 -168 -11 39 123 6 -106 -237 198 105 125 -186 43 -71 -155 -166 -152 -13 -33 -75 31 -26 -163 -233 -184 -81 
TEST 13 ARG:86 -193 -239 -97 13 37 -120 -219 102 43 -141 54 -8 146 -162 -112 -86 183 -148 -11 6 -63 44 -182 -169 -56 193 154 14 160 -233 -202 -180 207 -147 245 212 -150 -115 247 -36 -144 -70 180 32 -194 189 -44 2 -139 179 -55 -43 94 -83 232 -108 162 26 107 -23 231 -173 -140 79 -96 208 18 -227 110 48 -171 -49 -212 -195 42 17 125 172 76 151 -85 -14 115 213 128 -243 -132 159 176 59 148 -66 50 229 -84 -21 -216 -232 -22 -110 -62 194 -101 93 -134 205 -102 119 186 156 -124 248 49 -52 11 -231 40 -6 203 -151 227 -91 -82 -3 78 175 -5 90 -248 101 -89 -237 -27 -54 -247 168 171 -37 -34 -129 -95 -50 -40 -17 -158 -109 56 -32 147 -88 134 -121 31 41 -2 91 -146 22 -138 69 68 192 -81 223 238 70 225 5 -174 -181 -79 -229 112 -68 120 -218 220 132 -246 -143 -4 163 122 29 157 -57 167 -153 16 -189 124 -33 -28 27 199 -87 -61 239 -214 7 165 38 -90 0 -7 185 -170 109 -208 228 -25 153 143 224 178 235 -80 -159 129 -15 182 -114 -117 -69 -113 20 -210 88 -135 -41 242 36 -130 216 -125 71 81 210 -16 -211 35 -167 -164 -51 -230 -20 -12 57 121 95 19 -46 -31 75 -241 -157 -156 -190 -155 97 28 241 96 77 83 85 184 -201 8 89 -145 219 149 136 -29 -78 -236 -220 127 -207 152 200 -179 63 243 -9 222 -166 237 -94 -42 108 55 -176 46 -92 -45 126 -73 -168 155 -163 -186 25 -221 99 -71 188 118 170 -107 158 240 -203 177 -126 113 -119 166 -100 -98 4 173 66 -154 -128 21 100 98 -64 -178 -122 202 198 105 141 87 103 145 -206 139 -188 195 82 84 -238 -205 116 -104 9 -137 52 -77 106 150 72 65 -183 -131 -48 137 -106 -105 161 -24 114 211 -13 -19 -38 39 190 -198 -75 -133 -60 53 -197 -103 -111 -10 204 -215 -242 92 23 24 214 -161 -72 -76 1 -244 244 -213 -136 236 -165 3 -185 138 206 -225 187 -149 215 -222 -192 -74 -118 -58 169 -53 130 -67 174 -65 -204 201 140 197 135 246 -226 -235 233 -59 -18 67 -127 -228 218 15 74 123 117 -152 144 -223 -39 -199 -224 -250 181 51 226 209 64 30 34 217 33 104 61 -26 191 -175 -200 -30 -116 -93 142 230 -177 164 -209 -249 62 -47 12 -172 -234 45 133 -142 249 10 -123 -187 73 -1 60 -240 -184 80 111 -245 131 -99 -35 58 221 234 -160 196 -196 47 -217 -191 
TEST 14 ARG:-158 4 68 29 88 -43 84 236 17 -31 212 127 206 180 -188 44 85 -214 153 -16 83 221 196 -57 126 106 -169 138 35 -143 152 227 -241 -94 -247 98 142 219 51 140 -15 97 -77 -24 -36 -242 -215 23 -6 13 -250 -12 -195 -246 -192 39 -228 -219 61 21 -133 -218 2 5 -45 -66 -201 93 -199 -177 194 107 -229 -144 -116 175 186 -54 -221 130 210 -72 184 40 -190 232 174 -210 -244 -115 -179 -34 14 202 -245 -61 188 -7 81 164 -167 237 -236 -156 243 229 -189 -168 99 -70 -240 -157 190 -81 -187 -13 148 -96 -216 171 -207 -227 158 73 178 241 -208 -47 91 116 -194 -239 226 53 103 110 -142 -150 208 168 -180 207 76 213 71 20 55 -1 70 26 228 -97 -136 216 -3 -28 -20 -110 135 -206 10 -181 -30 -230 67 230 -105 111 -224 -166 129 -130 -174 -231 176 72 12 -106 131 -148 185 -69 15 -92 -89 43 193 105 42 215 27 86 -90 -152 -173 -10 -198 -32 11 24 -101 -108 57 -99 183 151 220 -25 203 108 198 -83 141 -27 89 -123 25 18 -41 38 -140 -71 177 234 -145 1 -56 -178 -137 191 80 -23 -22 -249 231 -204 -125 222 -17 205 -62 -146 79 118 -86 37 156 114 149 -243 -107 -154 -159 31 96 -127 -212 56 -112 170 189 -91 -38 -232 -183 -191 22 125 -53 -33 -55 -238 8 146 248 -122 -59 -79 94 144 157 204 163 -76 112 173 155 -73 201 -151 -65 246 66 -78 233 -176 -124 117 90 -134 -9 211 199 -46 -149 32 -74 -93 63 -222 -235 -129 -49 -75 87 47 121 77 134 36 181 82 -117 69 -109 162 -40 192 -220 7 139 -184 -35 238 -164 -80 -165 169 214 167 62 78 -104 74 113 136 195 -37 75 109 -44 -64 -139 -52 -155 137 154 -233 -67 46 245 16 48 123 -126 30 50 100 235 166 -234 -29 115 197 225 -153 102 -162 249 182 224 -2 -100 -42 -114 -8 187 -182 -63 -147 -213 -87 -160 0 -103 -209 240 41 -202 95 -138 -39 -185 59 -186 -50 33 34 -88 -5 -196 54 217 -161 147 150 161 200 -248 6 -171 -120 -172 -84 -118 122 -225 -4 145 101 -11 179 128 -51 -21 -85 -113 -135 160 -203 242 -95 143 -18 159 -48 119 172 -131 3 60 65 -197 133 -226 -217 -26 -128 209 -19 -223 64 9 52 -121 45 -200 -102 -14 -58 -163 218 49 -82 132 120 -141 58 -98 92 -175 19 -60 -68 124 244 223 28 -111 -132 239 -237 -193 -211 -205 -119 104 165 247 -170 
TEST 15 ARG:231 -103 -234 175 -117 -133 227 -68 -91 -3 118 -217 -27 214 223 162 222 -190 236 52 90 -226 -47 151 -56 146 -247 -150 9 35 147 6 249 188 241 -159 -141 -48 -11 -35 166 -139 -123 -104 -189 -61 -14 243 108 -173 -116 -205 43 232 -110 174 -193 -144 149 113 97 234 79 61 160 228 142 -243 148 -158 -99 121 -25 54 145 111 156 36 173 -6 69 50 -33 132 18 -36 -238 75 -43 94 -214 176 -13 -225 -74 -21 100 -209 -92 4 -207 -1 -186 -109 -66 -237 -222 -132 -182 -240 164 49 91 -32 -46 -18 187 -206 242 -52 -131 235 64 134 136 143 144 -8 89 -39 -16 197 -230 32 199 157 -176 103 125 -4 159 -42 248 220 120 -70 -100 245 67 96 -143 140 -78 126 -15 -181 211 -197 -242 -235 106 -202 167 193 -142 169 -50 53 23 80 171 -84 7 39 -90 215 87 -194 -26 105 -179 -178 1 -196 3 163 206 129 137 85 183 17 -232 -28 28 93 -185 177 -101 -223 -124 70 21 139 -160 -112 -45 65 -137 -80 33 -96 40 -168 -107 185 -203 77 109 -198 -167 -169 -54 62 -51 191 -199 -94 122 -55 201 -211 -72 99 115 203 12 -88 10 47 116 -208 124 -236 -195 158 -31 -228 -59 42 212 -221 -65 -129 239 153 180 -250 -81 86 152 182 -113 114 14 110 -164 -44 63 -5 -71 133 225 20 -154 48 226 205 58 219 -210 15 31 240 -49 -166 -200 195 -233 -97 -174 83 -119 -30 150 -171 -191 13 84 -53 38 -155 186 -34 -67 -89 230 233 98 127 -24 104 184 202 128 -60 -135 -161 204 -172 -130 244 238 -224 170 -9 237 119 -114 27 -245 22 194 -163 -2 78 181 -220 138 51 -37 -126 82 55 -58 34 154 -192 -148 102 -127 -12 -136 60 -140 59 -153 -138 -249 -73 46 117 -111 0 -151 -156 207 192 101 155 -219 178 88 -106 81 229 -218 -23 71 72 208 -85 -175 107 196 66 -187 -244 112 172 -57 -145 -64 -38 -157 -69 -128 216 -201 73 -40 -121 -77 -180 -213 95 -204 16 -212 -115 -87 -170 -246 -102 141 -86 209 -98 -41 -76 218 -20 246 92 -146 -239 8 68 -108 -95 179 -63 -7 74 37 -120 5 11 123 -229 -79 -134 135 -10 -227 26 -83 -93 2 -122 221 -248 -231 29 -215 30 165 25 190 213 198 189 217 -184 247 41 -82 168 -29 -177 44 -188 161 56 -62 -241 24 224 76 -162 -149 210 130 45 -216 -22 57 200 131 -152 -147 -105 -118 -17 -75 -183 -125 -19 -165 19 
TEST 16 ARG:183 -131 85 -241 -197 162 -223 -183 -96 -15 -57 14 38 -88 -37 -218 -240 -120 117 -168 -81 -17 -102 160 192 -152 -84 124 231 -30 -173 -157 -110 18 -236 222 -212 212 -36 -90 48 -135 -171 -68 -226 51 8 40 33 43 7 -25 -140 -235 -89 -109 -237 243 83 -119 -33 213 -136 152 199 200 52 27 227 17 89 79 56 -74 -196 -225 96 -59 201 -169 34 59 -69 -62 -116 166 -187 68 169 164 106 134 1 -176 178 -210 120 -82 -108 -243 -65 123 53 -249 -78 -41 -205 -38 -58 -50 -28 -177 98 -182 -194 187 -161 72 82 -86 -106 -93 103 249 -238 112 69 114 159 -60 143 95 88 2 86 -87 234 -40 57 -123 60 36 181 204 174 150 -160 80 248 -207 -202 -24 149 232 -132 -125 -141 220 44 61 20 105 -172 -179 -16 -54 137 -134 218 186 196 -105 30 170 -77 -239 47 216 -216 182 -29 26 111 223 58 -75 -34 -233 -199 -154 203 157 -94 -129 131 158 242 194 235 62 215 -47 -150 99 -200 6 -167 224 23 228 -98 -83 -206 239 21 -20 24 93 -185 5 108 -186 -1 -246 50 -26 115 219 155 66 247 -156 -228 156 -31 0 -8 126 -244 -146 104 63 -215 144 -148 32 74 118 142 -48 147 -3 -208 -2 -188 -32 55 167 39 238 195 -79 -111 -232 127 -203 100 -122 -67 153 175 12 110 -149 172 185 -219 -18 94 229 109 184 -145 -49 75 207 -227 198 113 119 -198 -53 221 206 -230 -12 236 179 -165 132 46 217 71 -159 -46 102 180 -92 -80 141 -100 -224 -91 193 -147 -220 191 146 64 22 97 -113 -6 -63 45 29 -101 -42 -64 54 -22 -70 171 92 -85 -55 130 -9 121 -43 240 210 -245 -151 -164 136 -184 31 11 -234 -10 163 65 244 -229 -4 25 -221 87 -95 15 211 -117 -214 -155 -158 76 -118 -124 139 214 151 -121 73 -213 -127 67 241 197 148 133 128 -5 -133 77 -190 -73 -112 4 230 -72 9 -56 176 -231 -115 -138 -189 -99 -139 246 177 -52 -35 -193 10 35 101 -126 -170 -76 107 205 202 -195 168 129 -39 122 145 -201 116 -192 -45 189 -51 -97 41 173 -11 209 233 13 -61 3 -204 -7 -163 138 -71 90 37 135 165 -143 -114 -191 -13 -23 -128 188 -19 -211 -103 -144 140 -180 70 -174 -21 49 81 16 91 226 -175 -130 -248 190 -217 -242 -250 42 -44 -66 125 -137 -142 -14 -166 208 -27 84 19 -247 -162 -178 -209 161 78 245 154 225 -153 -104 -107 -181 28 -222 237 
TEST 17 ARG:121 -108 -125 -156 214 130 5 -188 -241 -218 -37 -164 -213 99 -235 245 80 96 116 -30 -244 241 -223 -66 -85 -67 -6 61 -25 201 -126 111 242 -234 91 73 -65 -21 122 -129 223 -107 -75 45 -157 3 146 50 172 178 134 -50 -195 -9 -22 0 -3 -217 -90 -17 -91 -216 -172 -77 199 -143 7 -208 -174 -189 -237 -100 137 -135 -81 187 -199 -78 -176 -175 -18 220 113 232 184 -68 -145 200 22 147 -236 183 -212 -158 -209 132 -83 -53 -239 126 -55 -101 198 105 21 -31 155 107 4 216 -169 -197 224 81 -220 237 189 -98 -28 -203 -41 230 143 140 85 102 -166 -59 -45 207 17 156 51 234 67 106 -40 -146 27 -71 -34 -4 -224 -35 -160 -115 114 -150 171 176 110 -219 164 40 -149 47 11 -60 25 -114 -70 162 8 -14 119 192 -148 174 -200 -64 -56 -88 -51 -42 -165 109 60 -163 150 -170 -233 157 -33 -87 49 -96 152 159 -248 -52 66 1 -7 194 -167 71 92 101 168 100 212 213 243 160 -185 98 -105 -103 226 57 42 82 -228 -39 170 154 -144 227 205 88 62 128 15 211 -245 -92 169 173 -36 182 -151 -61 -247 177 -49 203 181 -142 20 229 -13 -198 32 -140 -19 77 -211 248 239 -222 -215 -139 236 -76 231 -147 36 18 -201 185 -10 -136 193 -58 225 12 188 70 -86 -178 115 -84 24 63 209 -190 69 46 97 -106 54 -123 43 219 -2 240 -183 -221 30 175 59 94 -184 10 -97 14 103 -230 -15 112 44 -118 -89 179 -134 89 135 -44 104 118 86 -130 -73 202 191 149 206 -69 167 34 -111 -225 58 -192 165 -82 -207 -240 72 -186 2 -121 -138 -8 -74 148 -117 -131 161 -16 90 -54 133 217 -152 -109 141 65 -102 -12 186 -32 -79 26 145 38 9 -180 138 221 142 108 -171 190 -159 129 -229 -155 125 -232 55 -119 127 -238 -202 -24 -243 -104 151 196 -242 -181 -63 48 -194 93 -141 -161 -250 -249 -62 64 87 -206 -154 41 180 -43 246 124 -128 78 -99 -191 247 -1 83 -20 -122 19 131 -11 233 117 -29 -153 123 53 -5 -95 -47 -132 -110 195 197 -214 163 95 -124 -120 -226 -112 -227 -196 -27 -57 218 228 204 166 75 -127 158 -46 -93 120 33 -80 -246 -72 136 -231 -48 -38 35 13 244 -173 39 -113 -182 210 215 29 -133 -116 139 74 -204 -187 79 -177 -168 235 37 52 -179 208 23 -193 153 76 16 238 -162 84 31 144 -26 -94 -210 -23 68 249 -205 222 56 -137 28 6 
TEST 18 ARG:-232 146 181 -221 -41 60 -170 240 -113 -167 -72 -13 -69 79 97 -36 -11 -246 77 170 176 -89 12 -85 48 64 -49 -165 -203 130 184 89 -24 -47 -240 113 34 208 15 199 1 33 179 -187 -228 84 -93 -249 -214 110 -58 -133 -146 -208 -118 -186 190 -155 125 -40 -63 242 -244 -172 -34 -169 -54 98 72 -76 102 -78 -202 88 224 -53 -90 -136 9 -152 -201 -33 191 85 -227 81 169 193 -233 -207 -106 104 219 105 207 -121 -28 246 -150 93 42 70 -32 54 -174 168 154 -211 87 -111 -212 92 -237 59 76 171 25 -209 151 -18 -129 86 62 150 35 56 132 115 -6 -23 -52 140 165 136 -122 119 111 61 22 107 148 -96 158 204 187 68 167 166 -20 -117 161 51 -222 -178 -225 -206 223 -171 -73 -10 122 -156 82 145 31 164 -200 -25 201 -199 225 -46 -223 238 133 23 -148 -16 -57 213 226 -149 94 159 174 200 50 157 -160 -12 137 13 212 -248 -196 65 -179 134 192 -61 101 -226 44 237 247 40 196 -184 -7 -50 152 106 183 -176 -215 -210 -45 -238 100 -74 -131 -9 128 -217 -190 -159 -182 -194 -51 -39 216 120 -109 -79 30 -124 53 241 -181 -55 -162 123 -220 -183 131 45 -140 -163 -126 121 -21 -27 95 -114 214 186 -29 37 -145 211 112 91 -91 -123 -88 147 -132 -100 -101 -135 227 -192 234 -115 46 -38 172 -177 221 -166 -42 -103 29 220 163 36 20 -56 -195 142 -198 -125 -62 78 178 -43 222 206 39 -67 -112 99 -70 -137 135 -138 239 -108 -197 233 -4 83 -104 -245 17 47 -5 -84 143 -191 0 -87 52 218 -17 243 230 -80 -234 96 -185 197 129 21 108 209 109 -92 231 -81 228 38 43 -128 -110 2 67 -239 -139 -83 -94 -157 -60 245 203 -31 5 27 -35 198 -229 -204 -107 11 -218 -242 -213 -65 149 188 -26 153 63 155 -3 -120 66 124 -164 -151 -116 -224 6 8 -158 138 173 -130 -193 118 28 -68 -189 -66 229 -180 71 32 -98 -30 69 244 58 141 248 -99 -161 -75 7 -175 -168 232 -205 73 90 -86 24 16 19 -142 -97 -241 249 -1 215 -82 80 175 -119 195 182 217 4 41 126 -173 -216 177 -2 202 189 -105 117 57 18 -153 75 26 139 -154 127 -143 -127 14 144 74 235 -14 -141 156 116 55 -19 3 -48 49 10 236 -77 185 -134 -188 180 -15 -247 114 -64 -22 -235 -219 -236 -250 -95 -243 -59 160 -144 -37 -231 210 -44 162 103 -8 -102 -230 194 -71 -147 205 
TEST 19 ARG:-165 -78 -15 -14 -175 -110 -85 64 -16 188 -6 137 3 -4 -74 8 59 -240 160 -121 244 239 105 38 34 202 -55 157 173 -69 -23 133 144 -92 73 -242 -203 -207 98 -40 20 119 -142 238 -131 -91 123 68 -65 70 -238 246 -223 -122 171 76 -30 -151 -191 -10 4 154 -135 -46 -26 150 -5 -33 187 92 199 180 14 -116 5 -106 -38 46 41 -49 -90 42 -241 -214 44 -164 141 -37 -31 -134 228 -147 -84 139 75 124 43 -183 -25 -149 245 103 -199 -204 -195 159 -212 131 -29 217 -217 220 48 -208 243 213 12 -185 189 -215 -209 121 66 -36 -226 -225 96 -236 186 163 179 -100 -139 -44 -104 240 -219 -45 116 -181 -249 -47 112 84 15 -128 67 -202 -136 -112 81 214 -60 233 196 -205 190 -86 -197 153 13 -97 183 -180 237 -59 6 7 -250 -96 235 -246 -48 -187 -167 40 -140 115 110 69 -133 -132 -67 241 61 -178 143 165 24 185 -66 97 -222 -127 191 242 60 118 152 -70 89 11 91 -126 -141 215 50 -21 147 193 128 109 -190 17 -224 -146 148 104 232 -56 -193 -76 -179 167 -103 120 197 -108 -244 58 -102 -233 127 -99 72 -176 231 166 -88 -138 174 -186 -28 -160 106 16 247 -8 23 178 -27 -58 -41 -210 205 227 -87 95 122 209 -80 31 -39 212 -144 -62 -157 -61 86 -101 192 -155 207 168 -20 -245 -239 -177 -119 -227 158 -158 125 -192 -13 -24 -109 169 -235 19 -54 -53 -79 49 225 37 36 94 -159 -22 181 -51 164 -218 134 -124 -174 -93 35 -7 54 -161 9 -129 130 198 -113 -169 47 172 30 -198 222 -57 194 -64 -153 -211 249 -111 -232 -156 27 -52 56 230 146 2 18 -73 -152 71 -118 -206 -248 65 -247 -130 29 -230 184 -120 132 87 -162 -188 -237 -77 -18 32 -115 78 -137 -234 85 -213 -220 -89 102 145 -95 -184 248 156 -17 -148 80 206 -75 28 -172 129 138 200 142 -32 -81 236 62 93 -229 79 100 -1 55 111 -11 21 -114 88 177 -43 176 25 -35 -163 51 -173 -82 -243 -2 182 -216 33 226 107 -145 -94 52 -182 -170 149 74 203 -12 77 -83 201 211 57 0 229 -68 151 10 155 -98 -231 224 -201 -72 -228 -9 -63 204 223 221 82 39 45 -154 -71 234 -19 -143 210 -107 101 -50 -171 -105 126 208 216 22 -189 162 -42 26 161 113 136 -200 117 -166 195 99 175 -194 108 1 63 218 170 114 -3 83 -34 219 -168 -196 135 -123 53 -117 -150 90 -221 140 -125 
TEST 20 ARG:97 212 -168 219 145 -83 -191 193 18 -199 152 16 228 72 -4 36 -202 47 190 -126 243 179 -153 -222 23 -86 -85 142 -174 164 -116 -243 247 -194 -87 -12 71 220 8 107 -121 -157 122 178 144 -146 184 218 -110 232 183 -80 202 -125 -105 -178 125 -65 -228 163 130 138 -198 237 -181 -167 -149 -51 -139 49 35 30 114 131 216 1 68 239 -39 236 128 -58 -216 -113 64 50 -17 55 -188 -183 -27 199 85 -237 -231 -22 -8 -5 -226 105 210 201 -184 -47 -114 -67 -77 104 162 175 -49 -201 -240 -171 209 233 -204 -37 -144 141 -196 -19 -246 -28 33 -224 54 14 11 -108 -154 -1 -189 149 -190 -238 52 95 205 222 -73 76 124 181 -99 -32 -180 155 249 215 -142 -176 129 40 -165 217 231 -162 137 -187 244 -60 242 -239 -209 238 -74 -208 2 98 161 -130 12 44 89 126 173 -43 110 34 63 0 42 91 26 -221 48 224 -34 -200 96 -69 -44 196 25 51 -212 225 99 133 -185 204 -71 159 -136 69 -91 -97 -42 -3 -213 -195 -164 186 31 22 -235 53 83 195 -115 245 -75 84 241 176 -227 4 180 37 167 213 88 -16 203 -143 109 -38 -158 206 20 -225 168 -193 -133 82 127 -169 -107 198 -21 -236 78 77 -26 -129 21 -163 -241 -137 -18 123 157 -249 171 134 -90 227 -95 -166 -170 170 5 66 -123 -50 -197 182 116 -206 75 -242 39 118 92 -81 -111 10 208 56 -161 185 94 62 -54 -35 -138 132 -59 -15 -112 29 102 192 153 -94 -182 -41 -148 248 -151 135 119 -207 58 207 93 101 -25 -62 -233 -230 -79 -29 -211 230 -122 -160 87 -82 -57 234 -40 120 117 187 73 27 113 -145 -103 -186 -118 -23 -132 151 -101 60 38 -104 -2 90 28 -159 -244 156 70 -48 -218 -177 -156 15 -248 -179 6 147 148 -210 -223 214 57 -56 143 -78 -106 -172 172 -134 -100 -30 -31 150 146 -72 19 177 -84 -45 -92 235 -128 140 13 -215 7 226 80 211 -140 -7 -11 81 61 -9 -141 -247 -220 43 -175 -250 221 -229 -155 -152 -109 -64 -20 -135 32 121 -55 197 -88 -13 160 136 -234 67 -119 -33 -214 9 -98 108 194 -232 139 191 -66 -93 -6 -76 154 3 86 189 115 79 65 -205 -10 -147 -217 -245 41 46 -102 -192 -89 111 24 188 17 -36 103 -127 158 240 -117 229 165 -68 -46 59 -203 200 169 -14 174 112 -24 100 223 -120 -61 45 74 -63 -219 -150 166 -131 106 -70 -53 246 -173 -96 -52 -124 
TEST 21 ARG:166 37 -13 180 -110 -159 -5 -194 -52 -108 -81 208 -56 -33 54 47 -204 -57 23 19 200 64 -239 219 -104 -101 107 118 -234 -153 -45 197 21 164 -85 5 -179 -238 80 -116 3 -247 213 -93 234 -227 173 -94 -55 60 -195 248 -6 -217 217 192 108 -164 -221 241 135 -63 81 83 -142 -212 -245 -235 76 -176 -209 -58 26 178 97 -62 -32 2 -182 -149 6 -51 236 233 -228 109 -138 -24 -103 -175 -134 126 -184 -161 -167 -135 -215 -71 -80 -76 131 51 157 127 163 -42 34 -90 156 244 -214 -222 -118 -117 -162 16 162 220 49 -126 -15 -173 242 31 176 -107 -14 89 -82 225 -146 18 67 154 -36 124 -69 35 240 216 -180 170 168 212 41 -250 25 -47 -157 227 -131 61 147 -201 -231 -133 98 185 28 -86 -141 -4 195 -98 -189 111 100 -25 -203 139 48 74 204 159 187 -218 -125 -88 7 155 228 -197 -129 145 -191 -240 95 -243 193 -112 230 -148 -183 -73 -123 10 -229 -64 50 43 -199 58 146 -111 161 191 33 177 -192 82 -237 66 -120 226 125 137 120 -16 243 -31 160 -119 -140 -46 -154 -151 -115 209 -136 129 -122 -121 -12 38 -102 92 -130 198 24 15 -19 -44 112 36 42 117 13 -97 101 215 -144 148 102 -96 -39 -160 169 -72 -83 96 63 -10 -187 -28 134 136 -7 -139 -43 201 -50 -105 -168 172 210 -174 237 -198 184 190 -150 -3 55 -113 238 -220 -84 -78 -166 30 52 44 -190 -21 199 175 27 -210 158 -87 -219 179 -226 0 224 -181 -223 -114 -106 -65 17 -233 -147 -49 218 -61 88 150 165 152 181 -193 68 -54 -155 -169 90 -185 9 194 20 -124 72 -128 247 65 249 75 203 11 116 239 223 29 -18 140 -67 -59 71 -11 94 -109 -74 -188 182 110 207 14 79 -79 -241 -27 167 104 205 56 -225 128 -66 235 45 -244 -196 141 8 121 -246 245 53 -242 221 4 -213 93 123 -26 -29 -170 -77 196 -100 -92 -230 222 149 73 78 59 99 130 -171 174 -156 -177 151 202 -89 32 113 -205 -202 39 91 114 22 -8 -38 -37 -208 142 -163 -186 -200 -143 -224 214 -127 -206 -60 57 -99 -232 105 232 46 132 -20 153 -249 70 1 -178 -48 138 -41 189 69 229 246 -2 144 143 231 -145 -207 87 -23 119 106 -216 183 -236 -17 -95 -68 -75 -53 115 -211 122 85 -137 -158 84 133 211 171 12 -22 -70 -9 -40 77 -248 206 186 -91 -165 -132 188 -30 40 103 -35 -34 86 -172 -1 62 -152 
TEST 22 ARG:-61 115 -176 -12 -229 -160 -65 -178 126 -77 13 74 -216 -59 -3 222 188 128 -71 -34 -37 59 124 239 225 -245 71 166 -53 141 -196 192 -165 171 -207 155 -212 -191 243 -110 244 -225 48 55 24 -123 104 183 158 77 26 79 45 -228 146 -17 -206 -181 -197 139 -20 -169 94 -98 53 -180 9 -121 -192 -13 -75 -105 -79 -124 -24 63 -171 -183 -83 -162 22 154 5 103 95 220 143 58 116 -2 -18 -45 -201 -1 -126 -50 -220 122 215 -247 -156 -128 152 176 84 82 41 -85 -51 181 156 -25 86 113 187 -232 -150 -188 145 125 189 190 -195 -224 -93 -16 -101 17 70 198 -31 -82 -33 199 68 80 140 233 130 208 105 8 4 -63 -173 -6 -131 114 231 -194 179 57 -152 195 97 110 -146 -69 42 -15 213 -7 -227 -136 31 -30 194 118 -210 -248 -38 -158 -213 127 -22 -88 133 -29 -19 -175 -239 196 144 96 -217 -241 89 -190 102 -174 180 -179 209 -114 -91 173 203 75 -81 -238 217 36 -137 -27 14 -153 52 60 69 -234 98 19 34 43 163 -141 111 -5 27 -41 -119 -222 66 -249 246 -14 -84 240 221 -26 -242 -115 39 -161 136 -144 25 -62 0 -209 85 -199 -198 -221 -112 131 -32 -28 -246 -10 -189 -113 148 117 -68 -86 -9 21 -204 120 65 -168 15 135 -106 -250 147 -139 33 -214 35 -244 -170 109 -164 123 -76 -66 -99 -159 202 72 46 44 247 249 -135 -230 -149 -23 23 -87 160 -107 -142 -103 51 175 -80 230 182 206 204 -127 -155 32 -118 -187 232 -133 -223 -193 -36 -182 78 -64 112 167 81 168 169 -44 129 -166 -236 30 -21 -134 197 -143 -116 193 -226 -92 -120 137 -140 -231 226 211 223 237 6 172 159 -8 -186 150 191 205 106 -47 -167 138 -100 -215 18 178 -138 -39 -49 -96 -151 235 162 10 54 -97 93 -56 -125 -233 157 -48 -154 -57 -219 119 245 -52 185 29 61 50 -67 28 210 -157 164 248 149 -148 11 -78 -90 219 -111 56 16 -237 -72 -108 -177 153 -104 -218 -208 -129 -46 -95 7 228 101 -132 87 -109 107 12 92 242 -122 174 67 170 -172 38 216 207 -70 200 -202 -200 -147 229 88 -58 47 -94 3 241 2 -40 121 73 40 186 134 -35 236 108 -235 -203 -240 90 132 -60 100 224 -130 62 214 -89 151 -145 201 212 234 64 -184 -163 177 1 -205 -185 -73 83 184 -4 227 161 218 165 -117 142 -43 76 -102 -42 -211 -11 -74 -243 -54 49 20 91 238 37 99 -55 
TEST 23 ARG:-127 -194 -124 19 231 215 133 -40 48 223 77 29 227 164 8 -169 9 38 110 182 124 -170 172 -50 -116 83 -229 112 -106 107 -128 -13 10 -197 37 0 -196 101 176 126 88 71 -78 -233 72 -45 207 -152 -73 119 -115 -240 104 25 212 -204 -99 35 219 100 -223 85 -177 153 -126 205 228 198 -109 -187 -158 7 15 5 -224 -140 197 166 -150 239 -231 45 -12 -175 -2 -222 87 -172 -8 -249 70 224 123 78 -29 154 221 157 -71 -189 -137 118 184 -3 -166 -179 -14 147 94 -74 145 135 -131 -63 -218 111 -84 39 -86 -52 122 -31 -199 217 202 144 -89 -182 -1 -25 -70 141 -17 -9 160 -195 -141 246 -146 -67 -120 28 -81 139 -213 52 -168 234 -226 149 -135 81 102 245 237 -129 -190 63 143 193 243 57 248 146 125 23 218 -134 116 -203 -110 -178 -98 114 191 3 75 59 82 206 151 -210 103 -143 -58 89 -30 -246 -202 -49 55 -64 21 190 179 -186 159 162 -93 163 -41 -24 180 -183 -188 187 194 -201 -95 129 -234 -123 -22 -215 -100 175 -53 -236 -107 51 233 -220 -32 -132 -238 -102 181 66 137 -227 -79 -37 117 -44 -46 -23 -43 42 -153 -10 -208 -33 97 -211 -241 -157 -138 -62 73 152 156 -11 -159 115 241 -75 -87 30 -216 -85 136 232 93 91 161 225 -250 -155 56 165 16 -96 -57 -42 -26 -54 -232 -145 -21 142 13 -176 236 -38 -181 -192 226 -245 -165 62 186 -248 213 -19 -6 14 43 185 -18 229 235 -121 -206 -15 132 -112 -97 61 -66 -136 17 -27 -113 -200 26 -247 -4 -180 47 -48 201 -94 168 189 120 41 20 46 -34 -65 -209 177 18 -217 -171 -68 134 -69 167 178 -147 65 242 -103 -133 -149 222 220 -47 -160 216 -125 53 -82 170 199 -104 99 -173 -139 -207 240 67 96 36 -119 -105 -60 106 -185 80 -72 -198 -7 150 -144 24 208 244 -39 2 140 -77 -154 -162 131 -5 -90 22 92 -56 -193 -118 11 113 -243 -114 105 6 69 -83 -161 -237 -167 95 -20 12 108 -219 31 -76 -51 -205 -55 127 34 -59 -225 64 -151 -212 54 -101 -142 -61 50 138 98 -88 90 183 33 -239 171 -228 155 -108 76 196 158 230 130 210 -35 86 174 249 173 4 192 68 -163 84 -28 74 -184 121 -36 -242 27 1 -230 211 -122 -111 195 -16 109 79 209 -164 -244 128 214 -221 44 -191 148 169 -235 200 -92 238 -91 203 -214 -130 49 40 188 -156 32 60 58 -174 204 -117 -80 -148 247 
TEST 24 ARG:-148 -131 -52 -61 87 -23 244 -244 72 -158 217 7 -201 165 -169 -173 243 -120 41 -72 -163 226 29 227 79 0 148 -133 -82 38 182 -167 102 -168 199 -242 -81 -199 246 213 117 -248 -145 8 -9 238 52 -154 -142 -125 -1 -54 137 151 -221 202 92 -75 84 -11 45 -203 -42 -200 27 -18 122 230 153 129 180 6 -84 -85 -28 -187 109 74 111 54 -94 221 178 59 -13 108 -122 173 104 -178 75 188 -240 126 241 -66 -64 -90 149 132 -183 -186 136 -147 -205 -185 1 159 185 -96 -189 105 -114 206 240 -39 -51 -157 -16 67 -209 -228 -130 154 -21 -45 101 223 -190 60 -17 -99 197 191 212 62 -87 162 157 78 91 -124 22 11 -93 -197 147 2 218 187 -188 -105 -78 -70 -241 184 -175 -162 -150 55 -4 -55 86 -136 248 73 -103 183 -102 135 119 -80 -141 18 169 9 -15 -227 113 215 93 -177 166 134 -166 -76 -176 -211 -212 139 -104 146 195 50 24 31 13 204 35 -236 -113 150 -20 121 -126 -22 -180 -44 63 14 100 207 205 -8 179 61 168 -220 -155 -137 82 160 77 30 123 -146 -164 193 94 -198 -38 -25 -69 -140 -91 33 20 -116 -250 68 -6 249 42 174 66 -247 -214 4 143 -239 232 -231 -47 97 -59 -204 -181 34 -129 -95 65 -33 -106 189 103 163 57 186 -65 -101 -92 90 222 -36 164 -77 128 -224 181 -161 -29 5 -32 167 -152 -192 -41 -49 234 -160 -43 15 236 -34 -165 -7 98 198 -139 -233 152 43 -237 80 -118 26 216 156 -35 -213 -110 242 -144 -79 19 -71 116 -83 192 225 -27 -219 -208 44 71 124 228 -97 -235 170 133 -215 64 17 -121 -112 -202 -68 39 -2 53 -132 106 175 25 -230 37 -170 196 -98 158 171 172 83 -135 107 -26 -193 -73 -60 -109 -195 70 -115 -100 -138 -223 58 36 85 40 -179 -48 -108 -191 56 -234 194 -207 -119 177 131 -88 48 -206 -58 229 -159 203 -217 -151 -10 -127 -249 -50 23 3 -210 142 16 235 -89 95 -24 -182 47 -12 219 -134 -156 49 130 208 -243 233 -222 237 155 176 21 -74 76 -3 -5 -14 220 161 211 144 81 69 -128 -56 190 114 89 -31 -218 141 120 115 -246 -86 118 -216 247 -184 231 -107 -63 88 99 140 -174 224 -226 -37 -229 -67 -111 138 10 145 -238 12 209 51 239 96 245 -62 32 -117 127 -123 -171 -194 214 -53 201 -143 112 110 210 -153 -40 -46 -245 -149 -196 -57 -19 -172 -225 -232 -30 46 200 125 28 
TEST 25 ARG:-235 -245 125 48 204 162 -171 50 -116 84 -209 -15 -24 -49 -207 19 -203 -98 -78 133 106 59 -37 -114 -63 109 220 -201 -30 184 213 -106 -153 197 -165 -45 177 -188 51 242 -248 -26 -177 -231 -135 -14 199 -239 67 210 -57 -219 -130 -86 7 88 -66 30 -60 -34 -160 107 139 167 -68 -73 -67 147 -76 -117 -69 -84 -112 185 -169 -89 -229 89 148 131 -236 -175 168 -179 -13 -139 -104 -81 -200 203 129 61 -193 -5 -39 -91 -107 -226 119 -100 39 225 234 69 230 -123 21 224 140 -204 13 -142 -70 124 -1 191 11 87 -198 -53 82 248 193 149 -211 32 76 35 -94 -157 232 -62 -221 -17 -189 -246 -145 231 -56 -75 -186 226 236 31 -2 40 195 201 -206 132 -92 75 56 112 -148 -131 73 196 36 -192 96 246 118 -150 -181 -141 -242 -11 164 -163 115 -185 57 238 176 -87 -61 -144 -176 -240 160 -143 -119 -110 198 -184 -159 -97 -90 -237 -182 74 -154 -27 -19 -125 23 245 43 144 -220 -103 -244 -4 110 229 99 -48 -178 -54 244 171 -77 -151 -158 161 152 214 -122 26 126 -12 -95 44 52 -127 -44 -129 -72 9 235 145 -16 14 54 63 -195 -8 -40 5 -41 70 194 165 22 209 128 -232 -82 -36 -55 -223 34 -230 -218 -227 -18 -93 116 -109 227 79 93 123 -46 62 -115 25 -35 -247 47 72 81 -208 156 -31 -243 237 181 134 -250 -101 -113 188 -168 98 8 24 3 66 243 68 55 -234 -187 113 -47 249 104 117 138 -180 -21 16 -214 -138 -224 159 -140 247 45 -124 1 137 233 172 -156 192 218 127 86 -225 -199 -83 97 -74 -121 215 2 -167 -59 -137 228 18 212 -10 183 -64 91 12 -126 190 -120 173 -38 178 135 -196 -9 -233 -191 -32 27 187 64 182 -51 92 -146 -166 105 240 186 29 -52 130 -102 -173 -172 122 33 -202 -152 80 205 103 -50 158 175 239 10 15 -190 189 38 -174 -71 216 207 17 -105 -3 -58 41 78 143 95 223 120 142 180 -136 219 141 -28 -111 150 60 166 101 217 20 -29 -134 153 -20 83 155 102 200 -25 -215 -65 146 -216 206 -42 -249 -222 58 157 -161 221 37 211 169 -170 -238 136 111 222 -118 -212 -96 -194 77 163 -23 -108 208 -205 108 241 -6 49 65 53 85 -197 -128 -99 -88 -7 46 71 151 -132 154 -43 -213 -162 114 -22 28 -79 94 -164 -217 -241 6 -33 -183 121 174 42 90 -149 -155 4 -85 0 -147 -228 -133 -80 100 170 -210 202 179 
TEST 26 ARG:-121 233 -103 -101 33 75 190 -89 -107 -189 108 -65 95 -117 -27 -131 -206 61 80 -231 106 210 -250 -237 -109 24 -105 122 99 211 -13 -232 -185 147 -88 -192 -25 -147 217 178 169 224 -223 -221 205 -224 -234 -59 91 -28 -50 -31 109 72 -170 185 -48 166 -71 -93 -17 -72 -245 150 -134 90 -32 -197 -230 -79 227 212 -9 -18 198 -188 78 17 187 -139 -29 176 -125 -83 70 -38 62 207 -12 65 -181 54 -86 -151 194 -187 16 -73 139 -212 186 213 -37 -235 149 246 -22 238 -54 2 -113 -211 92 157 148 18 120 -229 175 -4 -6 -218 143 220 -19 -219 -16 -47 -55 -222 158 -104 103 96 -239 37 47 156 -217 130 165 -247 -56 -169 -108 -90 88 -167 12 223 -80 114 -158 -15 1 199 249 144 29 -173 -183 170 -111 236 -14 -145 -154 3 93 -226 102 31 -195 -10 -77 -200 -242 -196 -34 -75 -177 -216 229 38 -161 -209 -162 146 189 -129 127 -62 110 51 -61 -41 -214 15 -46 -69 173 -33 30 136 8 -123 -168 -160 -163 -238 98 -122 -190 13 -52 101 179 -64 85 77 -40 161 197 221 145 -51 235 -208 -244 -95 140 -132 26 232 -8 27 115 53 245 -135 191 138 188 167 42 -43 -44 73 216 -76 -144 -205 52 135 -236 137 21 -159 -141 -157 201 172 121 -143 58 -180 -119 -45 -138 215 82 48 22 -112 -202 134 104 119 -99 28 118 -5 202 -3 -106 14 -124 203 -148 248 -94 -67 -98 -186 171 141 63 -96 49 128 204 -213 -228 34 180 -142 74 154 -175 -165 66 7 159 -176 192 153 -53 -199 117 126 -215 -100 -128 86 81 -81 94 174 4 -58 -120 -136 5 240 162 46 9 -20 116 -243 -26 132 87 -156 -201 208 -172 60 151 -137 218 -191 -140 226 195 83 -66 237 -127 -178 112 -1 -97 -164 41 -227 39 -68 45 69 -49 -225 239 -42 20 243 231 133 -152 -249 113 214 40 -241 -23 -118 -174 -246 168 36 219 -150 -110 222 56 241 142 11 35 43 -248 247 -11 67 -220 10 -210 0 181 89 -36 -146 193 55 -92 -102 -2 -153 76 124 -171 -240 105 -166 183 196 -87 225 19 79 -35 -194 131 -155 163 -179 100 -204 97 -70 25 -24 -30 -63 44 129 177 184 230 -39 -233 -21 -193 111 -133 -184 -91 59 71 -78 50 123 32 -82 -115 242 164 -60 84 -203 -74 209 -207 6 -116 -85 182 -126 107 -84 -182 64 23 152 -130 -149 -198 234 68 206 155 -7 228 244 -114 125 57 160 200 -57 
TEST 27 ARG:-138 -58 -147 224 139 -97 -101 -159 116 166 -163 63 12 -128 135 181 168 50 77 -185 153 122 -11 -169 156 -25 -63 -248 56 4 -221 -66 95 -211 24 -117 -124 43 -153 149 -230 212 144 39 -88 9 -32 48 248 211 -135 -98 -154 -236 239 -136 -224 96 -65 -131 19 147 142 180 109 130 -226 108 172 -43 -1 31 150 -15 51 171 249 184 -16 145 5 -217 -191 -143 82 -35 201 93 157 44 8 0 -57 62 -204 -165 234 90 -83 197 88 -189 143 64 -182 -174 68 -91 207 -243 214 -160 -158 45 -90 76 158 185 -173 -200 -231 -192 79 -113 -77 -205 -86 74 18 -183 -245 -115 52 21 -95 146 183 -227 -75 -33 -87 131 -219 -129 -208 -210 -51 227 -199 78 59 152 -14 -71 129 94 178 -12 -47 -52 60 -108 -94 -120 110 -28 187 99 238 55 -60 -5 28 -93 -20 98 -110 137 70 243 -194 -190 223 113 119 225 92 -166 -19 -162 -237 13 -241 235 86 49 127 33 230 182 7 69 198 -213 -218 242 -40 -74 -30 -89 72 -61 236 213 202 -73 -145 25 107 20 -39 -202 -141 71 -235 240 210 66 -168 -62 -250 233 -223 -7 26 209 -4 121 100 -42 -17 203 105 53 11 81 -38 -220 -116 192 -41 -232 114 -188 89 154 -184 17 125 176 -102 247 -24 57 148 -149 34 -3 -70 177 -119 83 -242 -249 -150 36 -54 -240 -21 -121 -239 87 -26 30 14 -187 218 -176 199 215 175 -106 -216 -157 -198 -49 174 115 106 -80 244 38 -238 165 -72 -29 -13 219 162 41 -123 204 112 -164 -53 167 -137 245 -85 -44 -206 91 220 -142 -96 32 -247 -9 -127 222 -214 134 -122 -112 102 22 -144 -111 163 -222 103 3 -23 117 -246 -203 -146 -76 186 -46 -22 -118 -178 -56 -225 23 -207 47 -161 196 231 170 73 -99 -27 191 -31 16 -68 -37 155 -175 -130 124 123 -229 226 -34 -172 61 -151 -177 -139 208 151 10 -196 228 85 138 141 -105 -133 -107 -79 -67 -209 46 -140 111 195 -186 -179 40 -193 232 221 -155 1 -45 159 -78 -48 173 206 -195 54 -2 216 -100 -212 118 160 136 179 -82 120 27 229 15 -6 6 -69 194 205 97 217 132 -132 200 -197 -109 58 -103 140 -55 -215 -181 -167 190 241 -148 -18 237 -244 -234 -152 29 42 65 75 -92 104 -59 -156 189 -10 -228 164 169 -171 -104 -170 37 -36 -114 -180 -81 -8 -126 128 246 80 -125 2 161 188 133 84 35 101 -134 -84 -50 -233 193 -64 -201 67 126 
TEST 28 ARG:49 206 66 94 42 -224 13 -195 -197 -121 99 -39 -238 -244 188 12 -57 -27 180 -202 -40 -223 -194 194 -139 141 65 -75 -188 -154 -60 -199 -201 -145 207 245 -47 240 148 166 -190 105 -210 76 109 68 -15 -230 220 -226 -106 -56 -148 236 78 -240 181 -77 -101 -61 -73 170 -46 57 26 -113 215 -125 -82 -124 27 5 -151 -156 -7 -4 172 21 52 20 -54 74 -132 -20 -36 80 -78 -81 -237 173 111 120 -35 -107 -134 -164 36 15 77 -123 -3 -5 -150 155 242 125 -8 -122 -42 -143 210 -126 176 -33 75 -239 31 -168 217 -118 88 171 -92 230 116 98 14 156 -189 -144 -14 -215 -17 -203 -163 54 73 58 -114 246 -243 -161 -220 -242 -26 -1 219 69 106 212 2 129 234 -93 158 -59 90 185 209 87 17 -219 162 239 -50 -209 161 182 -116 -94 -133 67 183 -32 -167 248 121 -250 -141 213 -65 -152 177 -108 179 -115 70 -28 59 -51 118 235 -200 -13 -218 -88 64 89 108 56 -87 45 -24 63 222 145 238 214 225 -84 -85 205 -184 133 211 8 216 249 -137 -99 165 37 -66 117 -16 -185 -112 -9 33 -229 -30 -68 232 -117 -100 -72 -221 -214 -29 -231 11 -205 113 -227 123 -10 16 -170 169 190 -182 -158 44 48 102 203 159 130 19 -23 82 167 -22 71 -176 -174 114 6 91 -187 -212 136 -191 24 -48 -186 191 22 28 223 4 119 -98 204 -86 -234 226 -52 -171 95 195 -142 -155 -193 -102 -135 -105 154 -138 -153 -83 -2 -58 139 -38 229 -232 -128 -217 -166 60 -80 -43 23 163 -109 -130 -196 -70 192 -213 193 -89 124 -235 84 3 137 -204 198 -169 32 -198 -216 127 100 174 101 -63 -165 35 61 186 29 -136 164 103 197 150 72 -247 201 -119 149 9 -12 146 142 -97 -129 40 -110 -149 -71 -248 -21 -228 131 -236 -91 237 247 199 -44 228 25 208 97 122 83 53 62 85 -192 -31 -146 152 128 -180 -225 200 144 18 -159 107 168 221 0 187 -246 -37 134 -41 39 -25 -104 -90 132 218 -233 231 30 -79 79 112 184 189 -177 157 -175 -179 110 -245 55 -222 -120 -74 151 -208 196 -96 -249 -147 41 138 93 115 202 -160 -49 -178 -34 -69 -95 -76 -103 47 7 38 243 -211 -172 -140 -18 135 -64 -19 -207 -131 140 81 -157 233 43 175 86 -6 1 34 -111 227 50 -67 -45 160 -173 -127 92 -11 241 -53 51 -55 -206 126 244 147 143 96 10 -181 178 46 224 -183 104 -162 -62 -241 153 
TEST 29 ARG:17 -54 76 -238 66 -37 235 -92 47 84 -56 -49 -84 -30 230 -226 191 26 142 -1 117 -158 171 135 -79 5 -147 128 234 -87 154 35 237 -180 172 -44 -198 221 85 -201 -96 -188 -135 11 -119 182 -126 -71 -187 -206 44 -181 -53 63 -18 145 56 198 104 52 201 -138 217 -31 -155 -38 10 -78 -142 -33 -213 -173 -220 134 186 -88 -185 -150 -15 -189 -116 -46 -233 33 -22 -11 -20 74 -195 -216 -177 96 247 97 245 -203 147 -219 -63 -246 107 13 199 60 -245 -148 4 125 -183 -47 -217 -154 -110 -4 233 238 -191 -105 -113 -146 -159 -196 48 31 218 23 89 -207 -204 -51 203 0 -85 36 62 -139 249 -59 -243 122 -57 146 -72 -7 202 -58 176 -19 53 -133 -40 170 -111 45 -172 68 -100 -74 -90 -124 24 -128 21 86 123 180 -122 179 -29 79 -227 -50 -16 159 222 -248 150 -112 168 81 -8 228 137 -240 -167 -45 111 219 -3 156 54 -190 16 -114 -26 116 9 101 -144 -214 115 72 77 71 -125 -205 -62 114 160 90 -228 -192 216 6 34 -120 243 215 124 30 187 -65 193 190 -129 -182 200 -134 -237 -42 -36 22 -165 -25 197 -12 196 183 225 -169 185 -32 121 49 -60 32 161 -97 -153 -27 51 -241 -222 70 8 -171 223 -67 166 189 -143 -101 -218 184 -66 -202 -164 209 -35 148 109 224 -107 118 -81 -232 112 120 -24 131 177 58 174 138 -10 -99 -121 -239 -5 -197 -186 -95 -69 100 -93 139 -156 -244 -161 -215 -141 -115 64 -221 227 -14 -77 210 -151 206 43 229 -249 93 -209 14 65 -170 -136 248 214 144 37 41 57 -175 226 -174 207 188 -223 127 -61 -234 55 -179 126 27 244 -83 -82 -48 108 102 59 -34 -108 211 173 -28 192 -178 99 -21 -106 -109 110 1 -98 91 -131 -68 -149 -157 167 -127 132 -194 -17 -80 -250 18 -86 46 129 194 133 -225 -73 19 -212 -130 78 12 113 -102 208 -104 -231 195 -140 75 240 39 165 236 -199 67 136 -229 -89 -52 3 157 -13 164 98 152 29 103 140 151 -118 119 94 213 149 -70 40 -9 -163 -168 -166 220 -145 -76 246 239 50 -236 205 69 -137 38 -117 162 242 -208 130 -132 42 2 -160 -91 106 105 82 -230 -152 -55 87 -235 175 -193 -247 92 20 61 28 -75 -103 232 7 141 -210 80 88 -176 -200 155 -41 169 204 -64 -211 178 83 -39 -242 -6 163 73 -184 -224 -43 25 -162 15 -23 212 241 95 181 158 153 -123 143 231 -2 -94 
TEST 30 ARG:180 127 -219 -197 -26 -204 -76 -156 56 112 -222 -43 190 233 237 70 89 -186 156 -1 166 78 -103 132 -100 -90 119 -27 8 137 -18 -96 -86 -159 160 198 99 -155 -83 118 105 193 -206 -60 96 -110 -73 -2 123 -173 -102 116 -246 101 179 178 102 -128 -72 -210 -181 -99 -147 147 108 184 -88 200 247 -40 173 203 -232 55 65 37 -133 -3 -127 -230 -214 163 -191 63 2 -71 67 126 -130 -221 -78 59 124 -161 -178 -236 107 -141 125 -216 22 150 86 145 113 -200 26 109 214 -174 30 43 -104 -101 18 -105 -139 64 -59 20 -117 245 -183 -115 131 46 93 -224 -235 -136 208 -15 75 88 -85 205 -172 -192 49 212 187 -113 -201 66 -243 227 106 -51 91 138 -176 -153 -106 242 9 47 -215 -36 40 -209 84 -220 -148 -248 219 117 -19 -4 -208 -45 -98 174 222 236 -32 -145 73 -239 -231 -151 -120 -82 -44 -225 -154 82 201 -67 -218 94 41 -61 -57 -228 -217 -211 -13 -22 142 -89 6 115 58 98 -162 -38 -123 48 23 61 -52 0 130 -193 90 -241 -244 218 210 197 44 -93 -196 -195 167 -118 -213 25 7 -81 191 -84 -74 -187 35 51 -131 39 -75 153 85 -94 -62 -165 196 -39 -167 81 -125 -87 186 -129 -33 -31 28 68 29 170 189 -53 182 83 202 -70 17 62 14 -16 69 1 16 -190 -250 -11 -249 -112 -202 3 -77 -180 24 -238 249 194 224 104 -48 169 -69 79 45 -199 -177 -17 159 135 235 -247 -21 74 158 -126 181 92 95 -166 111 -29 -24 100 -65 241 240 -109 243 -198 13 -169 239 151 71 165 -9 185 77 -63 110 -111 140 -64 192 -97 206 -158 207 54 -203 121 -233 -168 11 195 -91 -175 -41 -171 -132 -170 -237 136 -116 -140 -46 133 -20 60 38 154 232 -108 72 248 226 36 -114 -188 -23 -5 -121 -12 172 -184 -152 155 31 231 -142 27 103 -55 -50 223 -7 76 -37 -58 80 215 -25 -160 188 -79 21 238 143 33 177 -80 -240 -28 228 114 -95 52 15 -8 141 -157 149 -56 152 42 -35 244 213 128 171 225 -163 97 164 -234 -205 -68 -66 -223 144 -146 -49 148 -134 -30 157 -124 246 53 12 -54 134 211 -226 34 -179 -119 -14 -227 204 19 -185 -42 -150 4 50 230 209 216 -212 -137 -92 -10 -149 -207 -144 217 -229 -182 234 199 129 57 176 183 168 -242 120 -138 -164 87 175 229 -107 32 146 139 -245 -122 -6 5 -189 10 -143 -194 162 221 220 122 -34 -135 161 -47 
TEST 31 ARG:-103 48 102 202 234 -165 -92 -212 210 -210 -244 -68 249 -52 148 119 94 -59 237 -195 -200 40 -157 227 73 156 -143 -135 136 -209 -65 -89 -144 246 -97 -171 233 -207 169 -51 -235 -105 -130 67 -224 185 -88 -24 248 -182 -132 -201 -125 38 -192 -60 -237 -219 -99 126 62 -3 132 -140 32 -104 -30 240 174 147 194 -39 -150 209 117 -56 189 187 -139 97 140 -218 60 116 69 188 -31 106 109 229 80 -220 165 232 118 21 86 -34 51 -55 -8 157 -215 -239 176 2 -10 -96 -188 -121 30 70 -245 162 -86 -141 -177 208 -50 175 -164 3 -180 110 247 -232 -57 -72 -95 -6 -41 -236 -91 242 -240 -124 63 -26 25 -111 149 84 96 33 -110 166 -100 222 -190 198 -149 29 -40 180 -158 -116 -185 130 -81 -163 13 -227 -45 150 160 -117 -173 144 27 -206 -127 -85 -181 26 104 111 214 -46 99 -148 16 -231 92 -76 152 178 52 224 -94 -131 179 238 184 -120 -250 -174 -18 -106 82 127 -193 -238 -191 -208 15 235 -197 216 100 173 -242 -15 -246 -114 -145 -223 -23 43 -13 -128 -133 -16 -4 88 122 78 55 -214 -93 124 5 -203 24 -156 123 -19 182 138 -172 206 66 220 -64 -90 225 -119 -9 -74 236 -17 -118 72 -7 14 -14 44 190 101 71 -61 50 228 -134 -229 -109 -80 -211 0 -107 -113 -249 46 98 -146 -179 76 163 -83 -161 85 -226 161 -248 -152 -154 -241 68 223 -82 -28 168 -216 34 -67 105 243 193 -71 -168 95 205 239 37 186 -43 -176 -35 -175 -221 107 -234 203 153 -21 74 215 -69 -189 212 42 -230 -247 199 -169 129 131 83 -73 41 -58 -217 -147 -38 -184 -155 -202 53 -66 -205 226 6 -233 -243 -42 164 -222 -166 -137 18 -79 141 245 200 61 77 115 244 155 108 213 90 -70 -122 201 -29 230 -84 170 135 195 204 -126 -77 -159 207 -199 -170 218 134 196 112 151 58 231 -25 114 12 142 49 28 47 -187 171 -44 -228 57 75 54 -1 125 -123 -101 -142 -196 79 -204 39 45 241 -167 -136 -11 -198 183 89 -138 167 172 23 133 -20 -213 87 -27 35 -115 -47 103 11 -37 -54 -53 197 59 -183 -129 -178 159 143 -22 146 137 64 -162 191 158 219 9 4 177 121 139 -75 17 113 -225 91 -5 145 81 10 -194 -98 -186 -2 -153 -36 36 -151 1 154 -49 -160 -102 -48 -12 19 221 22 -62 -112 7 20 -33 120 192 93 65 -63 -78 31 -87 -108 128 -32 181 211 8 217 56 
TEST 32 ARG:-199 -217 12 231 -158 -181 -62 -63 240 -154 54 230 187 79 -15 161 -151 -197 -148 -178 -113 -95 -44 -8 -54 -13 211 -242 -122 138 26 -176 190 -40 -78 111 -241 -11 -115 -229 -150 -204 22 85 102 119 -145 -90 196 249 -188 37 155 -231 28 84 56 205 -16 -42 113 -24 -112 -27 -36 131 -198 -138 245 -239 -211 62 216 223 30 14 50 124 141 103 3 163 232 23 -89 17 -22 -172 -23 -213 -111 25 114 -141 -118 210 -72 -46 -245 217 -160 -184 -81 -70 184 -26 201 -159 -193 192 11 -163 -67 -98 16 148 -76 -167 -223 87 -125 160 -38 4 -105 136 -7 247 179 -35 -189 -152 222 95 228 -210 -58 235 -137 203 -48 18 147 -214 42 -52 13 -92 -166 -51 -156 -102 88 -131 68 220 -53 224 -238 82 159 -190 189 70 199 104 77 -135 -121 94 -185 -66 -249 19 -234 -205 21 149 -248 129 171 -235 -133 188 96 177 66 64 110 -191 61 -107 -109 167 -50 134 90 206 -222 137 -59 182 -146 162 143 242 75 151 -43 122 -243 -68 97 -29 -73 5 38 158 -75 -30 83 -220 116 170 -55 168 39 99 -100 -224 59 -142 71 145 226 219 164 154 -123 -91 106 69 -155 -14 -161 -129 -174 -212 -86 76 -195 -96 204 72 -93 213 180 73 183 -144 -250 -175 29 -119 31 -69 -194 126 -1 233 86 -65 20 152 -37 -3 -17 146 55 221 1 207 -19 -232 -164 -216 -10 -33 -61 191 -103 36 -31 60 -244 121 107 135 8 127 -4 -207 34 -209 -94 -143 -230 -180 -173 -183 105 -237 234 140 169 -157 238 -39 -99 -246 -192 -140 -165 214 91 -60 -225 -139 -134 -41 -215 198 132 9 47 67 -208 78 157 175 133 74 -77 7 173 49 225 53 35 -128 123 -179 -104 -227 128 -28 -221 -57 101 2 195 -12 43 -87 65 100 92 -124 156 139 63 33 246 46 227 166 -74 120 -101 194 108 -153 -114 115 202 81 200 -236 -18 -171 215 -170 -233 229 109 58 -47 -247 -147 -5 -196 -82 236 -182 -202 -56 -149 -64 89 172 0 241 153 10 118 -79 41 -162 -97 -116 -169 -45 112 -6 -108 -218 -106 248 -126 197 -110 -226 -186 24 -84 -88 212 27 176 -85 174 209 -127 218 -117 125 181 -203 178 98 -187 48 -25 45 -21 52 130 -228 51 -177 244 -201 -34 93 -32 -71 32 -132 -80 -136 186 -49 -9 15 243 -120 80 -83 40 -20 44 -2 144 -240 142 193 117 -168 -130 208 150 57 165 -200 -219 237 185 6 239 -206 
TEST 33 ARG:-135 -33 -155 249 122 -32 -234 -22 150 73 134 -69 -185 20 -209 82 210 -91 100 154 -214 78 177 -2 -236 48 6 10 235 -99 -18 -127 9 -58 -142 181 -171 -193 -68 205 -123 16 125 30 105 -144 175 -108 -8 17 219 114 -65 -237 -102 218 -104 188 -242 153 166 -12 -219 39 168 66 -57 -238 -222 46 131 124 -81 3 197 96 -167 7 -116 -73 -103 98 121 214 170 173 -225 117 -110 246 241 194 -101 233 -216 27 -140 200 113 -133 -177 232 148 -128 -163 86 -233 -60 248 -157 208 179 99 227 -194 -62 -20 85 184 -179 -223 129 -143 238 107 -51 -174 -85 135 225 -96 95 244 63 -47 -232 -168 -78 89 198 76 -248 37 176 -206 -210 183 -139 -106 22 109 70 102 60 159 -203 -3 31 147 68 158 172 167 202 -195 111 42 59 38 -200 212 228 -196 -15 77 -249 -38 80 -114 67 -79 -71 185 -11 -17 -14 -227 -118 240 186 35 -178 -246 -98 -61 -192 74 234 0 81 -162 226 -56 151 -205 -4 182 1 221 -75 -48 -124 -53 79 54 24 29 -180 -94 -43 -146 243 -183 222 -136 -29 133 -202 155 4 -5 146 57 -152 108 247 142 44 -23 -154 152 -244 -37 -42 33 -169 -250 58 116 112 65 -187 72 -159 -224 -130 -228 216 13 -76 204 169 -122 61 69 88 -119 132 -9 12 -121 -132 -28 14 187 201 -235 118 75 53 -245 -95 62 137 -7 -86 -220 -129 130 -158 127 -147 97 145 -100 195 -160 213 -165 206 -115 157 -186 -63 92 -156 115 34 149 -25 236 -41 242 -229 -215 239 128 -131 -93 -137 -49 139 -31 -70 50 -72 237 -213 -39 11 -172 -117 -189 32 -26 -64 -231 -145 -217 51 91 -241 -13 -109 138 -243 90 207 -107 55 -34 223 -207 -35 -181 94 -201 45 -19 15 215 -105 -66 220 -55 -161 -153 126 165 -83 -126 144 25 -239 56 87 229 -44 -191 106 203 -46 230 -134 83 209 -197 -84 -113 193 -208 101 196 141 -74 -218 217 -16 19 -45 -67 -198 -87 -36 -52 -190 174 93 49 2 43 -166 140 143 164 163 26 -27 -112 -199 -88 -24 -77 8 156 47 -138 -175 161 245 160 162 -212 123 104 -226 -120 -10 23 -141 119 -6 191 -240 -21 -188 -80 -1 -148 -82 -164 5 52 -90 40 120 -50 199 192 -30 -204 -92 224 -111 21 189 231 28 -54 180 -89 -230 18 -149 -221 136 64 190 211 -176 -97 -59 84 -211 -150 36 -247 -173 171 178 -184 -182 41 71 -151 -125 -170 110 -40 103 
TEST 34 ARG:-8 -56 -143 107 -10 -246 -208 -203 -18 -101 -183 41 -57 188 -130 49 26 -65 -41 44 126 235 -213 136 189 -223 142 -191 -225 -179 197 -32 -232 15 54 -11 -199 145 14 170 -230 219 236 86 -162 83 -31 130 -94 -24 -87 7 204 76 211 -177 239 206 -154 -200 172 181 64 190 -196 -55 186 100 -132 -235 135 -16 -243 -178 221 124 200 -120 -158 -92 -136 -194 173 -202 244 -71 -227 166 -239 106 -22 129 160 112 137 43 -9 132 216 91 196 118 117 6 81 249 -7 119 74 -116 79 -37 28 148 -184 -180 9 33 -153 193 157 -217 -146 240 209 -241 220 -218 -131 -165 -26 -197 -138 -231 2 230 -110 -86 233 128 -44 -170 56 48 80 231 195 225 -6 -175 -192 -79 98 232 -20 -121 218 183 95 224 133 -63 -45 94 -34 -83 -82 246 -168 84 208 113 -124 -91 92 -248 78 1 -247 89 -172 -128 65 -68 168 40 -35 -112 -61 174 -13 -142 -62 -189 -157 -2 143 -49 -89 93 -90 138 152 -206 185 213 -186 -97 -245 212 96 8 31 -27 -102 177 226 -171 123 -185 88 127 -105 82 -115 -181 10 27 -28 242 -148 -119 0 -15 108 -84 16 -73 203 237 -21 39 131 -111 -151 -93 -188 158 -30 -211 -12 247 67 -1 -182 -96 176 99 -220 -160 -106 223 -75 103 30 114 -139 111 -198 227 12 -40 -54 37 -52 -164 4 -193 241 102 -249 -17 116 -155 -134 164 178 -29 147 58 201 -233 120 -60 175 70 55 -212 187 -244 -145 -5 207 105 97 234 -237 -39 24 -125 140 228 -3 45 134 -76 42 52 -215 155 -99 22 229 46 -36 214 165 -163 -78 -127 20 161 75 -95 -250 -77 87 -126 139 -19 32 -46 109 210 -123 -48 167 13 -228 -74 198 18 -23 101 194 -88 171 47 179 -201 73 -72 63 -103 -80 -108 156 121 38 -174 -210 -149 68 215 -70 -238 59 17 -118 23 243 202 -166 -167 53 50 11 182 192 153 -51 -133 -58 -226 115 -242 -214 -50 169 -204 -173 35 -147 104 66 -113 238 151 -190 141 149 -67 -224 245 -141 -161 -109 85 -229 60 -209 -137 -169 -140 -25 -14 217 62 -69 -42 150 -129 154 -240 205 162 146 -187 -222 184 -156 -66 -47 125 61 -81 19 -85 144 72 34 -98 163 -135 -236 -33 -117 51 69 199 3 90 -107 29 180 -152 -59 -159 159 -53 -216 122 -234 248 -100 -207 77 -122 -221 5 25 -38 -43 -150 -144 -114 -176 -195 191 222 71 -4 -205 -104 110 -64 -219 57 36 21 
TEST 35 ARG:-134 244 102 27 -6 193 -22 -241 230 169 86 122 -8 198 18 -191 130 -240 170 43 216 -63 -162 -103 13 -229 85 -52 143 24 -167 203 -223 -76 -30 124 5 -47 236 -12 -152 179 38 -111 -181 139 -119 -151 -234 12 -178 70 76 -48 112 214 49 99 -183 4 -215 -176 -9 249 177 -110 -85 -186 -89 127 -49 159 87 -37 242 -163 -137 -97 51 153 -84 -185 -45 -235 -196 -39 141 145 58 129 180 -54 103 -81 63 -172 -143 -115 187 -190 -17 118 184 226 -164 -132 88 97 -124 -213 91 -70 -78 146 25 -133 41 212 -68 116 -112 -5 -26 239 -135 -144 -101 -41 69 48 -75 -34 178 -1 156 -180 -232 23 151 -155 -126 -245 73 -31 128 205 133 215 232 72 195 173 185 -121 176 29 -113 60 96 -189 -82 -46 247 32 -150 196 -96 -98 31 150 68 -109 -92 30 52 -160 -148 57 26 209 81 45 -64 8 110 -182 -208 218 -71 162 40 47 46 -166 75 -32 21 -140 -248 125 229 -207 197 -15 22 171 -179 28 -204 -199 3 -80 111 223 -88 35 -227 67 174 219 -93 -65 137 -243 -33 -141 -201 -90 89 -222 -53 164 104 -13 -40 210 -200 202 93 -209 90 71 15 211 -146 -19 50 154 -25 155 -230 -242 -250 188 -99 222 -214 -117 -217 -147 -159 -136 -202 166 192 208 61 120 241 17 168 -23 108 62 -206 -11 -237 20 -225 -203 106 101 -212 42 2 243 194 -69 1 119 -221 105 -177 36 224 123 213 -86 -127 135 -169 37 16 74 55 -18 -131 225 -175 115 -233 -174 109 -51 233 -224 -42 240 -168 148 221 54 -188 107 -107 186 -193 172 -195 131 -247 39 -205 -2 161 -55 -170 -156 -161 152 -138 -79 -66 182 0 -57 56 -16 -125 121 44 -123 11 140 -20 -36 -216 -142 245 235 220 -83 59 -149 113 65 -239 206 -59 200 238 -158 -28 -44 -105 231 -29 189 100 163 94 -220 -153 77 228 246 -238 53 -73 -100 207 -244 -122 -211 -50 134 -157 -7 -236 132 -24 227 9 144 -197 -35 -226 136 -198 -61 -10 10 -154 -139 -171 -4 248 7 14 -194 167 -106 147 126 183 -60 158 -77 149 117 98 95 -56 82 -14 217 -74 234 114 -129 190 -58 -118 -130 -72 175 19 -116 191 66 33 -104 -91 -187 -38 80 -3 -218 157 -249 83 181 -246 -94 -145 -108 -228 -184 -120 201 84 204 -114 92 34 -192 -128 78 79 142 -67 -219 199 64 -95 -87 -27 -165 -173 6 -210 165 237 -231 -62 -102 -43 138 160 -21 
TEST 36 ARG:13 -241 -1 86 -163 5 -95 -203 -180 -56 152 -239 -65 6 -209 180 -131 -63 179 -104 -160 -62 -41 103 -105 182 -196 -3 -246 -217 150 78 -173 -174 232 -106 -133 -187 184 136 -230 -34 -154 85 159 -83 193 -188 97 39 130 -57 -54 -68 199 117 102 206 -5 -139 -79 -231 -37 31 147 -165 109 204 181 -47 -151 242 218 23 -82 -159 -138 164 151 161 120 -167 114 101 224 -124 2 -129 -185 176 88 67 65 -78 -171 40 -81 66 43 -35 -213 76 11 -84 -150 -115 -113 227 121 223 233 -24 -118 220 19 234 -120 -25 -26 228 137 -189 209 -205 148 -93 160 79 -197 208 -229 -29 189 36 61 195 -90 20 -88 -221 240 -74 -145 82 -176 -183 187 -94 18 -110 -168 139 -8 -123 112 153 -61 214 -238 34 -148 -186 -20 -60 -210 -66 127 -181 -119 -52 123 -192 -224 -108 -11 115 -191 133 -190 175 -233 -49 49 3 111 -103 -6 -36 -44 48 207 -28 -158 -71 -244 27 173 95 -237 188 217 249 144 -248 138 100 104 239 -201 243 -42 -179 -140 -152 83 -14 -69 -216 -30 -122 28 241 7 -149 -199 -9 10 -157 35 210 91 42 -75 -112 141 221 -17 -102 149 -175 -182 -16 -156 -164 -226 -111 -125 -43 -116 -228 -132 -100 74 -178 196 73 183 4 -218 155 154 170 171 -48 -141 -18 211 -211 -208 215 219 247 -7 168 -76 235 75 -92 -128 -114 -240 205 -126 37 -225 -144 54 -245 225 116 246 45 -222 -91 -243 -27 -97 128 185 236 -184 -153 15 -219 33 216 119 132 174 -46 -155 25 -86 84 145 -127 -235 -232 14 -223 -166 -2 -227 -212 198 -13 -55 203 80 52 -249 -177 245 81 -21 92 -214 -202 -98 237 -142 30 108 21 230 166 -193 229 143 -59 99 1 -117 -32 129 44 62 16 -19 53 135 -72 -194 57 124 64 172 -143 12 194 248 -207 201 17 222 -45 -22 -50 55 -172 96 106 177 22 -109 122 32 -234 -33 142 72 26 163 -220 -162 77 231 93 -87 60 202 -89 -198 -39 -136 -38 126 46 -12 69 98 56 113 107 -107 -195 29 59 41 197 -96 -77 191 -58 146 90 71 110 68 167 9 70 -121 212 192 38 58 -242 -67 -23 -51 -206 -40 -73 169 238 87 190 226 -215 -247 157 -169 118 162 -134 0 -135 -4 158 8 186 165 -64 89 -236 -200 51 200 -70 -147 -170 -53 24 213 131 47 -146 156 -101 -250 105 -137 -204 178 134 -85 -161 -130 94 -31 50 125 63 -80 -15 244 -10 140 -99 
TEST 37 ARG:172 233 -120 180 -248 95 -100 -204 -58 -32 220 -113 -48 -44 117 -16 -188 -1 -18 -57 191 -72 -60 71 182 -69 -91 104 -142 228 92 181 174 -70 54 -39 165 133 -43 40 -215 -82 6 99 -242 -250 -197 221 76 -232 82 59 -114 -115 196 43 -55 28 204 -96 -147 23 -51 -180 -84 175 -26 -79 243 -2 144 247 94 61 -175 64 -109 -194 -94 -14 -122 -104 225 4 -31 199 -23 25 -179 -8 -30 -129 98 11 17 -149 -98 -221 58 42 63 146 47 49 22 162 18 -12 177 39 136 127 150 244 121 -244 -97 237 -40 -36 -133 231 74 -198 -68 140 205 -236 212 -234 -192 155 -222 -237 -66 130 16 185 -137 12 -158 227 29 -223 -15 217 -171 164 -105 -38 -10 153 193 -230 2 123 -213 30 -195 21 -3 213 -155 173 -172 -112 163 79 -83 236 -7 131 77 -131 -148 -143 113 -169 -56 107 238 202 100 145 190 -125 46 206 -99 -176 249 -183 45 -145 143 -245 -73 176 -106 -6 179 183 -164 83 -210 118 -117 69 84 34 157 -37 -167 -153 230 159 -101 -207 -77 -59 57 7 141 208 -190 161 125 101 -93 96 -152 209 -116 -178 19 240 245 55 171 116 223 87 -174 60 -247 126 27 108 -45 -200 37 203 135 124 91 232 156 142 -159 -22 8 -170 128 211 -127 68 158 67 -209 134 41 36 -110 -150 -235 -220 20 -4 -199 -206 -13 110 218 119 -154 169 -95 239 -24 1 -139 -41 -233 242 -216 192 -5 85 -119 15 -185 50 -212 -141 216 32 -21 148 226 9 97 -34 248 -53 -89 -231 38 33 132 188 -166 -54 -103 -243 3 -27 -65 -160 62 -71 -123 152 -246 129 224 -134 -20 137 -17 -64 200 -162 -81 219 -229 5 -239 -249 75 52 31 -173 -19 160 80 -156 138 112 -208 -165 -157 -218 -75 -227 -135 -35 -28 -168 -226 229 139 -228 -211 -128 103 -42 201 -214 14 207 214 114 -181 -87 26 147 187 -92 -151 195 -203 120 -25 -184 -52 -80 167 86 -240 44 -90 -102 -78 102 -225 215 222 -202 122 -241 0 -50 -196 189 -130 65 -85 -118 246 -74 234 -205 73 115 -187 -217 166 -161 10 -62 194 210 -136 -224 -186 88 13 -111 48 241 109 -108 184 66 170 -201 -61 149 70 106 72 -132 178 90 78 -140 -11 -144 -219 -47 151 -138 -121 186 -63 198 53 81 24 105 -146 -49 -177 -86 89 168 -191 -107 154 -76 197 56 -189 -33 -29 -46 -9 -182 -88 -163 -67 -193 35 235 -238 51 111 -124 -126 93 
TEST 38 ARG:-116 84 106 43 -128 -115 -81 -5 95 -59 57 186 -26 -190 -217 -118 114 82 -171 32 225 -201 -143 -2 221 119 209 -185 216 -96 213 125 -100 155 -133 -205 -160 -230 -56 236 71 247 -155 134 183 -11 235 -200 -226 232 0 116 197 -12 151 -196 130 -107 182 -16 -111 -22 -147 -127 -157 -221 99 -93 -122 72 23 -245 -202 203 18 121 46 168 79 162 -113 105 179 176 -152 -126 -49 70 -27 -178 -87 218 47 136 -172 42 -213 190 -69 -6 13 -145 -20 123 -149 -63 233 -144 -237 178 154 5 164 -104 -99 -187 -222 -228 -134 194 -94 170 30 64 135 -194 -65 -86 -216 143 -193 -28 181 54 -74 118 240 -101 94 102 -223 139 -112 124 193 198 69 8 174 -247 145 26 1 -33 -207 117 -132 122 -191 85 172 158 188 -73 150 -210 67 -36 -54 92 25 163 -218 58 -192 222 -39 -227 167 219 -47 -129 173 81 -140 -46 -174 -55 127 -7 75 -150 137 -75 -19 17 -170 -31 210 -103 -159 131 -109 -136 14 160 62 -21 237 33 88 -203 -209 -25 189 224 86 165 -176 37 22 87 -208 205 -45 -95 -76 50 -220 202 177 147 -14 96 -175 68 -163 -10 24 120 144 214 -61 55 112 157 -167 228 234 196 49 -64 -212 -66 -98 -90 -248 146 63 -71 -51 104 20 28 45 -142 -53 -246 223 73 -186 -236 175 93 -15 -148 -188 220 -77 133 -239 211 16 115 -88 -165 -241 -179 -38 206 -189 2 111 171 -244 242 -120 113 -153 107 56 -108 110 53 -199 89 10 97 -43 -35 243 -62 217 -214 140 41 248 -233 48 -32 -57 -114 36 -121 -106 -215 -137 -85 215 65 -234 103 -180 -9 -110 -158 108 204 126 -105 -231 129 132 244 208 -181 180 76 -154 3 153 -232 238 -177 -124 -240 -151 -184 138 34 -197 -229 -34 241 -138 -50 109 11 159 -102 169 -204 -156 246 156 19 -139 66 12 -211 128 185 -78 -40 231 201 -44 78 -119 -168 -125 249 -249 -41 -58 199 -42 83 -135 192 -235 -250 -13 -1 40 -82 59 -195 -161 35 230 39 91 195 148 98 245 207 187 -162 -8 -37 -3 -83 -183 -70 -68 -4 -219 239 226 -80 142 21 -30 -72 -169 80 -67 -173 -117 -79 -146 212 -23 -97 60 -60 51 4 61 191 141 -18 -243 -206 161 -89 -141 152 44 -225 6 -182 -84 74 90 -48 -166 31 -24 7 -242 149 -224 77 100 166 38 184 27 -92 -130 200 -164 -17 -52 -91 9 15 -238 101 -29 29 -198 227 52 -131 229 -123 
TEST 39 ARG:36 247 133 -148 -5 -238 -173 25 -215 -136 28 47 -209 -10 -17 44 -124 -221 -189 -77 -234 -96 -76 209 -170 -156 -140 -59 -213 66 241 -120 55 237 226 82 -204 175 -155 195 -110 114 -168 52 -181 111 51 152 -157 -134 -128 -79 -166 -117 201 15 45 -108 64 103 240 -202 184 -97 38 -185 -239 128 224 0 138 214 131 74 -190 48 -57 -227 181 7 -131 127 -205 90 243 -218 -113 34 -179 -48 108 75 -30 120 -133 107 -200 176 165 144 169 32 -194 145 -28 -187 73 -16 -99 42 -246 -64 126 -191 -58 115 207 245 198 173 86 23 -146 22 141 -207 -216 -192 -116 -22 -236 -24 -243 -82 93 157 58 -105 -151 -147 -23 -111 69 140 96 122 163 -184 132 142 -102 -178 85 -175 92 -118 -44 -95 -249 135 3 46 49 78 13 9 -34 -242 -65 -165 202 -83 249 -73 104 67 27 -244 235 65 -19 68 6 -245 -232 -203 -66 -217 216 -46 -135 -12 -126 -226 162 227 -56 71 147 -154 -11 -75 221 -172 -214 -127 236 199 220 153 -8 206 30 87 183 190 1 -39 -198 4 155 40 -81 139 -103 41 -149 -104 -18 149 170 -41 -220 -142 117 -177 -201 60 192 -129 -91 -78 -208 233 -121 166 143 -54 193 -25 225 -14 -223 -45 10 -235 174 -100 -85 -138 100 134 -27 -160 191 -237 -26 -159 177 248 217 -152 18 203 186 130 189 118 -212 172 -31 -193 -53 -153 8 -161 136 106 156 -68 -90 -230 -84 231 230 -35 -210 161 211 -4 -211 31 -158 -71 -174 228 246 244 80 146 -171 -40 -112 182 -92 2 29 56 88 -225 76 -167 -88 -36 -247 -69 -231 59 77 -144 -139 98 213 179 -93 -47 57 -197 12 -176 -169 -115 -109 239 -67 33 101 242 109 89 -219 -240 -29 -188 -21 212 -122 159 20 -6 110 70 116 222 210 -183 -196 234 -13 -9 187 -52 -233 5 39 -61 -106 112 61 35 62 -224 91 -107 178 -50 129 124 -70 -74 97 -228 -241 -72 -60 215 -7 -229 16 -98 -63 219 204 200 99 -162 -89 167 164 -164 185 -15 53 -114 94 -222 113 125 -163 218 -20 -145 205 102 -143 -37 63 188 -150 105 11 -43 24 -51 196 -62 -130 37 50 -248 -42 -2 -123 208 83 -1 -55 168 -250 123 -49 95 17 19 160 -86 -33 223 26 229 -180 43 -87 -32 -3 21 137 171 -94 -101 54 150 -186 197 79 -38 148 -137 119 14 84 151 -195 -182 154 72 194 -199 81 -206 238 180 -125 -80 158 232 -132 121 -119 -141 
TEST 40 ARG:117 -98 39 89 20 138 21 241 -142 -72 28 232 -177 112 30 184 77 -25 -243 223 -74 175 100 -115 -12 -32 141 -230 -228 -169 -229 9 -123 -223 -149 122 -105 -78 64 -158 -35 115 70 48 -236 -85 36 31 -102 -6 -202 -22 -244 163 201 142 -62 -65 -233 92 -11 74 172 -59 -167 -132 12 240 -193 -131 168 155 -125 -145 -246 224 -183 -68 -31 1 16 132 185 167 143 -194 -77 144 194 205 -46 226 81 25 -199 178 -185 -159 -232 195 -204 59 -5 159 210 -129 -19 91 128 219 -215 -55 -124 -4 119 127 -69 176 182 -99 -61 35 -86 57 82 -189 180 -81 40 -84 97 198 -188 148 -209 -134 52 49 -206 78 47 -146 156 -224 189 -141 -101 26 249 208 -235 76 -94 183 -83 2 173 -164 108 181 88 14 -43 191 151 157 -76 -147 106 -109 -29 -34 87 -213 -80 79 7 22 -155 -33 -96 -41 -178 140 133 -211 34 202 -87 90 246 -37 152 4 110 67 -197 -139 -181 -82 19 136 -241 103 129 -10 111 -93 -140 -42 123 -28 -30 -216 -2 -148 125 -221 -60 234 149 -70 75 54 -182 -90 -23 188 248 113 203 -17 161 -24 101 -75 -126 -112 -248 -196 -8 -170 243 162 38 44 222 -205 -195 -151 -57 -179 -172 -219 66 68 -20 -122 145 135 235 109 121 102 231 61 15 -50 -7 -166 -71 -218 56 -67 32 -114 131 197 216 11 -103 245 -227 -133 -88 221 -36 94 -234 -137 -212 -51 170 -127 29 18 -54 164 239 -56 -119 -38 23 -144 37 199 215 -207 -239 60 42 228 200 104 242 -237 -9 -66 -3 -108 -200 -91 130 83 118 -111 -176 137 33 160 165 206 169 86 -250 -175 193 -173 55 -21 -143 -120 247 237 95 -184 72 45 -203 -121 98 -116 -47 6 -136 -89 -168 10 -49 -44 -45 -150 154 -192 -180 209 -153 -18 43 -191 -138 -95 192 71 196 -226 53 -190 229 -174 84 -238 -118 -231 -163 -27 116 3 -247 166 -160 -26 24 -58 -104 63 187 -249 69 174 134 -208 -171 120 213 150 -162 -214 0 230 -220 139 5 65 58 -100 -73 -154 -40 218 212 114 -110 -52 211 -187 -130 73 41 -97 -157 -210 -186 99 -242 233 105 -1 50 217 204 238 -245 124 158 -13 62 -217 17 -113 13 147 -165 126 -107 -198 -15 225 -79 -39 207 -48 46 -16 -128 -117 -240 -135 -53 -161 -225 220 -156 186 190 146 177 -14 -201 80 153 93 244 -106 179 -92 -63 171 8 85 236 107 27 -64 227 214 -222 96 -152 51 
TEST 41 ARG:-177 -97 58 202 -193 158 -114 130 236 75 -174 218 198 76 242 -194 -55 210 -25 193 -117 92 120 73 222 98 -164 -87 178 203 -160 -182 -143 114 24 -26 -136 -121 175 -7 121 215 -86 -144 127 -99 160 -201 -187 -5 182 -68 -111 5 184 -40 -60 93 197 231 -16 212 96 -146 40 33 -215 9 238 135 -138 90 -243 246 -116 17 146 -244 95 -88 -44 -24 6 -50 117 -112 154 47 -141 -227 -179 -20 4 -132 -125 103 149 164 133 -150 -134 206 230 -80 46 41 -41 -128 -30 141 -167 234 -123 108 148 -192 -61 165 -12 -237 134 174 186 97 -147 -241 -148 -49 166 21 144 220 31 -191 142 129 0 110 82 91 140 -127 243 -94 -14 -29 -122 15 143 -229 -119 241 -156 219 -82 63 49 107 -223 -222 132 213 65 211 102 -98 -85 27 249 -151 -118 -152 99 -74 224 -157 -180 -70 -224 -96 -173 -213 199 -35 221 -17 -230 -92 -234 109 101 50 -247 -209 -51 151 -22 -175 -183 -32 169 -249 13 195 180 -130 -65 -172 64 44 183 48 -225 -11 86 -207 22 -159 168 179 112 55 -233 -226 3 -104 -91 -189 -137 7 2 157 -103 71 52 16 -211 79 70 -196 196 244 205 -66 -48 191 -250 56 -77 -53 -139 20 -33 247 84 217 12 19 -9 -245 -28 -36 -83 32 -93 -142 216 -62 237 -67 83 -69 -54 -23 -232 -57 -158 -145 -178 125 -195 -248 -102 -107 72 -153 -208 60 100 -72 -124 170 163 171 -81 -161 122 187 38 -170 -202 -210 -135 53 138 -13 -10 -242 156 -197 -110 -199 37 67 245 113 -43 226 -75 -231 106 29 35 -73 -39 -184 8 181 68 -129 190 -31 150 155 -105 -6 123 -216 11 -79 -203 139 -246 -64 -228 -185 87 -108 -109 -214 -120 167 240 85 -166 51 194 239 105 1 -8 225 188 115 62 -239 -181 248 126 -78 -71 18 104 26 200 229 223 -206 208 -236 -1 152 192 214 162 -38 34 147 -84 -3 228 -46 176 77 -218 80 145 -59 -76 -4 -27 -58 131 43 69 -34 -186 153 -133 94 189 -200 -95 -21 -155 61 25 78 88 -126 136 -163 -90 -113 -140 -171 -56 -63 14 227 -37 -101 -42 -169 -205 116 235 -198 45 39 233 -176 -15 128 111 57 -89 81 28 42 185 161 118 -162 -52 119 -221 -204 173 204 -190 -217 -131 -219 54 -235 207 -188 172 59 23 -100 -149 -154 -212 74 124 36 -115 232 30 201 -168 209 -238 177 89 -45 137 159 -19 -165 -2 -18 -220 10 66 -240 -47 -106 
TEST 42 ARG:31 36 -63 166 -55 205 74 87 -140 -219 186 241 -225 -70 -205 198 -202 61 -239 138 -104 239 37 -181 -116 144 75 13 233 40 109 -142 22 -161 196 -173 142 -81 155 -204 110 -221 -150 -120 56 174 49 104 26 153 -236 93 -56 232 -32 214 -137 -6 133 12 209 -188 189 172 39 -160 -96 -217 19 -168 -12 38 167 -191 -13 -11 136 -100 3 -36 115 154 148 159 2 -16 -111 146 54 -208 16 246 243 -78 48 -164 47 230 219 30 -46 -242 84 7 114 222 -223 65 178 71 226 -98 8 91 -135 83 -59 18 -147 -235 -229 -155 -189 24 -105 -109 90 -124 -45 -114 -60 -185 86 -51 -48 -99 -174 169 106 -198 224 -206 -90 201 -1 -8 81 -58 -85 127 143 210 -113 77 -102 5 234 -187 217 -5 -230 -121 247 204 -222 180 237 -67 -234 231 1 41 194 -28 -27 -157 -243 -227 63 236 67 60 70 -158 -25 -53 -2 80 -75 -139 103 -210 -162 -77 195 -110 -125 76 183 121 79 0 211 -22 -34 73 -40 -179 139 107 -61 -49 -231 99 149 -241 -128 -31 -38 52 197 -3 113 168 164 -192 112 -87 94 58 -108 181 -169 -97 -146 66 -207 248 193 6 -233 223 11 -238 -247 -201 218 -240 123 -15 128 -190 171 -178 -148 59 -175 -215 -195 -167 229 23 191 -246 208 -20 42 105 -101 228 -88 -232 -10 -200 62 92 -21 -214 35 -130 -197 145 225 -248 151 -72 126 -141 69 -41 -74 101 158 -112 162 50 129 43 -24 -39 152 165 -131 137 -50 -18 72 -172 -244 -103 -133 240 -212 -186 -73 135 185 118 188 -86 45 -64 122 29 -89 -69 -199 -54 220 -29 -62 20 -57 44 163 108 -94 -138 -193 -183 -35 -123 -95 -71 -134 179 140 85 -79 -84 117 -171 -132 213 -47 -209 -115 -149 10 202 -26 -9 206 -129 -92 156 -177 200 -76 -126 96 64 14 -14 51 -228 -65 -122 -82 68 -211 173 -237 203 -143 -184 190 227 -107 -33 111 212 184 -249 187 160 -163 -245 150 97 175 242 -170 -218 -136 -196 21 -224 238 -118 46 -17 131 -166 -153 27 82 -194 221 -182 124 -213 -117 -203 216 53 28 57 100 15 -180 235 176 -68 -165 -43 119 192 33 -7 32 177 -119 116 -83 -106 141 9 -226 25 102 -30 161 -19 132 -44 4 -145 120 -52 98 245 -220 125 -42 78 -176 130 55 -156 -144 -80 34 -91 88 -159 -23 -152 134 89 182 147 -4 95 249 244 207 -154 157 -151 -66 -37 -127 215 -93 170 199 -216 17 -250 
TEST 43 ARG:-40 215 -144 -71 -79 6 -208 -243 -228 -50 211 157 74 205 -70 -1 155 -19 40 98 -90 28 233 139 70 -197 246 143 -230 -61 51 -55 -86 94 -150 -34 -248 -64 -209 126 225 2 -176 247 -107 171 -39 13 131 32 192 -161 -109 154 -10 -128 77 -138 207 245 -232 145 -42 80 103 35 -217 -185 -53 -30 78 16 -20 -174 90 -247 228 101 -241 66 -173 162 -202 -65 219 198 202 -182 -222 -102 -225 -178 -147 -112 63 -198 -203 -58 -148 181 -136 -11 -92 -206 152 178 212 -82 244 38 88 183 159 83 -83 102 -63 -216 -235 -26 0 42 60 82 -233 -54 -5 -121 -142 72 -151 17 3 92 -89 34 -7 65 -94 249 -84 -76 4 119 144 -244 161 -154 236 173 5 186 223 -127 -201 -46 156 107 -31 -66 235 18 -149 168 -213 200 -33 -78 153 -105 -152 -25 -96 141 -106 128 -166 -250 122 196 222 12 -118 -38 -93 100 -242 208 -207 24 234 237 -153 -236 146 -48 -44 242 87 25 41 61 203 123 -172 64 -62 188 197 226 240 -132 -249 206 26 -184 -49 -108 -122 -51 -45 -187 -24 -234 -9 105 10 -155 243 -88 -35 184 134 96 -110 -181 -231 -23 -189 -120 175 -59 47 -139 -134 209 -73 115 -32 -14 -80 104 44 76 113 71 -47 224 -27 194 -113 241 -8 -13 84 220 36 166 -98 73 -192 53 30 163 -28 137 68 109 -199 -218 118 -204 -211 -221 -2 -165 -188 189 56 20 149 -180 -157 239 -100 -60 19 57 -193 -196 -130 -125 49 108 22 238 69 120 46 213 140 -146 121 214 165 -186 112 199 -162 -119 -41 -67 -220 95 11 204 21 -99 210 221 232 75 -168 -226 -200 -91 -171 -175 -16 -167 -137 -169 -3 14 195 93 129 62 8 190 -85 -145 54 -52 89 -159 -69 -15 -140 230 116 125 -101 -95 -164 48 15 106 -224 91 86 111 79 138 -143 -12 -177 124 58 -123 -240 29 31 -141 -239 33 193 -129 135 -212 160 -81 -103 -22 -133 -126 132 52 217 37 -56 81 85 248 -37 114 187 136 172 130 -114 -191 201 218 -163 158 67 -115 -57 -97 23 191 99 -223 182 -131 -238 164 -195 -87 7 -43 -179 -156 -68 -21 117 27 227 -205 -227 -183 -246 170 -160 -117 133 216 -116 -219 -18 -111 147 -215 127 9 229 167 -4 -194 59 1 43 179 -29 231 -190 185 151 -214 -158 110 -170 -210 -104 180 148 45 -77 -237 -245 142 -36 -229 -17 55 177 176 174 -135 169 50 97 -6 -124 -74 -72 -75 39 150 
TEST 44 ARG:148 198 155 -10 -150 -165 222 -123 76 105 -186 114 104 -172 -183 -96 -29 162 122 -159 138 -197 -119 -37 163 -94 229 -184 24 -84 243 174 189 -139 -112 217 216 119 -243 116 -43 -204 136 -16 115 -60 153 -63 22 -236 191 -48 -161 108 -240 -158 37 139 -33 9 -129 165 90 -72 71 -24 -249 118 248 204 -13 -46 45 179 -214 -167 210 -23 -51 -5 -1 233 178 241 -41 34 -136 -217 -189 49 203 74 -248 149 168 196 68 140 -211 62 225 151 56 -213 201 101 176 -117 -42 -241 -70 -30 -100 172 -2 -141 -107 -80 164 224 -143 -238 -9 -77 26 206 16 141 53 106 -215 -198 78 127 125 85 146 181 -58 214 -218 -66 247 46 -79 93 -40 28 72 11 -21 -38 -187 -144 109 197 240 130 27 158 -91 92 75 -137 63 190 -34 -130 -169 103 -231 184 -250 43 171 -170 -174 123 134 -151 215 227 -55 223 70 97 111 156 -4 65 188 245 -164 230 -11 95 -153 99 -111 195 -49 59 144 41 -56 177 -176 -102 143 -190 173 51 -228 238 -224 88 10 61 4 -82 -220 18 194 55 -126 135 -15 121 -104 -61 -44 -86 107 -178 -185 -227 -212 -239 29 86 232 31 -109 221 -87 -93 -155 169 102 -45 183 -12 112 -135 33 -17 -125 -19 182 117 80 0 47 50 131 180 -75 113 -219 -232 -20 -83 42 -171 -162 1 -35 -192 -31 242 234 38 73 -157 36 228 -223 187 89 -3 -230 -145 -78 -90 57 212 -163 7 -216 167 -175 -160 79 -245 -47 -116 -131 218 237 186 -229 -110 -201 -54 -177 91 226 166 124 -247 14 -188 30 -57 -142 157 -146 -196 -140 -208 83 -81 -207 84 -118 152 -222 -68 -88 154 -206 77 -89 -134 -28 -98 -235 -226 -113 -105 66 -121 231 25 128 -106 100 -246 -6 2 -25 -168 132 -199 -71 -195 160 -14 -76 -67 -194 -203 23 211 -209 81 244 -39 137 -242 5 249 185 35 -138 48 -95 120 -18 82 -127 -114 -7 -59 12 236 -237 213 200 -50 -36 -202 -148 199 -181 126 -103 150 -27 -191 -149 239 -92 147 175 -205 -32 -132 -52 219 207 -8 202 -122 110 64 -234 69 220 -53 40 133 20 -166 96 19 145 -133 -74 -62 -64 98 -154 161 -108 -182 -120 39 142 -225 44 58 -244 -233 21 -173 -26 13 -193 -200 -97 193 -156 -69 3 32 -128 129 -147 94 -99 -101 209 -115 17 -210 6 52 60 -73 -152 -85 8 87 -221 -179 -22 192 15 159 235 54 246 67 -124 -180 205 170 208 -65 
TEST 45 ARG:160 -88 227 59 -243 -41 126 208 171 172 -94 222 113 -118 -180 249 28 161 101 228 44 -204 -172 -30 -140 -245 -224 -11 35 166 -200 33 107 134 217 -29 -90 -46 82 -207 -165 188 -234 9 -125 -5 61 22 164 -43 116 -211 96 -225 -209 -89 185 -42 -217 -239 -188 137 -98 -71 218 102 91 -185 -2 32 -128 176 17 81 2 -87 -20 -127 5 4 -53 -175 156 89 72 87 -144 219 -153 -206 -54 11 214 187 -58 88 -40 194 58 -99 68 141 -131 212 14 16 195 -169 112 168 181 -111 -244 30 152 127 106 -117 27 64 10 97 143 124 26 -138 203 -219 42 43 242 108 -178 -12 -36 198 -197 169 92 174 -25 -76 135 -134 248 -176 129 205 103 25 239 15 -17 114 62 173 -189 -202 243 201 -196 204 -179 0 57 66 -61 -155 -164 -124 75 189 -212 -132 109 39 -115 -146 -75 79 -246 241 -7 31 -170 -19 78 -233 73 209 -3 180 38 100 178 -190 -104 -183 56 232 157 -13 -141 -192 -31 182 -10 213 193 -1 -51 121 235 -123 -37 -230 -157 236 -143 240 -113 237 -110 47 120 -229 -82 206 18 -79 95 -93 -160 -237 -63 93 -235 145 49 197 -59 41 86 -56 177 -193 122 -151 220 -114 -85 -133 -103 -198 -154 -213 186 -80 -64 83 29 -86 -4 21 -26 -250 216 -62 -203 19 77 -186 215 -107 -228 -216 -83 -14 154 -174 158 -72 211 -158 159 8 224 229 -182 233 196 -249 -78 -150 170 -38 179 118 -47 -122 85 244 -166 -191 -156 65 -81 -147 99 -205 -171 207 6 125 140 -231 148 -218 -201 -22 -44 23 184 -52 -92 -221 -168 -241 -139 74 -50 -152 226 183 -208 -181 -242 231 163 20 -222 60 -35 -60 -184 147 131 167 52 133 -45 -101 199 138 190 12 70 139 -65 -39 80 111 -210 54 230 247 -106 -116 -126 -23 119 -238 -67 46 -227 151 36 1 -236 128 50 -136 210 -55 -226 -159 -70 -121 71 -135 -129 104 -247 175 -95 76 -137 -223 -142 117 -27 3 84 69 -163 -105 -28 -108 238 -100 -214 -77 110 -97 -240 246 40 155 142 55 149 -48 -120 144 -18 -32 202 -232 -215 48 -9 -194 7 -21 -130 -173 -145 98 24 191 -177 -69 67 13 123 53 130 -34 -6 -84 90 -57 -91 132 245 -96 -49 -162 37 153 51 45 34 165 225 -112 63 115 -66 94 -73 136 -102 -161 221 146 -16 -119 -195 192 -167 -33 -199 162 -148 -24 -149 -248 234 200 -68 223 -109 -74 105 -15 -8 -220 -187 150 
TEST 46 ARG:93 42 92 -170 -116 -84 40 -65 248 -217 35 -122 -181 -190 73 192 166 -89 100 162 7 -200 -186 141 174 234 -166 197 75 -25 -211 -42 -207 -183 208 -73 195 30 -82 85 -162 26 20 -159 -237 -161 142 -140 125 -10 -41 -93 -5 55 -37 11 167 56 -115 -105 -106 22 183 -104 63 186 -62 -196 -147 196 66 210 -201 64 -216 -187 180 99 -59 235 -16 -160 -247 113 -205 -20 144 -212 -146 -68 -240 -45 -167 -131 151 159 177 25 8 -175 135 33 -231 -114 -209 220 193 207 -96 -57 -71 -31 -33 -1 -142 -127 -130 107 78 173 -173 149 -224 230 169 245 -189 -184 -194 31 244 -152 -18 145 77 222 -245 -203 95 112 165 -23 204 -76 -27 194 19 -163 214 62 -129 116 -133 51 109 12 -44 -60 -148 -63 101 -123 -11 -157 -221 -223 -139 -249 -49 14 -185 -156 -17 16 -233 60 81 -153 236 -132 28 233 127 247 83 34 134 -206 -246 -215 -213 181 69 -138 239 52 -193 199 -75 -64 -225 243 -242 -2 137 -125 -120 -195 5 -9 86 -28 228 -3 -22 68 -171 -169 138 -34 90 212 -241 70 -204 226 -197 21 216 -7 -83 163 108 -178 130 231 148 -66 -134 -198 0 27 -19 -48 209 219 147 -219 -239 43 23 -54 -12 -188 156 203 -29 53 -155 -121 111 -72 238 57 -113 -79 -38 -86 82 -124 9 88 -58 -137 -70 -81 -234 139 -91 -177 -179 74 198 -248 -47 -30 211 131 218 133 223 -109 -165 -218 -151 -110 71 184 76 -55 24 65 41 -176 -136 249 13 -67 15 -232 -208 232 -202 132 38 49 114 -87 -164 -118 136 -103 -51 225 -15 -77 98 158 -108 102 -199 200 59 119 61 -74 104 -46 115 87 221 246 123 -21 -107 39 4 189 6 229 -243 -228 -99 154 175 185 97 -85 -78 -8 157 96 176 -143 50 128 202 -102 224 -36 -117 -32 -149 -24 67 -168 -144 -244 126 1 121 146 -80 215 -126 -95 -98 -40 -4 -192 -226 -100 168 91 -180 242 -250 178 240 191 161 -145 -56 45 -26 217 227 -227 2 -50 -220 110 -236 -13 -53 -43 89 160 58 241 84 201 44 -238 124 171 -90 32 188 -141 237 3 -135 46 -214 72 153 -235 -69 -172 -101 79 -222 187 118 -210 129 152 190 206 -92 47 -150 54 140 179 -111 10 205 213 -229 17 143 105 37 29 94 -14 -230 122 -128 150 -182 80 -112 155 170 -154 120 103 -6 -35 18 -61 -158 48 36 -39 164 172 -174 -88 -119 117 -52 182 -97 -94 -191 106 
TEST 47 ARG:-105 -176 -239 3 72 -46 -43 -154 144 -232 107 -186 -40 -64 137 82 188 -55 -203 229 -72 -56 67 -59 235 -233 87 -238 -88 -178 43 -188 -29 6 -85 52 105 140 -168 174 -44 -14 47 123 36 64 175 -248 -100 203 66 -192 -87 -201 106 -142 166 5 138 -13 -151 176 78 -127 10 160 -167 0 75 -33 208 -57 71 25 46 -101 -227 181 -120 96 157 -199 -139 -31 -74 -98 -110 12 189 150 131 34 147 -184 226 -170 152 -193 168 169 18 -93 -91 16 -182 -216 -179 53 234 41 -243 -77 134 -147 236 -231 242 -1 -49 -215 118 -62 -162 171 240 154 178 110 -63 232 -220 -223 -224 207 221 170 -45 -122 -11 187 11 185 -116 199 58 -134 190 60 56 -89 182 158 244 -146 -171 -196 -157 -113 -246 -36 177 135 35 -48 214 165 -247 -190 -78 -2 127 13 51 93 196 141 129 26 192 77 -70 247 92 -219 -117 193 -166 -95 -58 198 76 -28 113 -82 -137 -22 21 -9 15 -141 213 205 -244 42 65 89 -24 248 99 -208 -226 156 124 31 4 -229 180 -165 -217 -152 220 74 81 61 223 -126 49 -206 28 20 -159 -23 -241 -187 -235 -135 164 209 62 30 -198 125 245 23 14 48 -173 -143 121 104 162 132 126 183 -204 111 -103 -30 186 243 191 184 -177 -140 -61 -197 -191 -32 -153 -237 -114 116 -161 -175 109 -240 -60 108 163 179 37 146 32 24 -207 -37 -6 -155 115 -84 68 38 -156 -209 84 -245 219 -38 103 -230 69 -125 155 241 228 112 -108 -128 -212 -39 159 -51 -111 206 -130 143 -221 136 -213 -66 142 -222 -35 -132 59 230 -236 197 114 -163 -65 -79 -8 238 -164 -104 -129 -109 -52 -18 -133 133 -21 -214 -183 -83 -149 -250 120 44 2 -185 -210 -99 130 55 40 45 217 -81 57 122 95 -12 117 148 -124 17 -242 -112 167 -225 -96 202 -47 -15 151 101 -123 -97 -211 86 218 -71 -118 212 246 -180 -205 -106 194 -50 -148 -53 119 237 85 -131 -42 -249 128 54 9 -136 153 201 211 -107 -34 225 -3 -194 22 98 88 173 100 -145 -76 231 102 139 -7 -5 149 -234 -16 29 -94 -17 97 200 27 -158 161 83 -69 -68 -228 -67 94 -26 227 -160 -195 -144 -121 -92 19 -189 -172 145 -10 90 -75 239 -90 1 222 63 -73 80 204 216 233 -150 70 7 -41 210 -54 -102 215 8 249 79 39 91 -115 -202 -218 -80 -200 -27 33 -4 224 -25 -138 -174 -20 -19 73 -169 -119 -86 195 -181 172 50 
TEST 48 ARG:-180 -163 91 -142 229 144 45 -50 -64 -42 1 -158 -8 -114 -246 244 -155 70 149 -87 -249 -120 43 -240 -108 -30 -229 231 95 15 241 152 -47 39 139 -122 -35 -127 61 -188 193 -235 236 3 -162 240 177 -113 94 214 -145 -31 150 116 -242 -153 -143 12 212 158 13 -5 -97 -13 -58 -140 100 72 92 -110 190 -72 67 -179 215 238 245 -156 165 46 -80 171 71 42 -95 -134 21 -84 -18 -69 52 -176 -217 140 78 47 22 -16 200 -6 181 -132 226 -76 168 237 211 -15 210 -136 86 -137 44 141 -22 172 -125 -7 -208 19 134 -81 184 -220 -119 10 232 218 55 -118 -53 191 63 160 148 -177 74 124 -44 -168 -104 195 -112 -250 60 -49 -103 23 81 -184 170 143 -205 -91 125 155 30 -65 62 113 -48 -121 -195 75 -27 -29 154 -178 -138 -123 -231 127 129 7 227 -200 25 192 164 126 -198 34 228 20 -124 -99 -40 79 239 68 -9 -128 87 222 73 -101 -12 156 49 111 174 -210 -25 122 -181 213 224 -236 249 40 -170 -245 -23 -21 162 -36 -224 -183 -10 41 175 27 -204 -150 146 108 142 173 -226 -66 -166 147 -247 51 206 186 33 0 -60 208 -173 -17 17 6 56 -107 -20 8 54 -182 -79 -70 85 9 110 -227 35 -243 -160 65 -115 -222 2 -159 64 84 98 107 178 -83 198 -100 -129 247 -94 204 -43 -187 36 -102 -45 -19 -192 -174 203 114 -117 -146 153 -175 -54 130 -57 -74 145 -41 105 196 -37 76 -90 230 132 209 37 -39 -3 121 -221 207 103 -248 -1 -237 137 -82 59 88 -98 -149 -212 -52 -63 -213 220 123 26 16 118 233 221 -92 48 -219 138 -233 -151 -62 -144 50 -241 131 38 -126 202 53 -96 -75 -4 176 96 120 136 159 128 66 -85 -214 69 -93 80 -55 -67 189 -131 -169 188 -189 161 183 -218 -197 57 -33 101 82 -202 -133 185 194 102 -38 -239 169 -171 217 -105 -152 180 109 -61 -211 -148 -234 112 -135 -116 -73 -34 197 11 167 216 248 -196 -106 29 -172 -77 115 -11 179 -141 -232 -185 4 133 -68 -89 99 243 -139 -161 32 151 201 -216 -209 -56 -203 -86 199 242 14 157 5 -207 235 135 182 -71 -191 -51 24 -201 31 -165 -154 -111 -28 77 -194 -225 205 28 -2 -157 -46 58 -230 -186 -193 97 104 166 -244 223 -228 -199 219 163 -88 -223 225 -14 -32 187 -206 -147 -167 83 -164 -238 -24 -215 -190 90 246 117 -78 106 234 -26 89 -109 119 -59 93 -130 18 
TEST 49 ARG:-142 24 152 -209 211 -155 198 164 18 161 -153 156 179 105 -156 -59 11 76 -110 -131 -27 -125 -151 -71 137 -13 -228 -40 81 -214 174 180 62 -181 23 -66 111 98 -65 -49 -122 27 -38 -174 143 -100 -108 -221 52 -128 -6 -109 146 97 120 -21 -190 162 -244 149 -212 138 245 225 -45 184 -126 -154 -193 -231 -102 -90 72 106 166 -164 -47 -29 -91 -116 128 217 2 200 -150 -51 121 -208 -83 69 -84 186 177 100 -238 79 154 -7 -94 74 -175 -176 39 -37 6 215 192 5 220 57 16 167 190 115 -167 -86 -123 -35 15 -23 49 4 122 -149 -48 -224 -57 86 130 -107 -241 -39 212 176 157 -177 145 172 -218 31 -227 0 173 78 -121 -77 89 -195 63 112 64 59 -96 71 187 94 73 -198 -220 -184 -213 158 -232 -199 -82 -119 -249 -18 -145 67 -188 -219 -143 -97 -8 193 107 83 -42 160 56 -4 -30 87 -56 -52 -133 -104 119 -250 -19 -201 36 118 205 96 -67 -76 -234 38 -185 -215 -88 -246 -112 234 147 144 -98 -89 -61 189 -236 195 240 -162 91 103 -186 -20 -24 -159 228 58 88 -229 -160 104 68 210 -80 -2 80 -152 -197 -204 84 -247 92 26 148 151 -33 183 -172 123 -225 -226 90 7 -140 43 -60 99 -69 -54 32 -70 -111 -240 48 37 29 -28 -144 -79 -68 204 237 -222 -10 -161 -3 -210 9 28 136 -5 -81 -31 178 19 114 239 -168 -129 -235 110 40 -26 159 222 -200 3 41 139 14 -78 61 170 -1 -206 -230 70 127 -36 247 109 229 -135 17 10 12 153 -127 124 -223 208 194 -14 95 -165 188 -117 213 165 231 -158 -72 -169 45 -103 197 82 -171 -63 -106 47 242 46 248 241 -146 53 -55 233 -139 185 8 22 13 -138 20 132 -22 44 77 -202 -50 -64 238 168 216 30 207 42 55 35 218 -141 -248 66 -120 65 223 -62 -12 101 134 201 -124 181 -203 -16 -44 226 -157 129 -9 -233 227 34 -187 -242 235 169 -43 116 75 -194 232 131 1 175 -74 191 -41 50 -243 93 21 -11 163 -147 141 -113 -245 -207 202 60 -73 142 -217 -180 199 203 196 -17 -216 -114 171 -134 -130 -85 249 -101 -196 -87 -132 -99 -239 214 108 -95 117 150 -191 -93 135 -137 133 236 224 -34 -182 -118 126 -179 -211 246 140 230 51 113 -173 -53 -105 -189 -92 -163 -136 -170 -15 102 -192 125 -46 155 244 -115 -32 -183 221 -237 243 -205 -166 -25 54 85 25 219 -58 209 33 206 -148 -75 182 -178 
TEST 50 ARG:120 -201 98 52 -91 239 -169 -176 32 -217 187 216 240 -44 -54 139 -9 -112 96 -90 -200 -158 -62 -104 73 246 138 9 130 -159 69 -195 -52 -2 -219 -27 47 -34 -174 -82 -70 -207 -189 212 221 -154 -120 232 86 109 -143 -187 -222 -173 -51 -128 210 -109 -68 -234 186 148 123 -79 151 -157 2 101 155 149 116 63 182 -116 -46 -144 108 -240 -33 -57 15 -72 -105 121 1 -1 105 -83 133 -164 94 55 153 7 -127 170 87 -150 -186 25 82 26 207 -15 172 22 117 215 181 41 169 -87 -231 -137 -122 57 -47 -133 -196 24 61 -71 88 -50 17 34 176 229 211 213 230 -126 -178 -216 238 -170 85 30 29 -248 166 175 193 38 140 -73 -136 -175 217 -93 -76 196 -245 236 -45 -190 -236 -23 242 -80 159 -230 -191 -156 -140 71 -42 -250 -241 -102 218 92 -228 223 222 219 194 -182 -238 -74 165 93 -8 -30 -138 -66 161 23 -24 237 -177 12 125 160 -167 -92 49 -114 115 -204 245 53 -214 -11 233 99 -171 157 228 -121 -53 -96 249 202 -134 -232 -49 113 -65 66 -77 -59 36 -32 -179 84 -21 78 -95 -99 -142 -237 -38 -224 -220 112 -60 167 -229 174 102 179 154 -247 -118 141 201 -106 -26 89 -58 -149 227 -97 -22 -12 248 243 45 4 -244 118 44 204 -223 -203 -124 -108 -235 -125 83 -67 163 -19 -18 -211 -141 -185 -246 190 -225 145 162 28 -151 -210 -148 -48 134 209 247 91 -146 -249 -39 197 68 -117 50 -29 97 -113 171 -16 42 -56 200 -152 18 -233 -183 -110 203 90 128 188 59 51 122 -243 72 -17 11 -85 -215 127 -197 114 185 -13 178 -193 -63 75 231 199 -205 77 -194 21 19 137 173 -37 60 81 76 3 -145 107 64 14 58 33 95 16 156 126 -221 -180 -242 -88 208 74 135 -155 5 241 -208 10 -100 198 39 27 -132 191 -192 -75 129 -20 192 -166 -135 -153 -89 142 -239 20 131 -94 180 136 -103 -160 -209 -69 70 -36 -25 244 184 13 205 -101 43 -161 -198 124 -188 206 -172 -6 62 -10 -14 -206 158 -226 225 226 -130 -41 144 79 -111 -139 80 150 -84 40 -119 -64 -7 -28 106 -78 -168 177 -147 -4 48 -61 -107 -55 37 54 -123 46 -98 103 235 132 220 8 183 -165 -131 -199 -212 -227 -43 67 104 -218 100 -31 224 -202 -129 -181 146 195 6 -3 214 164 56 143 119 35 189 -86 -163 110 -115 65 -81 0 -5 -40 168 31 152 -184 -35 111 147 -162 234 -213 
TEST 51 ARG:-36 21 -227 61 72 -220 182 213 -66 148 -23 -107 93 -32 -198 -241 -143 53 -233 140 -7 225 169 74 -166 -154 -218 -111 -235 -156 -37 13 -222 203 247 -95 163 -232 5 58 49 110 221 -90 -168 -105 42 244 -34 194 68 98 146 -239 -100 26 -123 -216 -187 -145 -47 153 84 -50 -229 -182 33 -194 -38 190 121 -175 63 -244 -202 -26 -60 -144 -59 150 -5 92 -31 -130 57 -118 -92 132 32 206 -212 118 -27 -129 228 245 60 -170 101 -214 23 202 -191 55 -155 -148 219 211 76 69 -86 29 90 176 231 -140 227 117 249 177 -146 123 204 -200 -204 -219 22 -119 -4 -237 240 -49 -215 56 174 210 59 -78 234 12 -192 -84 161 -142 -24 242 -211 -171 143 -33 215 -157 -183 223 -225 -139 218 -176 73 86 106 130 31 -69 -20 197 -99 36 155 -94 207 -41 -226 -131 -151 39 62 -29 78 131 -98 -72 193 -127 125 -136 209 -39 100 -221 180 -126 -101 241 6 -54 -114 -163 17 -121 142 -207 77 232 -55 66 41 137 -14 44 79 167 -122 -2 -179 127 -125 28 217 30 -172 119 -12 -189 82 151 -96 -213 87 201 -137 -190 -209 -42 112 -246 -120 -224 181 171 222 170 246 -197 -135 -3 145 -57 -74 95 116 71 -85 135 -45 8 -165 105 -79 -181 -15 9 51 -113 99 238 -149 -104 154 -83 10 -240 -159 54 -103 195 -9 138 -128 -173 -188 226 -89 144 -193 -76 235 15 -203 -132 168 52 107 -91 134 11 -238 237 80 129 214 89 -158 -75 -13 25 114 -35 50 -67 -88 47 -150 187 158 248 -243 -223 124 -210 -1 94 229 -73 -108 -87 -46 16 -164 4 -134 -112 -10 165 212 128 152 109 -70 224 -180 -62 -28 -242 236 -63 -116 -133 97 230 233 -52 -11 173 179 -68 -250 -230 -115 -93 40 -109 139 38 136 205 -169 20 166 -228 -44 199 43 81 -22 120 -71 96 -58 -80 102 35 -199 157 160 147 88 -161 186 70 104 -77 113 -160 133 -167 -43 7 48 -162 185 -195 -30 126 -56 18 149 85 -19 -184 24 200 0 208 -147 -102 46 108 1 -81 -217 172 -186 -48 -236 183 -17 67 -185 -53 191 -6 14 184 83 -8 -208 141 -21 196 -247 37 239 75 -16 -40 164 -196 -248 -152 -178 192 91 -110 27 -97 243 -153 -51 122 -177 -174 178 -231 -245 -117 -61 188 -25 -106 162 -18 45 216 19 159 -141 189 156 -138 -124 65 -234 -201 198 -249 175 111 -82 34 -205 -206 64 220 -64 -65 2 115 103 3 
TEST 52 ARG:-208 47 172 246 131 -87 240 -211 204 101 108 5 -160 -191 -219 149 147 -119 231 -24 -67 -128 -65 -241 -49 -165 139 -102 -17 213 -86 182 -47 73 -50 62 -83 -116 37 236 134 -25 -91 -132 -36 -249 116 140 -174 193 -10 160 -46 -43 -42 2 104 -58 -232 -20 54 79 206 123 -175 43 -143 111 -121 118 -105 232 -103 -134 219 135 -227 -136 113 -31 -182 51 -235 -78 -245 148 216 -51 35 210 44 -221 29 -177 -131 249 -113 -226 -9 81 90 -207 229 -231 -64 179 -184 -172 7 -158 -168 -239 146 155 145 158 209 187 -200 -225 -13 -127 89 156 247 -16 61 57 23 68 46 -66 166 195 151 -19 -39 235 -82 16 95 -80 121 -48 197 221 -71 194 -14 222 -228 31 141 -120 -222 196 -62 207 34 -2 -198 38 -53 107 -93 -179 88 132 243 24 -57 55 -223 119 199 86 80 202 58 169 97 -26 159 -110 -196 -55 -106 129 -171 -100 -112 214 -192 -125 -33 -188 41 36 177 14 -181 87 122 -204 -240 106 59 -111 241 -41 27 -140 -250 -104 3 -141 -101 170 -63 83 -215 12 -3 33 -117 192 -133 -150 -199 208 -23 77 -151 -34 215 234 -157 39 183 28 -242 -18 -189 102 85 185 218 -167 -187 -248 154 -52 75 103 -89 248 -193 115 -107 52 -79 -90 -29 143 32 72 -159 69 -99 175 -97 191 -183 30 163 178 -129 -27 -108 -186 50 -126 100 168 233 109 150 -5 -162 105 -237 63 181 144 -238 -61 42 -176 -95 152 171 48 -214 -203 -15 -4 10 -44 -11 -212 -243 -142 -194 -123 -236 21 227 153 -197 -73 93 -118 -88 4 -74 -139 -178 -161 212 -60 -69 -230 -206 110 9 -170 1 -21 -77 65 15 -138 91 22 -45 13 -109 226 -233 157 -163 -6 -122 40 84 -130 49 -190 6 -149 -1 138 70 -234 188 -146 137 -35 -244 238 45 0 190 -169 245 167 205 -81 237 92 -195 -84 200 -224 -247 -92 125 20 -153 -147 11 173 -144 128 -22 74 136 165 244 -72 124 -216 -7 19 -152 126 -85 -75 -205 -218 8 -56 211 -124 223 76 130 -32 230 53 67 -137 220 -40 -37 94 -94 -210 176 96 98 -38 71 -59 -96 198 142 -180 -155 -114 -54 25 120 -148 78 127 -76 162 -68 -145 60 184 228 -217 82 18 -202 -135 -156 -70 174 -229 26 17 203 -220 -209 117 -98 242 225 99 180 64 217 -166 -12 -173 -8 -246 161 56 189 -164 224 133 -185 66 -115 201 -213 239 114 186 -201 -30 164 112 -154 -28 
TEST 53 ARG:-157 -201 -115 114 126 -234 224 160 -212 94 -133 137 74 139 -26 39 -96 104 92 168 99 3 -114 6 90 -129 54 -110 -13 -183 -250 203 -144 178 -143 -155 122 -166 192 -145 -25 37 -89 62 -161 78 50 177 9 219 -27 125 193 89 -225 8 56 -137 -135 -213 -75 86 -197 -9 -165 128 -128 -130 -78 96 -34 49 130 -209 41 93 -152 -249 -163 -123 -43 -1 -217 123 -187 -18 -211 154 -32 73 141 105 -146 222 231 -243 -158 27 -151 -53 -57 -215 -191 135 167 -68 108 -120 -162 131 -37 -79 -71 235 -46 44 -150 5 -62 82 -22 145 -246 194 -106 -232 187 183 172 -124 10 240 213 -199 -85 -41 -73 46 -91 107 195 -51 -119 28 -63 175 245 -204 209 -24 60 152 208 112 80 216 -167 124 132 246 -117 176 87 -220 -190 -148 -35 -147 18 -221 223 163 -101 191 184 35 127 -224 -177 72 144 -240 113 -244 156 237 -65 -196 84 103 -235 -174 -134 171 201 212 205 157 -44 -227 -140 97 211 15 -171 69 -95 -93 -138 -88 98 -42 12 110 95 -29 11 -233 81 243 20 -39 220 181 119 -159 -8 14 -50 -23 218 -210 -84 -160 -200 4 -127 -245 121 169 -141 244 -108 -45 -222 -176 116 -164 215 -241 102 -182 75 -70 -172 -87 -181 -218 247 -105 -112 109 118 -131 232 -192 22 -226 -180 -122 -170 -77 200 -175 164 162 180 -103 -193 204 45 25 -19 -208 -121 -194 -69 -47 -184 143 -189 190 -38 -14 197 -236 21 -116 179 134 34 -80 68 117 242 53 100 -188 -239 234 -82 -81 239 -229 241 217 19 -67 31 -230 -142 -118 233 40 174 -99 161 153 -52 151 185 -17 206 230 42 -107 -92 29 146 -247 -111 -223 207 24 -64 -40 -12 202 -4 -231 -242 -55 -179 58 -126 129 -195 158 248 -97 189 225 -219 -207 -48 -90 88 166 -16 -72 43 165 140 -20 -173 67 48 -10 -60 -238 59 249 -31 136 64 120 -178 52 91 106 -94 -203 -228 -66 186 36 63 214 155 -109 -58 7 236 -36 -28 159 150 173 55 -237 17 -132 147 -59 111 149 -15 -139 -11 -154 -2 142 -102 -149 -136 -83 -153 -56 83 61 -100 57 47 -104 -98 65 -216 77 -6 210 13 238 -205 182 38 188 199 198 -168 -3 -54 -30 -206 221 -185 -113 85 133 115 -248 -33 16 -186 196 23 70 -156 -21 226 33 -5 0 170 76 -61 32 -86 -202 66 -125 30 -7 -198 138 -169 227 -76 -49 -214 79 148 229 2 -74 228 26 71 51 1 101 
TEST 54 ARG:-35 147 140 -58 -49 74 204 83 -177 170 -213 -75 63 94 -211 -147 -16 -172 -85 73 -181 39 -68 -46 33 -156 127 131 -228 181 173 -183 224 -27 -56 -144 -100 -99 -200 227 -84 -104 -137 -103 110 -76 -212 -187 -92 21 135 177 7 -148 -71 -47 90 188 149 80 69 44 -152 143 -233 196 46 194 123 -116 -121 -131 165 77 -225 -80 -153 81 6 79 13 52 -226 48 -20 -146 -193 100 96 136 220 -198 11 -196 -168 -249 -219 189 -237 -150 205 -248 -176 -202 185 23 122 159 -5 -79 -138 192 203 86 176 121 -97 -169 14 164 -155 9 -174 -113 -30 -201 71 -234 104 51 -227 -186 183 -123 197 114 132 130 -203 72 -223 -38 101 124 24 -132 87 195 -13 -134 145 -57 19 -136 -135 -239 68 76 17 54 -175 -128 98 222 182 65 198 -6 -31 207 60 236 -115 -164 -23 -34 -95 -105 240 211 42 -69 -180 212 -77 1 102 -188 179 -29 186 36 97 -1 248 166 199 193 -205 -191 -101 28 184 4 175 118 190 -15 -53 -96 116 -240 -242 249 -98 128 180 25 -67 -204 -195 -159 -236 -12 -61 157 78 154 -21 242 218 -59 2 -179 -4 -250 -190 -189 10 56 -50 119 -17 -217 141 -114 134 -129 -55 8 66 -142 -102 -33 -216 -43 -208 -82 206 214 49 -66 -28 -224 -65 -149 -130 243 -26 -171 93 -2 106 160 -207 155 55 -112 -63 208 40 57 -52 31 -178 -222 75 -110 -124 -206 -41 129 225 245 231 200 20 27 162 -151 -197 91 41 35 148 -229 53 89 -127 125 -90 47 -36 -94 167 34 172 -40 15 -243 187 -157 213 223 -24 105 -231 146 45 -51 112 29 -182 161 -19 -192 88 237 -62 201 -88 -126 -232 38 62 219 -81 -199 67 144 -54 95 -165 163 -244 215 -158 -22 235 12 92 -9 32 -154 234 158 30 241 168 -238 150 107 142 -78 -10 -184 5 226 209 -214 50 37 115 99 -37 244 3 -167 -125 16 58 26 -106 -119 228 230 111 -83 -160 0 -42 229 -7 -3 -8 -45 247 -108 -120 59 -246 -162 232 -89 108 -143 -118 -44 246 -145 -64 126 -25 -141 -122 -39 -170 191 117 171 233 -139 113 120 239 -215 -14 -18 -210 70 138 -70 82 -86 -111 151 -48 139 43 -60 153 -93 238 85 -91 61 -173 169 156 -163 -11 -74 -140 -133 109 -117 -32 133 152 178 202 -209 -230 -107 18 -72 84 -73 -220 -247 -166 64 -218 103 -221 -109 -235 137 -185 22 -194 217 210 174 -161 221 -241 -245 -87 216 
TEST 55 ARG:-93 -69 172 150 127 210 49 -140 -14 -248 -119 -96 -182 91 104 190 116 128 -110 -89 -34 5 230 -239 -186 -109 88 -245 -21 -172 -111 121 -118 -233 157 17 225 175 -207 43 -183 246 -125 -194 77 -243 219 183 -16 62 -67 45 -77 -185 200 -116 199 125 -91 -33 -137 -98 75 142 1 60 52 53 186 14 72 32 203 -193 -160 98 4 -70 -136 -250 241 -84 11 243 56 0 112 111 -104 100 107 122 193 144 -228 129 50 -241 58 -65 115 -198 208 -154 -113 -158 118 -122 -9 189 65 -95 -12 -141 -45 -246 -156 -55 23 169 -78 -80 -157 97 -187 -43 9 -247 80 -171 -50 -49 -129 106 -100 151 -234 96 196 -217 152 -79 -202 22 64 40 -181 51 -206 84 176 -59 -135 -4 167 30 -61 -13 -170 -164 -159 -99 -237 244 -138 71 -27 -48 70 201 37 247 239 44 -88 235 -249 132 182 67 229 81 123 -57 8 -128 66 162 -166 18 -123 114 171 73 94 -52 -102 164 181 188 180 -35 -37 198 179 -29 -224 28 -63 -101 -124 221 38 7 -173 -175 -188 -42 -11 -51 159 -219 217 -190 224 82 90 -8 -203 -97 -2 -211 136 -147 39 -92 2 140 -30 218 -87 228 -60 -210 147 191 36 -149 194 78 214 -150 131 -163 46 184 21 33 -174 -225 -107 205 215 26 95 -197 -195 178 141 -25 -223 227 -47 -112 143 86 149 119 -177 236 6 -58 13 -240 -5 -215 41 -145 165 -71 12 -179 -242 145 -155 163 113 -85 -178 -7 -106 59 -176 -68 -132 -205 174 -1 231 160 19 -214 -53 -151 -22 -75 242 -204 -161 57 -28 -192 211 222 -74 -3 -232 -236 177 187 -216 212 102 16 -196 202 209 232 68 207 204 -180 234 83 -24 220 -81 -115 -72 -20 -227 213 148 -121 185 -18 249 -41 -44 54 -244 -222 173 245 -86 -105 -17 130 15 -127 137 61 124 197 103 133 -235 35 -168 31 -10 -199 158 -165 -200 76 -126 161 -120 69 -208 101 153 -169 -213 -56 -64 99 92 216 -90 192 -62 226 -26 -73 -209 29 -108 24 -32 135 -134 20 117 -221 -66 -15 -6 63 -31 -82 120 156 -117 233 -201 -220 -230 238 85 -114 155 93 170 -139 -148 -143 47 134 -36 -38 154 -46 139 42 110 27 -226 -153 10 48 89 105 223 -184 -146 195 -131 -23 126 108 168 -19 237 79 -54 -39 -144 -238 -189 -133 -94 248 3 -212 -229 -142 -162 -76 -130 55 138 34 206 25 -218 -191 109 -231 -103 166 -83 240 -152 87 74 -40 -167 146 
TEST 56 ARG:-200 113 -231 -203 -53 247 52 18 -230 -168 -205 -136 -111 -158 14 -174 -59 163 211 179 95 101 129 -192 -201 -169 91 97 -209 159 162 -160 -235 158 170 242 -219 34 -27 -91 199 -81 174 122 107 79 -121 -26 171 -113 6 173 -41 195 217 -125 37 -197 43 -220 -164 -118 161 -222 148 -116 125 120 -227 192 169 55 -112 -80 41 -152 47 84 186 248 -193 -57 202 -97 -37 -214 70 172 48 85 140 -89 4 94 106 153 -137 -124 220 -127 134 -154 103 154 -243 39 -225 151 -105 127 28 215 -8 -6 226 -218 100 146 115 63 -64 216 156 -144 188 -35 118 -199 77 232 -183 3 -191 236 -188 -58 59 -150 -173 194 231 207 210 165 104 -181 92 73 24 -163 27 -43 229 -145 -206 -157 -18 -210 -162 233 -155 222 9 -147 -232 13 2 64 218 -96 157 -223 96 -211 11 -129 -186 -190 -22 187 -23 49 -122 234 -31 -247 238 -156 -74 -76 -83 -54 150 -237 175 -165 189 -135 -3 5 138 -101 -171 -141 -4 -240 93 -100 -73 -99 66 126 -98 -24 227 -217 81 38 213 -142 72 -221 -198 71 -131 -69 -244 -84 -229 -19 -44 -86 -175 -250 98 -172 136 51 -106 108 221 -108 105 -114 -47 -242 219 -130 -226 -14 -195 124 -32 -36 177 -236 90 99 -149 180 241 119 -246 -28 212 -65 -10 -40 12 -180 167 -71 -56 87 239 21 67 -120 -161 235 -52 -1 230 -85 82 193 209 -184 25 -79 -92 -60 -21 -38 149 26 -228 181 155 228 -213 -133 -153 -77 -224 145 50 -29 -7 164 112 178 65 -78 -104 -151 -132 130 -9 224 68 -107 109 20 -123 -187 116 111 117 166 206 244 -178 203 -67 -61 -72 128 17 -134 23 44 -248 -148 69 88 225 -12 -109 -128 58 -5 196 -196 141 137 200 29 -179 -103 133 -140 -208 237 -88 83 35 -189 205 -167 182 -233 60 143 -166 -194 -238 57 80 208 -17 -75 -94 -138 184 -33 -34 -2 56 168 -139 -70 123 114 110 36 -202 -249 -82 30 -176 -239 89 31 61 -66 -204 -16 32 -62 74 -48 -185 -11 76 185 -119 -126 -102 -234 -51 0 131 -170 53 8 214 190 15 46 121 -45 10 19 -110 -207 -245 176 144 -115 102 201 33 132 160 -13 -241 -25 -20 243 -39 -42 1 42 22 147 245 -15 197 -216 78 -159 -49 -63 16 40 -177 191 -212 86 45 -93 -143 -117 -30 198 183 -182 -90 62 -146 -95 249 204 -87 -46 -50 139 135 223 -55 142 240 -215 -68 75 152 54 246 7 
TEST 57 ARG:70 -161 -143 -173 187 72 -206 103 -214 106 40 136 -145 -12 20 91 68 203 -136 -9 -130 156 -193 118 67 16 95 219 -131 -236 -63 155 140 -129 -125 202 157 -78 -96 141 -104 8 116 206 234 0 -113 -27 -64 83 243 -186 -45 -177 24 196 -213 182 74 119 -84 -215 245 -102 216 204 46 -31 209 164 165 78 -154 -83 -112 -120 -160 123 181 -150 213 238 -195 -174 142 207 233 -29 47 -21 -225 60 30 138 127 71 85 -210 239 36 -216 -111 197 -95 -207 -34 -190 -50 -155 21 -178 -158 50 -175 52 191 -156 -235 183 65 56 -72 168 -141 -123 248 54 -82 14 82 -135 -54 94 -67 -170 64 -30 166 -18 -90 39 -115 -122 -163 -238 -243 220 152 -42 4 6 -100 -239 97 -92 86 153 154 -140 -114 48 231 -205 241 109 5 -13 115 -19 173 -17 -199 -35 -228 146 -73 151 -51 176 -227 200 75 -230 -242 -36 49 -153 121 -184 -38 -169 225 163 210 89 -85 41 19 -41 110 -101 -3 194 -218 -171 -146 100 81 179 -126 -74 -246 -46 150 162 -71 -149 -180 230 -16 -48 -33 236 -89 133 87 170 -39 235 -248 249 79 -91 96 -224 44 218 -57 -202 -43 -192 228 212 190 227 199 222 18 -70 185 -187 -134 9 57 -106 -77 -105 -159 -37 107 -198 -107 186 237 139 -240 167 33 -166 211 -221 -168 61 -87 -148 -121 -93 -10 -219 195 -189 -200 114 134 -14 -157 -165 12 126 161 -188 -142 -181 -144 59 189 -203 -103 177 -201 -147 -119 120 -116 240 101 -212 17 -164 -59 -5 226 35 58 229 -176 -172 -23 1 -2 3 -8 -32 159 98 -53 128 180 217 108 -25 -110 15 25 -97 137 55 215 -231 -191 188 -132 -222 -11 -28 -55 -6 -244 -60 -117 132 158 223 31 73 -232 -44 93 -179 7 23 -133 175 84 -182 76 -62 208 -167 -220 -209 28 -109 143 88 131 124 -139 -183 111 11 198 -65 -86 -151 80 -68 130 242 184 -49 -56 -124 145 -81 66 -229 147 37 -162 244 246 174 63 122 90 129 -185 2 -208 27 -4 -118 -137 178 -211 -98 -75 -76 117 125 62 -237 205 -241 214 104 -226 172 -249 112 -152 -138 53 -61 -234 -99 -245 -79 29 -194 77 113 -52 135 43 13 105 99 224 171 -94 169 -197 160 -47 22 148 -1 51 32 -88 -7 -26 193 -58 149 10 -204 69 -20 221 38 144 34 -250 26 92 45 192 -22 -217 -80 232 -127 -233 -40 -15 -66 42 247 -24 -108 -69 -128 102 -196 -223 201 -247 
TEST 58 ARG:-45 -176 109 -49 24 -146 117 -174 -115 177 -224 -169 161 -234 94 120 197 135 15 217 105 183 54 -132 101 -165 12 -11 22 -74 71 -129 -168 74 230 47 48 -137 156 192 45 23 138 -13 193 -36 -237 -21 129 65 -202 -196 -41 -231 -223 -135 168 151 -101 246 -64 232 -195 69 186 -22 19 -29 159 -100 -96 -85 -138 100 -192 219 180 -153 -47 -242 126 130 -152 -28 115 52 64 106 85 8 -245 66 -70 110 -104 204 -172 -175 3 -110 178 -91 -71 -81 124 -7 108 -5 -122 119 208 50 145 -133 179 144 -178 -82 -25 90 99 -212 -60 170 -194 -12 200 -247 -118 -89 -86 -228 218 97 -233 -105 -163 153 -18 17 176 163 -188 226 -173 -229 -52 98 -97 -93 158 -66 -99 91 147 6 63 212 216 61 82 83 26 -62 4 75 -185 41 -239 149 -150 -87 -140 -243 -111 -166 21 237 113 35 134 39 -162 -34 -125 103 38 140 223 195 245 -126 92 -123 -214 175 -46 -219 187 240 224 -107 60 146 -144 14 148 -121 185 80 -235 198 247 -142 220 184 -160 -227 -98 202 88 -159 -134 30 -180 194 -226 244 191 -236 -170 37 10 -84 20 243 242 -77 -191 -210 -55 -2 199 -42 -250 142 -164 -116 -241 49 -208 157 -103 84 -56 2 13 133 -225 -40 42 25 -136 -218 -181 18 188 -4 127 95 171 231 167 118 -161 -31 122 -141 -69 -8 -27 -184 235 123 -204 -209 -33 -198 -200 -244 -9 43 -189 -59 1 -148 40 112 -206 -108 29 150 114 211 46 -249 -203 -88 249 5 -51 59 248 238 -65 -124 210 196 -83 78 56 -248 -10 -54 221 -128 182 79 87 -39 72 -6 28 102 44 76 33 141 27 89 116 233 86 -130 -190 206 -23 93 -50 136 -3 0 -35 236 -37 -171 51 58 -154 36 241 -20 -213 -24 34 -44 -157 -186 -156 -53 81 -120 132 -145 -131 165 -90 -199 -58 -113 77 214 -57 160 131 -14 155 -216 -149 201 53 -246 32 107 207 -30 -201 -72 172 137 152 169 203 215 190 139 -75 9 -73 -230 -19 222 -112 -102 166 -117 -147 -238 234 -205 229 -32 70 -68 -220 73 -207 143 -63 -67 -183 -106 16 -109 -114 128 173 111 225 -193 -38 -95 -17 -221 -177 125 -94 -127 -158 -80 -222 -182 189 62 55 -143 -215 -61 57 162 -16 174 -232 -48 -78 7 209 -15 154 205 96 -179 11 -217 -119 -167 213 239 -92 228 -1 -76 -211 121 -155 67 68 164 -151 -187 -26 -197 -43 -139 -79 104 181 -240 31 227 
TEST 59 ARG:153 -168 42 91 -28 -5 135 169 117 138 28 46 -113 174 -116 129 -189 -247 95 -101 24 151 90 5 136 70 213 223 58 -200 159 -1 44 -32 27 246 -179 -146 -11 -162 -18 200 113 84 75 -240 -224 -221 183 137 -125 -187 -133 -30 -118 179 83 -109 -242 -39 48 -159 202 -16 -61 93 191 -100 190 -34 19 245 -241 -38 -248 -139 128 -157 220 -14 41 -44 -97 -140 152 -165 -123 35 185 122 -226 -228 -150 -218 234 -223 79 51 121 59 -40 -121 92 40 -127 -46 155 -217 -13 6 -17 104 211 14 -250 -244 0 -164 -80 13 -151 -75 141 -81 -95 143 -145 -188 49 181 209 -15 -102 -45 -35 -186 20 -108 130 193 -112 144 47 -176 207 225 232 -7 2 235 -47 230 -87 -174 -195 -54 184 110 -78 98 236 -37 -98 -152 -141 229 8 -74 -50 -48 -104 154 39 -83 147 -160 -209 -185 -245 100 167 164 56 76 87 -85 -88 -239 -129 96 -6 25 82 131 -21 -199 197 85 -193 170 -194 38 -211 81 -110 108 118 -220 150 -161 189 171 106 162 163 115 65 -128 -172 94 217 -231 161 66 -36 -130 -236 -238 -67 -177 221 -147 111 114 -84 -215 176 247 228 -149 -111 178 -233 -222 99 -246 212 -126 17 120 -178 231 244 -52 188 -181 36 237 214 123 -196 -163 173 -25 149 -105 21 -180 67 -173 -56 -225 -29 -64 -201 102 180 -142 -243 -154 -117 -171 233 239 226 -134 140 86 -219 -49 -86 -42 43 -76 205 26 -170 243 32 222 -33 238 187 -22 -73 -156 97 -23 -89 -55 218 -91 71 109 125 61 -198 10 33 -26 195 -197 133 -155 -124 -12 -120 -143 -2 34 80 156 -205 78 -153 -227 215 -51 203 166 -72 -206 -60 -131 204 -169 -237 -191 22 127 -4 18 -59 -234 216 -63 12 29 -31 64 -69 -249 192 -103 -214 224 201 -99 -10 60 45 -137 -106 50 -58 103 -166 -66 242 -190 210 -27 -79 -204 -235 -82 194 196 31 -77 134 4 9 52 57 -24 -114 -192 227 55 -148 -183 -68 -167 -232 248 30 158 -65 -212 124 206 198 132 -3 -202 11 145 -9 -94 -216 157 241 -115 -90 -213 -20 3 139 -93 165 -119 -92 112 62 208 -19 -210 -138 -135 240 69 -70 101 -184 -182 -208 -41 77 186 -158 148 168 -107 107 -57 160 119 177 -53 172 -122 -203 -71 89 219 54 63 16 15 199 -207 68 1 146 -132 249 53 175 -43 7 -96 73 182 23 -230 88 37 74 105 -8 -175 116 142 72 -229 -136 -62 126 -144 
TEST 60 ARG:236 -154 -94 159 76 -175 18 33 135 -148 119 -196 -16 -72 190 -3 -111 -231 30 180 249 3 82 -116 -4 -249 -31 227 200 -83 -228 187 -129 -85 45 -118 -167 149 117 85 219 217 0 181 94 46 -230 60 139 25 -44 42 -168 143 24 36 168 -244 -21 -248 6 174 49 -18 100 186 -237 226 -104 14 41 188 184 224 138 -87 81 47 194 69 248 -157 68 -81 72 206 244 193 -92 -112 -11 -176 -19 -9 83 209 -143 -191 -106 125 -159 -218 -49 -124 102 169 -133 116 153 -162 -153 182 -238 -241 -194 -66 -77 183 146 238 129 -61 247 32 -122 65 11 39 132 12 228 -110 -39 192 103 -98 230 -60 -14 58 -123 1 -210 -51 -147 9 -232 -223 -187 137 -207 207 98 -156 -121 -127 17 -62 113 -137 19 -46 -146 93 -132 -169 177 -216 88 -22 142 -170 5 -151 20 -13 -37 77 110 199 29 2 -186 -73 220 -243 243 234 56 -64 -239 163 201 31 -246 164 -227 -221 -55 -166 -235 -26 222 74 -163 216 -247 48 229 -40 -213 221 172 -90 59 -171 -138 67 233 133 -59 91 -23 -57 -47 -6 104 -211 -225 99 160 240 145 15 204 -79 112 -84 -115 -96 196 -114 -141 89 -236 -142 -189 -224 235 40 239 -38 57 -24 -88 -56 86 38 237 -41 -234 73 -126 37 23 44 212 -45 -202 13 -53 -109 223 43 -48 -158 35 198 -102 161 -165 -99 205 -33 -2 171 90 10 -86 213 173 178 170 -179 -181 -5 157 64 -226 -101 -140 114 -193 97 210 179 61 50 -195 189 -27 231 147 -78 106 -1 -108 -63 136 120 55 26 197 -215 -155 70 -204 -68 -17 -190 -12 -29 -145 -205 155 -130 -120 -164 -125 -197 22 246 -201 -144 53 -136 -198 -76 -152 175 34 185 96 -222 -178 127 150 214 -28 -15 -150 -240 54 211 241 225 123 -105 134 27 115 131 -20 -188 -245 -242 -250 -220 -91 -107 -69 109 -184 -131 242 208 -182 -35 -71 87 -70 118 162 -209 245 -206 -199 -36 -43 66 -128 79 -173 -183 75 -203 -139 -58 52 78 148 158 -219 195 -117 191 128 -34 16 -180 -113 -135 -149 62 95 -214 101 80 107 4 -177 218 -172 215 167 -160 144 141 154 -32 121 176 165 -208 -65 -192 -212 111 -229 -89 63 21 -134 -10 -103 -50 -119 151 -30 124 -42 166 -80 -185 232 -7 108 202 -54 92 -93 130 -174 140 8 -217 71 -82 203 105 -52 -95 122 -75 51 -25 7 -8 -67 84 156 -200 152 -74 -97 -161 126 -100 -233 28 
TEST 61 ARG:-240 -57 -7 192 131 -244 149 15 -207 148 247 -16 -107 -203 -108 -15 -217 -78 -93 -28 12 176 -52 150 217 19 -92 125 -25 198 -212 -157 151 -27 -148 -151 -127 8 -48 159 223 -123 134 -49 -47 -9 -2 -187 -120 90 -126 -12 119 52 -18 126 54 123 -112 128 -149 -105 9 158 -43 -82 208 -113 43 -14 53 -186 -233 133 136 -246 130 69 235 205 -115 -235 6 -63 20 -181 -87 -44 -195 115 -21 249 59 97 -193 104 -81 -45 26 68 147 -236 -182 -164 -88 47 168 162 21 144 152 -129 18 248 -185 -51 -191 -128 33 -54 -138 -72 -24 -175 -166 -250 14 -33 -65 -30 -220 -213 -64 -201 135 -60 56 193 3 -234 -114 -17 -98 63 -59 -68 204 95 -178 40 35 -168 -83 114 244 245 183 -132 -146 181 32 -110 -222 -34 62 -154 177 -102 24 89 209 225 -218 -179 -26 98 -13 13 -6 -197 -142 -91 37 -227 -232 -94 233 112 182 46 238 -104 203 -249 -162 -241 -90 -96 -141 143 -46 160 -238 -230 -171 -74 236 103 -209 -215 121 234 113 92 5 -134 -153 82 132 -194 -42 -84 -223 -10 175 45 -200 -95 -243 74 65 -152 70 -5 -198 -208 -20 -36 -173 57 -156 221 39 -80 -139 29 -135 241 224 -176 -109 36 -189 76 -165 16 -192 166 66 94 -161 -111 -158 195 -86 186 -183 -245 -66 -170 -3 -56 4 85 -242 -188 -67 220 102 206 -75 -180 -8 163 79 88 212 146 -155 155 38 -167 210 34 243 73 110 -190 190 41 -99 -4 -177 -199 246 178 101 -211 49 231 -228 -131 -41 179 -11 213 -31 87 -237 -70 138 -221 25 83 157 -39 222 -97 96 118 -32 164 61 2 174 -73 214 67 -133 169 -143 -116 -169 -174 -136 30 -22 -100 28 122 129 140 117 188 -119 239 -205 84 232 -214 172 78 -219 -150 229 167 -163 -71 -77 17 185 242 240 -29 171 48 111 184 187 180 -204 -216 91 31 216 -130 173 -53 -76 7 165 -172 -147 23 -103 120 108 51 137 -50 64 -225 -118 124 -122 -79 156 139 145 -35 -196 -239 -224 196 -106 197 -229 93 141 60 50 207 -231 27 11 81 154 -89 -137 199 -61 -117 75 -159 -202 -62 -37 -248 -69 142 71 86 202 -38 -140 230 0 219 211 105 58 237 227 44 153 -23 109 228 -144 22 80 226 189 -55 200 55 -58 -210 1 215 10 -101 77 -206 -85 170 42 -40 -226 127 116 -124 194 99 -1 100 191 161 -160 106 201 -247 218 -121 -19 72 107 -184 -145 -125 
TEST 62 ARG:62 136 -207 221 -85 119 109 140 89 -18 -65 -71 152 -128 -116 91 -49 -175 -218 -234 -19 56 240 23 239 78 -212 -96 -123 32 -110 -149 97 135 -1 -172 -142 -9 82 -169 15 -248 11 66 -82 -3 232 237 108 95 -97 84 -75 169 -161 120 -80 21 3 -214 74 47 -102 184 90 219 -15 211 -138 154 -197 -74 -219 1 111 191 7 -243 -165 6 -14 5 -63 -108 -38 65 70 -109 249 -195 -59 -27 -160 63 -179 174 230 -211 247 -173 -237 55 -186 -156 -231 2 -77 -12 -227 81 -122 229 182 190 -157 -21 -50 -210 -105 107 -176 -152 -229 121 -120 30 -131 243 194 -137 -46 -34 166 -130 -164 94 -245 -239 142 10 159 17 18 48 -167 -6 19 233 218 -225 150 -98 175 -180 -205 -62 213 -118 178 -91 13 192 69 -55 -249 199 234 -154 -69 202 -66 -162 -7 -209 -166 132 -170 -233 80 36 -185 46 -117 228 -242 76 -32 -127 160 146 -236 161 -72 206 -145 45 126 124 43 88 96 -188 -56 187 12 54 165 31 -174 -87 -199 -101 193 186 139 216 61 -192 -133 79 64 -226 33 22 231 -190 51 35 44 86 -35 155 180 -94 235 201 -202 -40 172 153 -22 -79 156 -26 58 224 -37 -41 -93 -113 204 162 -201 183 149 -2 -45 222 60 37 -121 -89 99 -224 -146 -16 133 28 -36 52 -61 41 185 117 105 -141 225 14 -132 26 236 -100 141 -134 145 104 -187 -53 -223 -60 -10 -103 -23 93 -90 -104 103 177 -124 203 241 -47 -4 173 -106 87 -8 75 101 -86 42 -155 -181 39 -240 -135 38 -247 -151 -159 134 212 -220 73 71 -24 -52 148 -206 -43 -136 85 -42 24 -95 -241 -28 100 -168 114 -196 188 -246 -200 -147 -64 49 -144 196 -191 244 4 -215 -140 -183 -29 -216 27 116 -129 176 -153 -139 110 -5 -81 -230 246 -208 -13 -171 102 -125 -83 167 208 -78 -17 53 -184 98 9 144 92 -189 181 195 -54 -148 198 -67 -107 189 -204 179 -112 210 -194 217 207 -58 -33 -178 -126 131 -235 168 -177 29 113 25 -217 125 -68 20 -92 -119 -228 -111 -198 34 158 205 -114 72 143 0 -99 245 -244 -158 -222 -44 -163 16 248 -250 226 227 170 -193 115 59 -70 -20 220 -48 171 200 -31 57 137 163 83 238 -150 118 -76 215 164 -213 40 138 -115 147 68 -238 127 -25 129 -182 209 151 -221 50 -73 197 -232 -203 128 214 106 223 67 -57 242 -30 -143 130 -51 112 8 -11 77 -84 123 -88 122 157 -39 
TEST 63 ARG:208 40 77 -232 -235 -87 -144 50 104 213 140 -122 7 -202 131 196 81 143 -194 242 175 -147 171 -9 -186 -214 207 20 67 -34 -102 12 -152 178 37 229 -37 56 -245 -247 -140 -8 96 -222 135 14 190 236 110 -129 91 169 -128 -52 -50 -72 200 -53 173 -220 -2 -154 26 2 -135 6 -146 212 -88 189 147 15 237 -117 -157 151 -46 -158 -190 -205 126 -99 -233 136 157 -38 -151 -126 -139 -20 -108 -116 106 163 90 -177 -246 -165 1 -215 150 204 238 101 -234 23 -104 -114 187 231 -213 119 -70 -127 -29 122 -23 -142 24 -167 127 -56 153 134 -239 -95 10 63 -112 221 192 -67 85 160 51 183 -198 86 62 54 -13 -26 -191 219 87 -109 3 234 -168 -28 -160 146 80 -237 141 -78 145 214 -71 -227 -225 199 -3 -49 -36 205 -166 -31 203 197 88 109 118 36 -33 -180 -5 112 94 78 84 -183 49 -211 58 -92 -217 184 -248 28 -107 -93 133 -219 102 74 33 -115 98 -120 139 233 -228 168 45 115 -74 -110 130 -85 180 -163 97 -101 247 -149 -62 -159 -162 -79 -241 114 -148 129 -200 120 -173 -4 31 -65 -63 -218 226 93 -197 13 211 -76 105 -27 -164 191 132 -89 -97 -118 217 75 -182 30 -54 216 158 -1 -47 103 223 79 99 230 108 -119 166 -184 218 35 -82 111 -19 -66 53 -193 -94 193 8 -57 -125 -18 -236 -204 73 -242 61 149 185 -10 -226 -12 41 43 -206 -35 -100 228 -250 244 -51 -123 144 -111 -124 142 -249 249 72 179 59 -238 117 186 -30 -210 198 -156 60 -55 0 172 170 48 225 -7 201 -170 66 -185 46 -229 239 -212 156 -39 248 123 64 -91 -105 -69 -243 -40 -176 -106 116 121 69 -195 -174 -45 42 -192 -199 25 -137 -11 -231 76 -131 181 188 -42 -171 -98 -84 138 -24 215 113 19 17 -216 167 4 -240 57 -75 -90 206 -81 65 176 -60 -103 152 -203 -132 -145 -32 -179 -21 235 -64 -17 -201 125 159 -59 55 222 -188 34 71 -155 -43 177 -48 246 -22 -16 44 -172 -44 -187 21 -41 18 -153 107 162 -80 -178 232 227 29 68 -244 -121 16 38 -141 -130 -224 32 124 70 -221 83 39 82 209 -175 27 -77 240 -230 -96 -14 194 -207 47 243 137 5 22 -15 -161 154 -208 210 -58 -136 -86 174 -223 224 -25 182 -150 195 92 -196 -189 -113 161 -83 52 165 148 -61 -133 -134 100 155 95 -143 164 9 11 241 128 -73 89 -169 -68 245 -6 220 -209 -138 -181 202 
TEST 64 ARG:82 75 -181 165 -233 179 -63 13 243 79 0 -67 -4 210 168 228 62 60 129 -203 138 -204 -225 9 -176 135 6 -27 5 190 -37 221 -161 -79 38 -226 -229 215 198 -212 208 200 -244 -187 239 -46 -218 -169 -114 -43 -221 233 -171 70 77 -33 35 -34 111 -242 -14 -18 -126 106 -83 140 -173 -17 73 98 -137 -235 -211 161 -77 71 54 -107 -188 -201 246 -168 59 16 -240 -10 -152 -93 119 -220 63 -195 87 -103 -219 102 194 -228 128 209 -142 4 -87 -49 172 -224 -23 -3 189 206 -20 -25 -185 166 217 -178 81 -184 56 44 -41 68 234 -155 -248 237 104 -112 -120 57 134 184 -147 -95 -31 -180 159 -118 78 94 23 -154 164 -80 -96 241 149 154 109 193 -109 55 46 191 -58 85 -158 -234 100 -183 51 17 -241 245 -237 202 -117 76 -127 88 27 110 124 231 236 174 -166 -122 -57 207 -156 -51 99 -52 224 108 153 155 -92 169 -231 -159 89 50 203 -135 160 -48 -197 22 25 -35 -227 -22 105 -189 -99 185 -45 -182 96 19 130 -143 223 -100 1 33 -139 -238 183 10 -223 188 -68 -38 -163 195 -115 -193 58 156 -214 -40 95 72 -172 8 182 -131 -11 -64 178 205 -133 -76 -121 -179 -15 -70 118 -192 -82 244 -249 21 -9 -198 142 143 -202 162 222 -42 -102 41 197 -65 212 -30 32 -148 -32 242 157 177 3 -129 171 127 -167 -250 -110 -206 -194 -134 133 80 -222 -113 -153 204 -200 230 -106 -165 -207 -86 125 158 -191 141 36 -94 -72 -101 -164 181 175 28 18 139 -209 146 -138 -210 -157 -175 -160 12 201 -243 -246 20 248 -151 214 -170 -81 -132 117 107 101 49 -91 -245 -90 151 121 114 90 112 145 -216 -145 -124 29 -2 211 -88 -69 -66 -78 103 -174 97 -105 30 64 -111 131 163 220 -53 86 -47 -130 173 187 34 -196 53 -61 -39 -116 148 -13 -232 226 -26 15 37 137 69 42 144 48 -190 -6 219 -56 -162 43 65 -5 235 -239 -54 -108 -205 -104 213 -146 -230 74 232 -1 2 116 126 -44 47 -136 240 196 67 -19 -141 -97 -74 -144 199 -125 -128 24 -36 7 152 40 -71 -215 92 26 -16 -84 150 39 120 227 -55 -186 136 -98 -12 -24 167 170 113 31 -75 180 52 -73 225 -29 249 -7 -59 84 -62 11 -85 -236 45 -208 91 122 -140 66 123 -60 -199 -213 216 186 -123 132 176 -28 -149 61 218 -150 238 93 -247 247 192 147 -21 -8 229 -89 83 -177 115 -50 14 -119 -217 
TEST 65 ARG:217 -9 -43 130 -103 -82 -19 100 -166 181 182 61 125 220 80 229 -59 19 157 247 -194 224 -106 -232 -240 -48 172 -181 -169 101 173 -140 -205 190 -175 199 209 -115 -23 -34 -46 51 230 -217 -216 180 -71 62 -145 119 -105 -114 64 -113 171 33 89 87 37 -202 -57 -15 -182 -147 -199 -42 246 201 -89 -18 13 -126 -30 74 68 -83 24 72 183 192 -201 96 177 117 79 208 241 -149 -123 135 -174 71 115 112 104 -56 237 85 -51 191 147 -173 -207 -168 148 -12 120 16 193 -53 -58 -223 -177 175 10 140 121 7 150 -112 233 15 -172 -118 -129 98 -54 9 -38 41 -131 -98 -107 234 -70 152 -204 -197 -21 198 6 -64 245 -47 65 -92 -222 -27 -28 2 8 4 -250 -196 113 238 -17 231 -133 -225 5 -163 -124 -178 94 -5 206 143 44 36 170 151 123 -162 166 -248 92 35 -29 -73 -159 90 -156 185 -210 -125 -170 -101 114 178 -135 -84 -80 18 -229 56 163 95 -86 -75 219 232 22 -1 -97 211 221 213 -167 -151 -4 212 0 109 216 -192 160 -193 111 -8 69 -220 -242 -150 167 196 -87 242 -49 -187 -108 187 118 28 124 39 -31 -90 -67 226 -206 141 -146 -26 194 86 207 40 -111 34 -37 -226 -52 -238 162 -179 52 3 -218 131 -224 -157 -76 -16 -200 81 -41 156 -189 -50 225 134 -77 48 91 -138 54 137 -13 58 -198 47 73 122 236 249 -227 -203 -6 12 -91 159 110 26 -120 -185 14 -110 -63 -117 129 -95 55 30 239 -241 248 21 136 179 -40 -24 106 108 -195 -88 -7 -3 168 240 228 -122 154 128 -237 144 -81 -134 -66 174 53 -93 -33 82 -130 25 38 218 -143 165 23 142 -228 -119 93 88 -2 20 -184 -186 -215 -132 -230 -158 97 78 205 -121 200 -190 -171 -142 244 -69 -211 107 -39 -153 -244 70 103 -100 -183 149 161 43 -154 -109 -65 -137 214 -152 32 -239 210 -85 -148 1 138 -35 -74 -99 49 188 222 189 76 -191 -68 155 63 -102 27 -246 116 -160 59 126 -235 -94 -72 50 203 -141 -243 -161 -180 -25 -14 215 -104 -44 -62 -127 186 146 -233 197 -209 17 -78 60 29 127 153 243 133 164 145 -10 -231 -234 46 -249 -214 -139 -128 -208 176 105 57 223 66 -219 -247 -116 67 -20 -213 -36 102 158 195 -60 227 -45 -164 -165 -79 -212 202 -61 -155 -11 -144 132 84 75 -245 -96 -22 -136 31 -176 77 11 139 45 -32 -236 -221 235 99 -188 -55 83 169 204 42 184 
TEST 66 ARG:102 -86 -39 190 172 146 152 210 -183 124 -25 227 -157 67 77 -80 -205 -100 -33 -199 15 -43 132 228 131 -1 -99 219 91 148 96 225 -54 14 -226 -132 35 -49 -3 -212 -241 98 -84 37 -133 218 2 -201 -117 -180 88 -70 59 141 -237 -174 -188 178 -123 -37 -161 -72 -202 -91 21 -27 -243 -186 -79 -2 33 -194 151 -195 142 52 -167 -59 105 238 -20 156 -192 11 -165 -229 139 -128 75 -208 120 60 246 153 -93 -98 -87 -102 95 -204 17 -224 106 202 194 -121 99 179 -115 -248 -8 -60 -156 -172 168 249 -222 -231 177 -95 -182 129 -141 -189 44 -127 -67 -113 68 -19 167 -9 -247 108 229 -7 -244 248 -118 171 232 181 140 -13 -50 215 -233 -203 45 90 -198 -78 189 -130 -225 -68 -88 200 48 -57 136 -184 -15 -61 203 -234 86 83 27 174 -163 -74 -159 73 57 -65 221 109 126 -122 -90 23 89 -134 -148 -125 34 145 -47 155 -4 -34 -116 -240 -114 185 -242 31 -245 -213 12 237 43 -137 -155 61 207 -64 -110 -232 147 196 -126 -178 -235 46 -108 175 119 93 -56 41 -142 -36 -170 -81 103 -166 22 6 5 -106 36 224 -6 -140 -83 -228 -92 -187 80 205 97 -103 157 69 137 26 117 64 -219 -144 244 -31 9 92 -236 101 16 -82 104 51 184 -29 -239 32 173 78 154 114 -104 245 -169 -238 -11 42 199 47 133 115 231 -94 -154 85 107 18 58 186 222 182 149 198 -185 176 -168 213 -35 -215 -211 -69 -210 193 -173 0 -200 100 1 30 -53 -175 235 19 127 -152 -209 25 -73 50 71 209 195 123 29 56 138 49 192 -181 -214 79 -150 63 -32 121 -76 -120 243 -171 188 214 -136 -119 -44 169 53 -217 -149 -176 82 -109 -75 -5 -196 -14 20 62 204 -221 -216 38 118 -218 -111 159 113 -223 -52 -89 206 144 -151 -227 -249 -22 162 128 220 161 -16 -191 -131 -77 247 28 216 -158 208 65 -124 180 3 134 39 163 -10 122 187 -41 -30 -162 81 7 112 -62 87 -101 -71 -23 191 -112 240 170 -12 -105 -220 -17 -107 143 226 -197 110 -250 135 84 125 -66 223 -145 66 217 76 94 242 -143 -206 241 201 -129 -21 233 -246 -97 8 40 74 166 211 -230 164 116 -58 111 -42 24 -63 -18 -38 -177 -51 -193 -28 13 150 -179 -26 183 -164 234 -24 -153 236 -135 -146 130 -160 212 160 -190 -45 -46 54 70 230 239 55 -138 -96 -55 165 10 72 4 -147 -207 158 -85 -48 -139 -40 197 
TEST 67 ARG:-87 -22 37 -74 48 -45 12 -153 36 243 150 -157 -97 17 -212 -48 -194 -1 111 153 63 -222 144 234 -114 173 -116 126 138 23 244 142 -122 189 110 19 -111 73 -86 102 117 174 194 169 -140 231 35 186 -12 -18 -77 -15 210 -123 41 52 127 -240 -46 -198 -37 49 -211 28 -195 -70 228 -42 -78 9 -242 -55 122 50 -10 -75 91 14 -19 -63 218 -145 116 -80 241 -43 139 247 202 -73 32 90 -126 113 -182 133 -57 168 -115 72 199 78 -233 -174 -107 -207 -175 100 121 -148 -156 207 -160 69 225 24 -232 201 119 -133 176 -141 -189 -41 -16 29 -108 163 -26 -36 -170 -52 -226 -59 74 184 -13 53 123 -40 -44 216 -229 -25 192 -89 -171 -163 -14 112 164 167 -124 -65 236 -23 92 -17 51 80 238 57 -21 -58 160 190 -217 137 -166 172 -30 104 -190 -76 38 -246 -90 -172 129 -33 -151 27 -99 -248 131 -83 170 193 33 -72 197 -173 46 -98 155 18 -225 -138 21 151 248 -88 181 -244 -137 95 -216 -131 195 -179 -20 -34 -161 198 43 -247 71 -146 -119 130 58 109 -94 156 -50 -85 -239 -236 61 106 -235 -139 134 229 79 -71 -223 -219 -64 165 -67 96 -238 -143 -162 -104 -31 89 -201 237 86 -93 5 -103 105 6 162 -105 -154 -152 107 84 15 188 -96 -49 159 219 -184 135 40 -176 -32 -39 -250 65 -47 171 -204 141 124 26 -69 39 143 149 93 60 98 -24 -8 -9 -2 -56 212 -7 152 -218 -213 -132 -241 180 56 99 -60 59 -230 88 154 22 227 -110 245 -91 -6 -35 -191 11 3 158 233 44 -29 -228 76 -62 -95 203 147 -188 -178 157 8 -130 -144 -100 136 81 30 -177 -109 -54 -121 -164 -231 215 249 -237 214 -3 213 224 -129 -113 -120 145 -11 -135 -5 -206 -142 -224 -197 -79 -185 2 -28 161 -183 31 -196 204 1 4 166 -51 -245 -84 -149 42 232 208 -27 146 -66 77 178 -200 -106 55 -167 -128 -227 -192 -193 -169 82 -199 67 128 226 -92 120 211 222 -249 97 -81 47 -134 -186 -165 -187 118 -220 103 7 185 -221 -203 -180 125 -112 148 -181 87 108 -205 -150 -4 239 -210 -136 115 68 66 70 -155 -127 20 196 -102 13 200 191 187 177 -125 -61 220 205 140 209 -234 -82 175 -168 34 -202 16 0 94 85 25 101 114 62 -214 -38 182 54 -208 183 230 223 -101 -215 -53 -68 64 10 -118 75 246 217 -147 -158 206 179 235 -209 240 221 83 132 45 -159 -243 242 -117 
TEST 68 ARG:-133 -5 -54 40 -80 120 187 -156 10 247 240 221 -244 228 -171 -184 -18 -125 -55 -97 -167 -185 244 -179 236 183 -205 118 -129 -102 -70 -119 181 108 134 -208 -123 -106 14 -27 59 19 198 123 -219 -247 -93 -121 94 -43 201 -242 107 5 152 -134 163 209 37 158 197 -103 126 173 145 218 16 128 -52 -98 9 194 -100 -148 69 87 -235 176 -10 20 106 104 -94 -91 -17 49 186 138 231 39 243 227 76 -215 -201 -3 -176 -170 175 -206 -90 -61 -29 -216 238 -227 -144 -59 111 52 -12 177 159 204 29 -207 -32 -240 239 112 -132 80 -11 -137 142 99 81 191 -24 88 -239 -152 199 -15 -46 -83 -210 -28 -222 195 -111 220 63 -150 105 144 66 -112 22 41 -187 161 -47 -71 -199 -118 -75 56 -188 184 27 92 114 140 -173 -141 -174 75 151 60 -33 -13 233 15 61 -115 79 -198 -53 210 62 58 -25 -178 -153 190 -135 211 -175 147 33 246 17 98 135 -212 -6 78 -213 -189 170 -149 -236 -109 -56 -146 -169 229 -127 156 -250 -233 3 101 113 50 214 -99 45 -195 127 217 -197 124 -42 -155 -40 -230 -142 208 91 248 18 -41 -44 -211 -162 77 -128 174 -110 -7 -232 241 96 -21 196 -245 -9 95 150 32 -159 -124 -36 -154 -166 -95 129 -145 -217 -160 -79 -84 242 -4 -168 162 70 -218 -26 -96 -126 -203 -105 -50 226 137 235 141 230 34 125 -76 109 -231 -117 131 67 -209 -190 157 -136 53 -69 -202 200 -16 -172 237 -38 154 -45 -60 -196 180 1 219 205 -138 84 192 136 -147 54 31 -193 2 43 -192 71 65 207 203 122 -224 6 42 -77 -248 -20 64 115 155 139 193 249 -246 -116 166 100 119 133 30 -200 51 83 212 -101 -113 8 47 164 74 202 -72 -88 -228 -19 38 90 -57 168 -191 165 93 -122 -214 182 57 -30 25 149 -249 24 -34 -35 23 148 12 -140 103 216 -82 143 132 117 172 -131 234 -68 -63 4 121 -221 -14 245 -107 -181 -1 -8 -226 -158 86 -151 46 -234 0 -161 -164 73 188 82 26 -108 225 215 -143 -78 -48 -120 55 146 -139 -220 213 -37 35 222 13 -51 -64 -157 -237 -114 -65 -67 169 97 28 36 72 110 -194 -183 232 -2 -85 167 -23 48 -177 -66 130 -62 -204 116 206 -104 189 171 -186 -229 -163 185 -223 -22 -182 -165 -39 102 -225 -243 -73 -92 -86 -58 224 178 -31 44 -241 89 -74 -89 160 153 21 11 -130 179 -180 223 85 -238 68 -81 -49 7 -87 
TEST 69 ARG:-36 -248 -227 12 221 109 -164 -28 131 192 -205 59 24 203 -53 -230 -20 112 200 98 60 -35 -115 54 -240 196 49 -101 56 17 -104 108 -177 217 -62 165 6 -250 225 -93 223 -13 -34 144 -15 156 169 136 -135 -38 -197 -185 55 195 -204 58 -124 239 82 154 -118 43 -94 -90 50 15 3 -39 -78 0 -217 150 -87 79 -47 91 -120 -143 -168 -176 141 18 -193 -97 -160 -171 96 -170 178 101 -98 -184 -57 149 -48 -108 -181 110 174 78 -223 -212 -117 216 245 158 227 -40 93 -186 126 -138 104 -167 9 8 -199 -136 128 116 209 -249 127 157 241 63 231 242 -218 182 64 140 -64 238 194 -99 53 -74 -83 -220 -247 -55 -105 -42 188 -231 -192 -123 -147 -109 121 -239 151 -17 132 215 206 -134 19 -73 146 5 20 -155 -8 -169 -114 -85 243 -6 -224 69 21 -238 115 197 -144 -174 -66 237 -3 129 -159 -237 41 123 -76 -189 -2 -18 191 -201 118 219 80 -67 100 11 189 -190 37 244 74 147 -51 -228 -244 -112 135 185 138 187 -187 -86 -49 -56 -208 -122 66 -130 -82 226 180 230 94 130 -139 -145 71 87 -202 213 202 -44 -221 170 -162 232 -213 -113 -229 -1 -58 249 29 -12 246 224 -178 106 -206 204 -226 -150 -111 -106 139 117 -157 102 234 148 125 -77 97 -14 171 240 172 -142 45 -31 -214 -22 42 -24 -179 -91 173 -33 -132 -16 -29 40 -72 -60 -69 -43 -148 184 34 137 -154 -61 -198 85 198 -84 46 -140 105 181 13 207 153 107 193 38 -161 32 161 -222 -89 -5 75 -25 27 68 -194 -166 36 92 134 -75 175 -152 16 -107 190 -196 164 -246 48 -121 -191 -21 247 -236 72 2 39 -96 30 76 10 -37 -50 -80 47 179 212 220 -11 119 -243 77 -234 -70 -153 -129 -151 -233 183 86 214 133 95 -149 -23 7 -102 222 -71 -79 -41 -203 -182 199 52 25 -158 -133 -103 62 211 -52 -27 1 -4 -59 -245 65 229 -183 -110 70 -175 -211 -127 -195 142 -45 -209 233 -156 -95 111 -200 -141 205 124 -241 -116 89 -119 22 152 -32 -10 -137 113 -26 168 67 -54 51 167 145 73 166 14 155 44 23 177 81 -100 143 -173 -207 33 122 -242 -165 160 -128 -46 -235 -88 -92 201 -68 103 -125 35 186 -225 -126 28 -219 159 228 236 -81 -172 84 114 90 -232 218 61 120 163 235 -7 -65 248 -163 4 26 -215 176 -188 210 208 88 -210 -131 31 57 -180 83 -30 -63 -146 -216 -19 162 -9 99 
TEST 70 ARG:-31 64 110 139 -27 -107 63 100 -19 58 -30 223 126 -36 -199 142 -5 181 166 -208 -88 -220 40 -14 149 -115 -8 48 178 -130 90 242 130 -243 211 214 31 -248 -250 -169 238 123 114 134 56 -185 25 62 -138 -62 -9 205 140 -39 235 201 -245 127 -78 30 -198 -225 216 -40 248 -66 -149 243 13 65 23 122 -134 -234 173 -10 -162 10 -65 43 16 -99 -87 -112 224 -203 145 -143 -34 -96 -17 198 55 -214 38 -177 -81 -178 -16 233 49 82 182 -69 75 -128 -12 241 -180 9 -104 -120 -173 3 -108 111 -33 -43 136 42 78 187 180 -105 -221 202 225 -236 -41 99 -227 -110 -132 -233 59 -224 -157 -67 212 -167 -242 -102 66 179 -154 -86 209 -72 -116 168 -155 -42 -64 -54 -28 -163 1 112 -246 155 2 -57 -241 -194 -148 125 -184 137 15 -85 -139 -129 -121 194 -183 -79 -48 -58 215 -244 26 -24 -135 -114 -15 131 -71 -74 116 107 -21 218 -119 232 -140 138 61 29 190 5 -223 77 117 6 104 108 -232 -11 22 152 -205 146 237 195 -7 27 177 -249 18 133 147 74 102 33 17 46 -164 -144 -101 -206 -219 -61 -212 88 -150 -92 95 -239 -113 157 207 -152 71 -175 -145 176 -13 -142 86 -235 -20 -187 -201 167 -197 200 160 -240 4 50 0 -90 217 14 -226 -193 -52 244 -123 183 7 185 170 -195 -32 -188 -93 230 98 -131 132 231 -137 68 206 57 81 34 73 -160 191 -238 162 161 -35 -2 129 -44 154 -106 240 153 -228 -153 76 -247 -209 -51 -100 -126 120 -165 234 -76 -70 -124 47 229 -118 51 -189 -229 -109 148 -103 156 124 -117 -68 -166 -168 165 69 83 -59 227 -156 -181 19 141 159 128 204 -55 -53 -141 196 144 -38 32 -172 -25 -84 -47 72 105 -91 -95 -3 89 -77 -82 220 245 210 -186 -1 96 -207 35 -217 -191 -83 39 85 -6 -171 115 -174 171 -23 37 67 -45 -49 -196 8 -213 -133 79 189 197 172 106 -111 -37 -60 101 203 21 -73 11 60 118 150 93 -97 -22 -151 28 219 188 -237 -122 -161 175 -170 91 -159 113 -75 121 -204 12 239 -192 52 20 -46 -218 -127 -190 -146 70 -179 -136 -231 103 94 236 143 24 -222 164 -182 -210 249 80 119 -200 -29 -18 -215 158 247 135 246 45 228 -216 87 -63 169 36 222 184 97 41 199 -202 53 -98 226 221 193 -26 109 186 -94 213 -176 44 54 -158 92 -4 -230 -80 -50 -125 -56 151 -89 -211 192 84 163 208 -147 174 
TEST 71 ARG:-9 235 -147 -55 -53 204 -113 -42 222 75 224 200 184 22 115 114 -139 -71 -120 -144 71 -161 48 -22 -33 -153 187 4 109 203 134 -173 -46 68 -172 219 -73 -200 50 212 148 105 -244 -179 -193 70 -85 25 -228 193 79 42 -19 -87 -31 31 -96 -243 -217 -168 185 -205 -160 -36 -104 -24 -174 237 9 -88 -6 -48 153 54 -180 -114 -176 -117 176 142 104 -214 210 49 -29 -54 190 -134 -186 239 132 -116 -223 -204 -43 -17 -135 101 -163 -138 116 -196 141 -38 169 -148 29 144 -162 65 136 174 69 -123 27 -152 -92 -221 89 -8 160 63 15 73 16 249 156 -242 -105 66 96 78 127 131 -137 111 -220 10 -166 51 162 113 195 135 8 53 177 -170 -76 -171 -101 -191 -77 108 199 -18 -183 47 -79 -32 -81 183 -167 -158 12 -82 -239 -21 230 -65 -132 39 -246 231 121 -102 -185 -68 -125 175 13 154 80 97 -207 -99 -181 223 -4 140 151 137 -222 91 -110 100 206 85 88 -154 -240 155 182 -249 5 -3 243 -20 3 -95 35 -190 -189 -141 -30 37 107 18 -225 -203 201 -133 172 234 81 86 170 45 -94 211 -86 -175 238 6 -232 128 118 -89 138 -5 58 117 -237 -14 -126 -12 28 -70 -40 -16 -108 -136 56 -156 -165 233 186 -1 -15 -51 -199 143 207 -143 -146 -37 55 -164 -121 26 87 202 167 216 -197 149 -103 -35 -202 163 -122 -80 -130 62 242 59 157 147 -241 -216 197 -13 -63 -169 -112 -93 165 57 133 180 41 168 14 -218 -142 229 -91 171 -177 213 245 -178 -151 214 -229 241 67 -150 152 159 -11 248 43 -238 95 -72 -184 11 -128 -75 93 189 -106 -84 44 -131 -195 -231 -39 24 110 52 -182 17 -233 -198 61 217 209 -60 179 218 -210 129 119 -211 205 225 106 -59 123 -236 221 130 30 124 -90 146 158 -44 -78 -213 -159 139 -149 -7 -119 -49 198 -56 236 -235 126 196 -248 -28 -27 150 82 77 244 178 -247 188 -107 191 -50 -212 7 36 -250 -34 -209 -129 33 -47 -245 -127 0 -100 2 -219 94 60 145 228 -192 90 1 -52 -58 166 102 -111 192 99 -188 -83 -155 84 -234 120 46 173 38 -187 72 20 -215 -145 122 -67 194 98 103 -10 232 -157 21 226 -23 -230 40 240 227 -140 -69 -224 112 -227 -74 246 125 -66 34 -62 -57 -45 32 164 -2 -109 -26 -64 -41 64 -61 19 23 -194 161 -208 -25 247 -201 -226 76 74 208 92 -98 215 -124 83 -206 220 -97 -115 181 -118 
TEST 72 ARG:-87 -44 -131 72 153 24 -233 70 -36 -166 -161 -217 21 -45 162 247 -15 145 -25 -59 -28 -179 -137 207 -234 204 -107 96 170 -136 16 131 144 118 200 4 -43 146 -61 65 -8 -109 133 -220 230 84 -99 109 228 -202 -10 155 -208 -181 210 -248 -53 107 225 -129 -33 -132 -133 231 47 -218 -189 126 -118 179 -245 -97 -6 249 -243 -184 175 123 32 232 -249 68 -138 -162 140 -210 -40 75 137 35 -212 -198 -48 -147 -186 -127 -69 134 33 94 116 -92 178 -163 194 -95 246 245 -81 124 20 -3 156 -168 73 154 -122 -11 81 -128 28 37 138 187 -115 169 159 160 -102 181 -126 15 101 -226 -78 -199 -192 215 51 223 195 -17 -89 57 88 143 -60 61 95 74 -91 -206 -209 -42 -82 -125 -83 -110 191 208 180 103 -113 19 8 197 -1 45 -211 -241 40 -90 221 -250 48 59 -74 64 224 79 -20 192 87 161 240 -155 100 -2 132 220 55 -240 -242 -231 128 77 89 13 27 -204 -238 -195 -9 -134 58 -236 -84 97 76 11 -171 234 182 -214 -23 242 -5 25 222 -22 36 -146 -116 237 18 115 193 -196 139 243 -228 -174 -246 -70 -73 119 -62 -94 -164 135 236 30 -112 1 -215 -225 5 -77 -124 185 186 -100 104 130 127 62 2 -104 39 214 -30 213 198 -237 42 -187 -178 17 150 -156 202 69 -235 136 -201 -26 -142 -176 -34 -130 -173 -193 -119 158 -227 82 -76 -52 44 90 172 3 111 -149 -151 86 -203 -79 0 -177 241 -19 -29 142 -101 53 196 102 -197 227 244 165 -31 -98 -55 -32 38 -96 188 125 -144 29 -216 22 -223 49 91 -50 -139 141 71 -18 63 14 184 -169 -64 -219 -39 -141 -135 12 80 183 54 -194 -49 151 166 26 163 -103 106 -148 -153 157 -183 -75 -190 6 114 -239 -120 66 85 113 -35 -182 -68 199 34 93 112 -224 171 173 78 -247 -175 -150 -230 -105 -123 -54 -157 -13 -205 120 152 -12 108 23 -185 9 83 -222 149 226 -16 -51 -180 129 233 205 -106 -143 -154 -21 206 46 -93 -200 -58 99 216 41 -57 167 -72 -27 -63 -160 105 117 43 -41 98 -108 -46 -191 229 209 -117 211 148 -232 217 190 56 60 248 -67 110 92 -65 -88 189 -207 -56 -38 7 -86 -24 -85 -47 122 -172 238 -167 67 -244 -37 -71 147 203 164 168 -188 -66 219 201 -145 10 -140 -152 52 235 121 -170 174 -80 -111 -14 177 218 -229 176 -221 -165 -7 212 -213 239 -121 -4 -159 -114 31 -158 50 
TEST 73 ARG:-235 25 127 232 -232 61 203 -190 -151 -4 -167 242 -2 -119 -95 -30 -221 140 11 -216 -196 32 -231 130 -1 153 197 -110 102 -224 36 -100 -60 -179 -40 51 -117 -3 200 21 -228 97 -102 -21 -103 -229 -191 81 10 142 129 249 -188 205 -69 202 -162 -50 114 -115 29 -72 -85 -83 -155 214 -242 -138 -132 18 -6 91 -23 37 -223 -129 85 101 113 78 104 44 -39 173 40 192 96 -137 -78 245 -96 131 67 241 -192 19 89 -47 -28 -135 221 -106 60 206 136 70 -66 178 243 -147 156 128 -51 118 157 48 -184 -108 219 -77 30 -19 164 236 194 162 189 169 86 8 1 -247 83 -234 -177 124 -198 -175 -91 -93 237 171 -206 -118 -215 -163 215 -90 77 6 234 -48 161 179 217 -58 23 -57 187 147 -73 150 212 12 -241 -209 145 -140 184 -44 -104 123 -56 193 -176 223 121 79 160 -113 -168 -101 -81 -12 -181 -107 0 90 133 -233 -239 -180 84 98 170 -159 247 -161 -204 -16 -38 120 -131 71 -210 -200 126 228 50 39 93 -174 -20 -182 -37 132 239 -166 -213 -82 -227 -171 62 -195 222 28 -55 -112 196 100 92 49 233 148 -173 -64 -150 -7 -152 111 199 112 139 2 244 52 -25 -42 -32 58 151 134 183 -10 95 -49 -205 165 -14 87 9 -143 -86 42 229 -41 -186 -79 226 246 -17 22 41 163 -61 108 59 -139 -128 -225 213 16 -45 66 159 152 -24 15 143 -189 17 46 216 -158 227 137 -97 -156 -52 -169 -220 55 106 47 -218 230 -89 26 155 34 -116 -123 -34 -222 -31 -120 -18 135 -124 69 -165 -208 -154 -238 154 -33 -71 -203 138 80 117 188 -98 13 -84 -29 -53 -87 -136 238 -127 33 -194 -250 -246 43 210 -22 -13 107 208 54 -134 31 24 -125 94 195 38 116 76 119 -249 -211 -111 3 -63 207 -244 172 -245 -164 -126 248 198 -114 -5 158 175 35 235 -121 -88 -109 53 201 180 103 -201 -70 64 68 45 -59 -133 -170 125 181 122 4 -243 174 65 -94 109 57 -65 27 -68 -226 7 105 -141 -75 20 -142 -9 209 -153 -26 110 -46 -148 115 -230 -80 177 -54 -36 -67 231 -149 146 -240 -27 88 220 141 -11 -236 -130 73 -212 186 -193 -219 204 149 -217 -43 190 -178 -8 -207 191 -199 -197 82 -187 14 -99 72 -122 -237 -76 75 -144 -145 211 -172 -157 240 225 -183 -160 218 167 -146 185 168 -214 74 -105 -92 -185 63 -35 -62 224 56 182 5 -74 -202 -248 144 166 99 -15 176 
TEST 74 ARG:44 -250 125 18 -89 -94 43 -143 235 233 -116 72 -230 -76 -103 218 -60 130 -121 -120 -119 224 38 -58 150 25 -12 182 185 26 7 -169 -175 113 228 208 -239 248 27 -248 53 -83 106 -188 86 82 22 -2 -55 -67 52 -163 -222 -56 84 244 153 163 -51 -216 -127 -168 139 148 -112 -30 -187 193 -197 -109 -90 179 -113 -199 -117 70 110 211 -236 105 76 183 3 158 23 198 -132 115 -16 -22 -86 55 146 12 -249 -151 -47 -136 21 240 196 134 140 -159 142 -227 -221 -104 108 247 -223 -178 14 116 49 -15 127 242 -215 -23 222 155 156 50 164 -45 73 -17 -36 57 129 45 191 -123 144 -96 168 178 217 236 74 -144 -118 -40 -125 10 -174 -135 154 -160 -32 -3 -126 -184 -74 -189 -115 88 173 78 -64 132 32 214 220 -93 216 36 -92 63 -13 231 -26 -79 97 111 -124 19 91 -233 42 246 131 -219 192 87 11 181 75 243 -247 -102 -46 47 -97 68 206 -73 -191 -201 -246 1 223 -177 171 -245 -158 195 -19 -179 37 46 119 34 -196 219 -107 17 -78 -242 232 -156 92 -181 -87 -8 -14 -231 -80 69 172 114 33 -10 225 -50 239 -101 -133 161 -6 65 -1 186 202 197 -152 -48 99 -108 8 -39 -49 28 209 -138 -202 180 -28 -42 67 189 96 -212 -161 -29 170 -11 190 -190 128 93 -21 -128 -110 126 -111 -182 -129 157 77 -149 118 -68 60 -206 -131 98 -210 -157 133 -62 62 89 -75 207 -85 -217 -66 -31 188 80 -186 94 221 -165 -20 -193 2 -5 -140 6 151 16 147 160 41 -226 120 200 -180 245 184 -100 -234 -241 -208 177 -171 -139 -35 -63 249 104 124 152 -34 -27 30 234 101 145 -37 210 -185 123 -57 31 -200 -18 -91 -176 -214 48 229 -183 -69 187 199 90 212 -209 64 0 54 -146 138 -162 39 -59 149 9 112 141 -114 176 -53 -88 -195 -153 117 40 102 -43 -24 35 237 20 -52 227 -84 137 109 -164 -204 85 226 5 143 -77 51 -7 107 -99 -228 56 -81 -167 -235 -220 -244 -38 -147 -238 -232 135 -141 83 -82 -155 71 136 -95 -203 121 -106 -105 -213 58 -130 -33 -172 -166 -4 15 167 204 -142 -71 81 -61 100 241 24 -224 165 103 -44 -170 166 194 -122 174 201 -154 215 -70 205 4 230 238 -192 -229 -225 -194 -148 203 61 175 -240 -98 -205 -207 29 -9 -65 -72 -218 -211 -237 -145 -25 213 95 59 122 13 -41 -243 66 159 162 -198 -137 -54 169 79 -173 -150 -134 
TEST 75 ARG:224 -9 -34 -238 -31 84 104 -73 -204 216 18 -121 -109 -156 48 162 -226 -88 23 80 -78 172 52 20 152 -137 -235 146 49 -115 103 160 -15 -182 109 96 -225 -152 -45 86 -151 221 75 -173 161 -116 -159 -232 194 105 77 -56 203 -155 13 204 -29 65 -153 213 -166 17 133 37 -92 70 -74 -223 -146 2 -136 -189 -64 -80 -147 245 -150 26 -178 145 185 -89 -241 55 -32 -149 -87 143 -145 24 235 123 21 47 -63 40 -216 -123 -175 72 -174 206 14 25 -113 -37 188 58 -128 82 9 -130 31 159 -215 153 -75 196 246 -207 150 -179 -200 -98 -171 99 53 124 4 -211 -203 119 139 125 -22 -213 -180 -202 -212 -227 107 -57 -233 -91 130 8 -185 111 -84 -42 92 -19 -208 33 -90 249 233 -106 -62 176 155 -240 67 22 -85 -127 -43 -93 -163 -61 69 30 116 -191 -237 171 232 7 113 -122 78 227 228 -35 182 -167 117 -125 165 -50 -142 -66 -169 6 -28 -162 189 -228 -188 74 138 207 28 212 -165 142 175 168 183 68 -58 -79 -239 -117 10 156 205 -148 169 -67 -250 62 242 118 179 -157 -229 192 -134 101 79 -16 -110 63 61 38 -243 -112 5 234 57 12 231 43 -107 225 217 -94 71 115 -23 -248 -141 -234 239 166 114 -60 147 200 27 -103 -47 93 -55 180 81 54 108 229 -132 -221 -170 -194 -33 -1 173 90 97 158 132 110 -51 11 137 220 -114 -71 -144 226 -168 -3 -12 -209 -124 230 134 181 -36 56 73 -201 87 112 0 -39 219 15 -161 -246 -8 164 -40 -210 -21 149 -77 -102 -20 102 3 -120 44 89 19 191 42 -99 199 -186 178 -214 -14 244 -244 -119 136 -86 -138 -44 -97 214 208 51 -205 88 243 -219 106 91 -193 131 -13 140 -196 35 -199 223 -118 -164 -54 240 -247 -176 -70 41 -230 128 -158 209 215 177 157 -131 60 -154 -218 -72 -133 -41 -18 95 -192 -82 -17 -7 -104 126 174 76 -26 64 -140 -183 198 -2 -190 66 -220 -217 195 85 -59 135 -101 -245 59 -187 201 -30 36 -5 -108 237 -236 122 -65 241 -53 -172 39 -6 186 202 -197 -206 -181 247 218 238 248 -177 50 222 -100 -69 -231 -46 193 1 236 211 120 -242 -68 -139 -24 210 144 45 197 -96 46 163 -25 -222 167 170 -184 -126 127 -81 -49 184 -10 -135 -195 -76 -198 -129 -143 -160 -48 -224 141 34 129 32 16 -11 151 83 98 148 100 187 -105 190 -249 29 94 154 -4 121 -52 -111 -95 -38 -27 -83 
TEST 76 ARG:-11 -179 189 -148 204 -55 35 -26 -134 -208 218 83 17 225 117 -231 162 133 -197 -84 -56 232 -18 -164 -186 -163 50 222 49 245 -17 138 179 79 151 93 -92 125 11 111 -214 -114 26 -181 228 -215 132 -248 -12 -14 196 172 -218 -118 -247 39 143 -201 239 -122 -67 52 -69 139 -136 51 -209 122 -142 -246 34 -42 -224 -95 -147 63 -70 -203 116 240 -113 -204 -24 32 59 115 155 -66 24 207 146 103 203 184 191 -110 -125 -141 135 -117 223 -241 166 -238 -47 -61 85 108 71 -195 -236 -126 109 78 242 202 -68 -191 -4 -212 188 -228 -3 -121 -90 -210 -120 -223 -80 -232 -88 128 70 -36 82 229 27 -129 -139 36 -219 134 -94 152 141 -226 163 -217 -174 80 -156 107 -22 96 169 156 -57 23 64 197 33 90 -79 127 -160 -185 114 102 -35 231 60 -65 -89 -93 40 58 16 -178 -221 -40 -82 110 157 214 236 164 247 -146 -101 2 45 -98 -243 -20 18 224 -86 84 226 -41 -19 -199 -207 193 3 175 -194 -157 -50 -245 -183 94 15 -116 118 92 219 199 194 25 86 -173 5 -33 148 -60 178 168 -202 -171 77 -106 73 237 7 -25 -189 212 -193 -169 -235 -77 -233 -53 243 55 230 68 99 145 -182 136 -170 -102 -159 -16 42 -6 187 -37 -143 -188 -54 150 182 -162 -115 227 -91 -27 12 130 -151 211 -59 -119 -167 180 -176 -150 -240 61 124 91 213 -112 -172 13 206 235 -30 -83 -168 126 -242 -130 249 112 -107 -10 -144 31 87 76 -154 -48 129 -234 -192 -227 37 159 -97 -205 -165 201 69 -29 -153 72 -7 -145 -211 216 -244 -45 -38 -73 101 147 -213 -222 217 158 185 -85 9 233 181 -81 14 -177 -58 113 -9 149 -8 -76 -137 -140 183 28 121 -132 21 -190 -225 177 46 161 234 54 -105 165 248 81 -184 205 -63 144 -155 -206 -46 -74 195 -166 56 44 62 -123 153 98 238 66 -100 176 119 -127 -175 -108 209 -249 38 -187 -2 -200 137 -196 -128 -78 -99 -34 65 30 140 -111 89 154 -43 170 -152 -44 -138 19 190 210 241 88 29 -62 -229 -131 -21 53 131 6 -104 -52 123 -180 57 100 95 -250 -239 22 106 167 192 160 186 0 -96 -1 173 -72 221 75 198 -87 208 -64 4 -39 -103 105 1 246 -13 -230 -71 -161 74 -158 -5 -109 -220 -75 200 20 -15 67 -133 -32 142 215 244 10 120 -149 43 171 -124 220 47 -23 48 -31 8 104 -237 97 -216 -135 -198 174 -51 41 -49 -28 
TEST 77 ARG:5 -120 160 -72 -240 -235 -128 -39 -116 197 -92 -5 -167 -20 209 -82 -155 -214 -106 159 229 -237 41 -107 111 -46 67 66 -236 -247 122 -96 -217 60 205 -143 -246 -43 -86 -196 61 -191 -10 100 204 -8 -244 119 13 -22 143 -127 -78 173 144 62 -80 -186 -234 -160 -101 -79 -118 -173 117 99 -93 -198 207 -169 21 108 -153 234 -19 238 -104 237 37 212 -90 -9 -134 -220 45 145 -221 -70 -76 202 113 57 49 74 -200 109 -168 -110 230 -41 -238 -192 18 -193 34 120 12 71 -91 139 0 -151 4 38 -161 156 16 -45 121 -239 15 43 -176 193 181 -230 180 77 -131 -56 149 114 22 39 88 169 -188 48 79 203 150 225 75 153 -245 -204 -13 182 26 -12 95 163 245 -123 195 146 226 -74 -94 89 58 96 -81 235 -24 -215 -36 -125 191 -213 -11 -216 104 -100 140 23 248 -113 -54 11 -89 246 72 -209 -175 -136 244 -223 211 31 47 -148 -61 -190 -179 80 86 -187 -124 192 198 -241 55 -130 -7 247 141 242 241 84 -184 -73 188 135 228 101 176 -26 -65 -211 123 -69 -14 -122 236 232 -197 73 -33 -105 129 -227 -21 46 -163 2 -108 24 -141 -62 110 -205 158 -165 131 222 -219 -117 56 134 -222 69 -126 -27 -4 213 206 70 185 -53 -206 -57 170 178 -144 208 179 -156 231 -172 -42 -203 125 -2 -98 116 59 227 -189 201 97 -68 83 76 -17 -32 -121 40 157 224 -142 168 220 -152 -63 -25 44 128 214 151 -180 -248 78 130 -29 -87 -77 -47 -18 -112 -158 -114 -170 -66 33 240 65 -49 -135 -83 249 -140 -138 106 51 92 233 -44 -242 200 -75 14 218 -243 -154 -212 -35 142 103 -177 -202 115 -146 -55 -145 184 -129 199 -218 187 32 -51 -97 -174 3 10 25 -85 223 -150 -185 175 36 50 93 174 85 -181 -232 127 -210 27 -147 189 -40 164 136 165 -37 152 166 -48 42 105 64 221 -149 118 -23 -119 -50 124 19 172 -132 -64 98 -60 -71 17 132 -207 177 243 -59 -224 -229 194 -102 -195 190 -109 20 133 -103 -99 239 -95 -228 -225 -111 126 82 196 -249 217 -30 -1 90 -164 -178 -250 -137 -31 -67 -159 -133 210 94 186 -15 138 167 171 -157 137 -58 9 -226 87 81 53 -233 -231 216 6 154 155 -166 52 91 8 183 -171 -194 -183 107 -115 -199 1 63 148 162 35 147 -139 112 -6 -208 102 215 -84 68 29 -16 54 -201 -88 -28 219 -52 -182 7 -3 -34 161 -162 30 28 -38 
TEST 78 ARG:120 215 -172 -14 -224 -236 15 33 -216 171 -84 48 -140 -235 53 103 117 -137 236 -150 178 118 115 1 211 -221 -78 -22 78 232 224 -249 -153 87 93 20 234 -248 89 99 96 -21 -56 -141 16 206 155 176 218 -104 98 151 80 -179 -175 -139 137 -144 -48 -250 74 217 -245 186 -111 -119 -161 -28 8 -114 -131 162 -148 -51 -63 -132 -77 -218 -101 184 -242 27 -164 222 132 -73 240 244 -222 156 -231 -10 -167 -212 52 199 192 -76 -125 -64 -186 -217 -82 -180 208 -147 45 177 111 101 -122 -208 28 165 -106 -29 -24 -35 76 -100 -30 -200 223 -108 -50 102 84 116 164 -112 -8 -209 121 -81 -183 -203 -25 166 47 59 -160 43 -74 -59 246 104 204 196 83 -118 -174 81 175 198 140 -136 57 -60 -71 95 -244 68 -1 245 -227 46 -194 -91 -214 133 179 212 70 107 50 -151 -105 19 49 -4 -42 -52 -238 -109 -237 -152 -107 169 62 -94 124 229 -196 -219 -120 21 42 -213 -138 128 -189 85 241 -177 39 -204 -19 -7 56 40 -17 -247 29 -225 -34 -178 130 -241 58 -149 182 72 189 249 125 30 -124 -117 24 -5 61 -133 -49 214 -199 148 -43 -33 -127 38 -159 -55 94 -187 146 -41 152 -201 -70 129 -230 142 -166 -195 -215 31 18 35 25 26 60 -26 233 12 123 -37 -103 197 -87 -205 64 -53 138 -115 2 -2 145 -110 17 -220 247 -129 -228 -143 -193 -27 73 -97 227 -6 -146 -123 32 -86 203 -173 -16 106 210 -246 220 -32 112 -126 110 86 -12 -83 -234 108 6 149 -145 188 7 161 54 -169 183 200 -226 195 141 209 -66 153 36 4 -39 -182 100 -80 -96 238 -232 105 -15 144 -197 -207 -171 -176 90 -168 170 69 243 -67 131 154 -46 127 3 202 -188 37 75 66 -58 -93 139 185 158 0 -13 -47 11 226 194 157 9 -130 91 -239 -240 235 -190 191 -135 -170 77 163 143 205 193 221 -113 230 55 -210 -206 -23 -45 167 -192 109 113 -99 213 -98 -202 -211 180 173 23 -36 -158 -191 126 -162 135 -163 181 136 44 190 -154 -61 -75 248 -9 -54 -44 -116 -11 -142 97 -65 225 -69 5 -185 -95 134 174 160 -3 119 172 -31 14 187 -40 -68 88 63 122 51 -90 168 -223 -62 34 -20 -157 13 22 92 -165 -89 -72 65 231 67 10 -134 -57 -128 -102 114 71 -229 -155 -92 237 219 -38 147 -184 -198 -79 -121 -181 -18 150 82 -233 216 239 228 201 207 -156 -243 -85 41 79 -88 242 159 
TEST 79 ARG:-25 121 32 -219 -24 239 -169 84 -177 248 15 -5 -221 114 51 -182 -83 192 249 209 225 -50 -1 155 111 -11 -22 195 -43 213 -68 211 78 -224 -40 -71 -240 72 -79 -128 -213 -105 -184 166 117 -190 -28 19 -65 212 246 -123 27 -185 219 -116 -203 161 -140 152 -217 89 201 197 -173 -31 218 -85 107 -118 80 -157 -242 60 168 -46 146 139 169 -7 -45 167 102 31 -72 -216 -56 64 -201 113 -139 144 -205 115 -14 123 -59 -171 188 -159 165 187 99 -218 134 23 -89 71 -226 177 -75 -158 -188 -124 -189 -153 -141 174 -100 -44 24 94 -3 100 -149 -247 83 179 -91 162 -211 130 -208 189 -113 -13 220 204 243 171 145 86 46 -228 119 -198 -162 58 -187 215 -58 18 85 -142 25 170 -202 -99 194 142 34 -80 -76 -167 -138 -32 -102 96 -54 35 -38 207 -115 47 -248 -86 13 48 40 175 -55 -106 -229 -191 -170 -2 -206 137 -176 -73 -194 -51 75 -95 22 -30 -84 56 49 6 -135 82 -15 226 199 -112 45 -19 59 234 41 -154 232 -21 -61 -107 53 10 -37 -241 -125 120 149 112 -93 -17 16 -94 222 -12 -209 70 -180 -145 108 135 106 -143 126 217 -20 73 -215 -101 -104 109 -234 57 221 240 -27 -147 3 103 182 -164 198 -223 -243 163 -214 -168 -23 -136 67 -62 191 -35 129 -155 0 -10 36 164 -81 76 -178 -179 65 -63 -92 5 238 -197 1 151 176 141 74 -166 105 4 -204 172 202 -33 133 -4 44 132 -127 -74 -70 -18 91 54 -29 79 131 -6 -131 38 183 69 12 -172 245 90 156 97 68 26 136 -97 241 62 -193 -250 -195 -156 -41 -225 216 190 -126 -144 -244 -110 178 -36 -237 -238 -152 -132 236 -48 184 -148 42 -39 124 181 -90 158 50 -16 116 30 52 110 -111 -117 -161 61 193 231 224 -220 -57 101 -129 180 104 205 7 118 -165 247 208 -78 -108 147 -186 -231 -183 140 206 150 14 -114 -174 -53 237 -49 -233 -66 -246 -181 -88 173 196 -196 185 229 203 -235 -239 143 -8 230 95 43 -146 -207 -119 8 200 -192 148 -151 -245 122 77 242 157 -87 9 -77 39 -160 55 -120 -9 93 -96 28 -52 -230 21 63 -60 88 -163 29 186 210 -47 -103 -227 -175 -122 92 227 138 153 -210 -121 160 33 154 -109 -249 -34 -236 -150 -67 -222 81 -98 20 98 -200 -134 -212 -64 -26 11 -137 -42 244 -82 87 223 2 -232 159 17 -130 233 66 228 -133 37 -199 -69 128 127 235 214 125 
TEST 80 ARG:1 206 -142 -50 -248 -127 -245 -54 -193 -12 -18 -43 193 -138 53 142 -41 221 -77 -8 -153 -241 -80 -172 32 -239 -57 228 -28 -232 -82 138 153 30 22 124 -103 51 4 128 -26 56 -75 -139 152 -46 185 96 87 220 -11 -134 135 238 -32 -160 95 40 -188 -148 65 160 20 47 -185 -14 -229 -224 -112 -129 42 -228 -182 62 -152 244 157 100 125 -161 -240 -168 -69 -159 200 76 -173 194 110 -56 214 241 219 203 -147 224 -71 98 16 -7 -227 165 140 -70 -249 -140 -33 210 46 -195 232 102 227 -9 112 55 106 -1 118 -36 -52 -242 18 190 -203 63 184 -174 85 -236 -38 -6 -100 -225 -207 105 72 43 -233 205 148 -212 39 64 68 -55 104 -93 -128 -40 -199 -102 179 2 -111 237 -51 109 216 -106 -178 137 178 -244 -166 90 44 204 -192 -85 170 114 196 -190 -164 61 146 91 -91 168 208 75 -73 73 -171 192 60 119 149 -13 -132 120 139 127 115 -121 -150 -2 -145 97 35 -220 197 54 -151 173 223 -108 -146 -23 -238 -5 -86 -191 -24 -118 248 33 212 132 -235 145 -53 -230 -196 183 -223 218 -19 176 240 -135 66 -216 -181 -189 3 52 21 58 207 -97 7 71 -179 -81 -63 12 -110 -10 -107 -246 49 163 -247 -22 -39 -167 162 116 -49 156 201 -83 -169 -99 209 -48 9 -176 -16 189 29 -204 117 -4 -17 126 38 -119 88 130 -218 14 182 -162 -194 5 230 167 -177 211 234 -68 -115 -47 -35 -197 -210 10 -3 57 159 -88 -30 231 187 77 103 174 37 217 239 27 136 -156 -217 144 198 -72 202 -124 24 23 48 -104 -158 93 -213 158 81 -186 -116 -157 -208 89 82 236 -154 -136 -58 245 107 34 180 -76 -137 -155 -84 -221 26 -67 134 -205 -163 -141 213 -202 67 -31 -105 -201 -170 -59 -198 175 129 -78 247 166 28 25 242 195 -25 -222 -123 -44 -15 -94 131 92 225 113 246 31 -61 -109 151 -219 -144 164 17 -92 -101 -79 -231 79 11 -234 108 -133 199 0 229 -60 -114 59 222 133 -126 -120 -130 50 143 8 -45 111 -62 -98 -149 -122 -215 235 -29 -183 123 -184 177 -143 -209 150 -200 -180 -74 191 -20 -42 6 41 -90 -243 215 78 -95 94 101 161 19 147 -21 86 99 -175 -87 -37 -66 36 -125 122 84 154 69 181 -89 -65 -165 70 -27 -226 121 172 249 -237 83 141 45 -187 -117 -131 155 74 169 13 226 171 -113 -206 -64 233 -214 243 188 186 -250 -96 -34 15 80 -211 
TEST 81 ARG:87 64 96 192 144 45 -167 24 154 -249 85 -217 -92 29 -23 -138 -24 73 210 -225 -43 -165 -191 16 121 187 -11 131 158 -133 37 53 -209 -91 -181 245 -130 -231 59 243 238 -199 228 4 112 -56 -236 163 -18 -66 102 213 97 -198 -178 -5 -239 19 51 18 -148 -79 -172 -110 -156 161 -9 212 40 185 6 -197 223 49 46 -80 -143 174 113 208 -189 -222 -216 63 -15 -3 -28 -196 -141 47 124 196 8 93 -53 -158 79 -168 205 2 -206 26 152 12 21 -101 65 157 1 -131 -71 76 -88 198 -120 226 111 -142 -106 7 -233 -36 -104 155 -183 -213 179 -223 54 -41 -147 17 -54 -201 -250 78 83 57 92 -87 225 -224 -111 -248 100 -21 146 -105 241 234 3 171 -10 -146 -45 117 164 -7 217 129 -29 -128 167 -144 160 -151 248 114 143 -194 115 230 104 -95 -243 -20 14 11 214 -184 -221 20 110 84 -97 -204 -19 -188 -58 133 44 182 138 -98 -157 209 -132 -229 -70 -162 -69 -32 232 -211 27 -67 -174 130 43 52 149 118 246 211 -244 -85 -34 216 -240 -161 206 126 -103 189 31 180 -219 -127 70 -200 -135 80 -96 68 122 203 249 94 -2 188 -117 -51 25 147 -179 145 -59 116 -74 -1 -82 191 106 -208 239 69 127 -170 -26 60 95 62 -30 22 207 5 -86 -205 -171 132 34 -241 -6 240 -164 38 -247 219 150 237 159 -153 101 -99 202 151 86 -176 -100 -8 -115 -38 168 -12 183 -17 -35 77 -52 39 -55 -139 32 222 33 -177 -122 178 -203 -64 -33 -113 -137 -73 221 135 -31 148 199 166 -245 -107 -237 -192 231 56 -27 140 99 175 197 -47 90 13 88 72 91 -154 -63 -65 -159 193 -123 236 -62 -116 215 -182 -155 186 -232 162 229 108 -119 201 -72 -77 -76 9 200 173 194 -246 -81 105 36 -109 -186 30 181 -234 125 -50 -126 -75 170 -44 -13 -22 -94 156 134 233 -48 15 -187 55 -166 -238 -136 -190 -145 41 -16 119 -218 35 75 141 67 -173 -49 -220 -89 -14 -124 136 -68 -61 247 235 -60 169 -175 -114 -210 103 -180 176 -102 -160 -134 184 -57 42 -212 -242 81 -163 -193 172 -226 128 82 -78 -230 -125 -40 195 48 -121 -83 50 -150 -42 227 -90 61 242 0 -214 89 -37 -169 -149 28 139 -4 107 71 -202 -129 -39 220 190 66 -235 23 -112 137 123 -118 -228 -93 -152 -84 165 10 153 -108 204 -46 74 -215 -140 224 -207 -195 177 -185 58 142 218 109 244 -227 120 98 -25 
TEST 82 ARG:61 -181 16 -226 -147 172 -143 -153 -174 50 82 -184 -72 209 84 -110 164 -235 -67 -228 208 -87 176 54 -102 -56 231 -80 -30 -225 -66 110 78 160 -81 173 185 132 76 34 150 -43 33 -101 -208 -189 -140 -93 229 194 -107 -195 15 151 -35 145 -96 245 -219 204 -46 88 128 52 -199 146 -6 215 47 223 -13 -247 40 196 -125 -123 -40 -176 -241 91 -149 195 79 236 14 -169 216 206 167 -216 17 141 143 -203 -83 222 -50 81 -171 165 211 62 -124 175 42 -82 27 -106 -163 -85 49 158 -173 -215 -223 -108 75 -250 -157 -109 -51 111 129 114 11 7 -20 -155 -44 83 162 -99 19 121 -11 -131 148 -249 77 -21 -49 -97 144 -167 -111 35 212 8 -90 -198 227 -239 95 -27 -84 -232 161 -75 -178 -179 -62 186 -144 147 1 -104 -71 -9 48 112 74 -126 -238 -113 -236 200 -32 159 135 -231 -148 -117 -230 -161 44 228 192 -201 -152 243 178 93 214 -164 68 -175 -150 -19 -59 104 67 -135 120 9 -91 -122 226 -204 217 -69 26 -78 -31 13 -4 -133 133 190 -39 220 -70 -205 -98 -211 199 29 -183 219 -246 105 136 202 137 -210 -240 -194 -222 -94 115 241 -166 -79 -185 -115 -127 22 117 239 139 -73 127 28 125 -16 118 -213 -120 -118 123 180 -33 -95 188 32 246 -141 60 -209 -121 92 -74 30 -92 234 10 106 37 3 102 -242 -200 -100 -187 -7 -103 -55 6 -168 -105 -162 -12 -142 -48 -217 -129 -14 126 56 97 -88 5 21 131 201 198 166 174 -206 -137 107 38 -190 -218 -244 -212 155 4 -193 109 57 119 51 59 53 31 154 169 171 -139 -221 -188 224 80 168 41 -63 -186 232 134 163 237 -138 -45 -128 -37 244 -180 -197 -172 -25 -29 225 -15 -119 -3 -114 -86 -130 -53 -224 -28 -136 -227 -245 2 -146 85 233 -233 -154 184 -60 -38 -1 -52 94 -54 191 -47 100 -57 108 247 -116 -34 -170 157 -65 -156 -234 183 187 181 -182 193 197 -158 149 142 -132 0 116 130 45 138 23 -196 64 -243 46 -214 -207 -58 -191 -64 25 66 156 153 -26 -10 248 86 240 -42 235 -76 -159 -151 71 242 103 89 36 -17 -237 -89 -165 203 113 -248 210 -145 70 -36 122 90 -61 -8 69 63 -77 -41 170 -22 39 18 -23 87 -5 -160 24 152 43 98 101 179 -177 -134 140 99 -2 -112 230 -24 -68 238 189 55 58 65 -18 -220 177 72 207 221 -202 73 124 213 182 218 -192 12 20 -229 205 249 96 
TEST 83 ARG:154 -162 161 -8 241 -201 10 -190 138 163 -23 175 -171 159 69 219 135 102 -189 -67 12 -78 -133 -62 5 208 100 -21 89 240 -109 121 -76 -47 -248 -180 221 -70 191 4 -17 112 48 115 92 -176 186 -174 -147 -28 -43 -50 -3 -111 -88 229 94 -80 -10 -141 215 151 -60 50 -6 -136 111 -92 79 87 -155 171 -243 -75 9 -224 -144 42 109 136 -2 -235 146 -164 133 -178 -86 -113 52 62 -197 -69 190 220 -58 2 -123 -18 217 188 -138 164 -71 203 -40 -250 189 224 -37 -11 78 93 -227 242 56 -191 245 34 223 -205 166 -208 134 -56 149 44 -14 -48 -228 -160 -122 -198 -1 25 -153 120 -95 -221 -82 23 174 -195 143 1 198 -159 -13 96 117 -218 -31 244 -85 -232 211 68 64 182 140 158 -184 -148 -185 -131 35 -161 118 139 15 201 177 -225 192 -32 193 156 -202 103 -91 71 -36 243 -130 232 76 -149 99 -55 -212 -51 184 -26 82 -211 210 72 216 246 176 -72 91 83 18 150 -188 141 41 38 70 -20 -64 238 -169 46 -223 -167 75 200 -150 -81 234 14 7 248 -203 196 155 107 131 128 -22 -175 -179 -93 170 74 237 -240 162 -246 228 -12 60 -239 -41 58 77 199 -187 -104 119 -241 -182 -83 -66 -214 -63 105 160 73 33 -245 -222 45 -249 172 -61 -135 85 116 -68 13 247 -114 127 144 -73 -19 168 -137 145 -42 -127 61 -207 -89 63 153 24 -151 80 132 104 218 -194 137 -35 -238 213 86 214 147 -96 -57 90 195 181 22 47 -87 -134 108 17 235 -166 227 -99 -230 -97 -200 -121 152 226 -38 19 148 -204 40 -234 -90 212 123 202 16 249 -107 -106 233 -94 183 142 231 -115 157 225 179 -118 125 -25 66 -77 -39 -79 -98 95 -142 81 230 -45 101 -140 106 178 97 -193 -216 -4 32 -181 -108 -53 173 -244 -24 28 65 -110 169 -54 59 -59 -84 -139 206 194 11 31 -173 -44 236 -170 -236 205 -30 -199 -112 114 113 30 -126 -7 -152 180 -177 129 124 -129 98 -220 -9 -209 3 -103 -206 -237 -117 55 -183 222 -120 -168 187 36 -65 -125 57 -163 -154 -247 27 0 -217 110 -156 51 37 -5 -143 -231 6 197 -146 -52 -210 -196 -49 88 126 -16 -172 -15 185 204 167 53 43 165 -226 20 130 209 39 -46 -116 -219 -105 49 207 -34 -233 -100 -27 21 -74 -145 -165 -101 239 -33 -158 -157 67 -102 -119 54 -242 122 -229 -124 -128 8 26 -215 -186 -192 84 -29 29 -132 -213 
TEST 84 ARG:83 -228 -73 224 -234 77 94 -159 150 212 244 -36 -248 95 -44 -153 -32 -42 208 19 -196 128 86 51 -200 -51 -19 -129 225 -55 -52 -112 138 85 106 -217 245 207 -7 185 81 56 -162 105 62 -237 193 -45 -172 178 -175 -128 -27 120 163 8 -132 88 -108 181 -171 174 -12 10 -47 182 53 40 -227 -65 -23 34 -213 7 -146 28 29 129 134 -91 109 -26 240 153 -126 -161 -149 223 50 -102 -106 -198 158 -77 -71 -75 5 68 196 -244 114 221 124 235 -15 -120 180 -17 122 -152 16 45 -87 -138 243 55 -174 104 -247 -119 -117 -43 -58 -189 236 191 -249 74 -182 -34 -210 3 -67 -144 130 -89 228 -122 197 17 100 78 142 179 -184 -53 -211 188 -8 -21 171 47 -109 -13 -81 190 -148 173 41 -133 206 -100 -188 199 -190 211 39 198 135 161 -2 155 -201 -136 -111 -216 -218 2 165 31 35 -1 -3 -63 137 156 92 24 63 216 102 -62 4 -164 -60 -176 177 -221 -240 -92 -250 -24 184 -31 30 141 143 -208 11 -88 133 -113 59 -239 52 -28 -125 -121 -173 127 111 -135 -186 -229 -48 37 -25 210 151 -207 44 -151 118 183 117 70 -165 116 175 107 -178 -179 -225 -139 110 121 170 189 -156 -20 18 -11 -192 -18 103 -141 -85 144 15 218 -157 172 -46 -116 84 -38 -30 164 166 64 -181 93 -235 -219 203 23 149 73 167 -147 -185 58 36 -226 123 -150 -79 -37 204 241 49 -6 231 125 -110 -202 -222 67 215 -101 -233 66 72 -9 -238 46 14 -177 -245 89 -22 -215 146 119 113 -5 -107 -14 -95 -195 21 -57 -199 162 -187 -35 -142 -69 220 222 -224 -4 9 -242 13 201 230 214 -223 217 42 -72 -130 0 160 194 226 200 237 145 69 -49 115 43 -78 229 -170 -98 -231 -205 238 -236 90 -183 -54 219 -155 27 -103 -191 101 33 233 249 98 71 96 -93 -220 65 -16 -50 126 -123 80 -74 -114 -39 -212 -59 82 -158 -214 -70 159 -246 -243 -97 195 -230 187 209 248 -83 -131 -194 48 -82 1 -169 -68 -96 -76 -80 6 22 168 99 57 -160 -127 -154 54 -163 -197 232 152 -33 -137 79 -166 -145 32 -124 91 -206 60 132 136 -167 -10 247 147 139 242 75 108 -84 12 246 -241 176 38 -40 -209 -115 -99 192 97 -90 -94 202 213 169 -193 157 26 154 -64 112 25 20 -168 -204 -86 -134 -203 -29 -143 -105 -66 234 -56 -232 148 -180 -104 140 -118 227 -140 -41 239 76 205 87 61 131 -61 186 
TEST 85 ARG:-201 -122 163 -191 -54 -164 -166 -112 -231 -223 75 213 -181 -156 200 -103 -49 126 -4 54 157 -168 -76 -226 76 -179 174 -195 -15 -205 -247 138 217 220 62 -62 -84 -214 155 -244 178 -186 -43 230 -203 4 -139 -30 169 -14 -24 -23 -29 -163 -36 181 44 137 129 152 -178 -250 -196 89 -143 -117 -200 197 3 -189 184 161 249 50 148 -207 229 124 -60 -71 106 193 -220 -39 -227 79 -96 142 158 146 -176 -74 -7 -82 -91 -11 -98 25 -124 -100 -169 -151 -202 203 24 69 -70 -28 113 -204 135 -17 -106 133 -110 -51 81 199 114 0 -10 -107 224 16 -3 -146 248 -199 -248 140 42 192 159 -114 -197 160 182 100 63 -50 228 -234 212 102 -68 35 -217 -130 168 72 -126 -128 115 67 131 -89 85 -81 17 104 -183 -190 -1 -221 -145 -152 91 -171 -16 -118 90 -245 59 53 68 -108 -213 -129 176 -155 164 234 30 -249 -31 -64 -235 -113 92 190 -238 21 -177 186 -188 47 13 244 -160 65 -13 34 -241 -187 -149 -211 205 41 32 -20 153 -172 -61 23 -67 128 -33 14 95 121 2 194 52 61 -55 101 110 247 -125 71 28 -135 -52 245 -6 -97 154 -37 -90 -180 156 -56 -150 235 99 180 -161 -57 48 -243 -134 -225 209 136 -185 31 187 -21 73 -184 -132 -116 -8 -120 -208 -79 -58 -78 80 45 -22 -38 141 -115 109 -240 -40 218 239 -246 -192 165 -46 130 175 97 -154 46 58 -102 120 36 77 19 -63 94 -165 171 -42 -109 127 -215 39 -198 -101 29 183 -25 185 222 -138 -162 -41 -66 84 119 -232 8 87 6 -45 -206 149 57 -239 -209 78 38 117 -19 93 246 -123 -48 -99 170 -53 198 -236 -72 -175 43 112 147 -194 -65 98 -92 -2 219 223 51 -69 233 -242 195 -88 116 108 22 207 210 243 -75 15 -216 -224 -131 189 232 -121 172 -158 226 196 -12 188 -26 -73 -174 -193 122 -119 64 83 56 201 -127 240 -94 231 82 167 -104 215 173 166 -182 179 18 139 191 103 105 20 -93 -32 55 27 -83 -35 5 66 33 -170 -80 -237 123 -44 86 237 -87 238 96 221 -157 -34 70 208 -95 26 -59 -230 162 -144 111 206 -77 -147 -229 12 177 -85 -18 150 -86 -167 -228 -9 -218 -136 145 132 143 202 -212 216 -219 -27 -153 -5 -148 144 214 -141 -133 134 225 -137 -210 241 11 242 40 -159 -105 49 125 7 -140 204 -47 -142 9 236 74 118 10 1 227 107 -111 88 60 151 -222 -173 37 211 -233 
TEST 86 ARG:-215 64 -83 -198 -194 56 109 -70 136 -151 48 -220 65 108 203 14 -122 -1 -169 -235 -223 225 178 -159 -9 200 242 234 -76 228 79 155 244 32 -101 141 94 168 -86 -88 224 -50 -160 -71 -40 120 88 -216 112 -112 31 -105 -92 -132 150 -74 -218 -120 -93 -137 -156 44 16 216 -22 135 2 -15 -60 80 -182 -204 9 8 -77 -224 43 162 -82 -222 -138 -57 161 170 -176 -90 215 55 218 -58 -111 -32 -188 26 214 171 98 165 122 5 153 49 -179 17 142 157 -48 91 123 145 -242 127 190 -140 230 -173 143 -118 77 -141 196 -53 38 176 169 -130 116 -189 -139 -207 22 -162 231 -35 70 -81 167 187 -17 -47 30 117 241 -61 -129 53 -31 166 149 197 -34 -238 158 104 21 -211 -247 76 222 119 -125 183 -24 198 4 -233 60 118 -236 52 124 223 -185 -221 -96 -229 245 -5 99 102 139 0 -210 69 229 -117 193 -246 115 90 -209 50 -66 57 35 29 -152 7 243 -196 247 -102 28 -203 -73 -62 249 137 59 33 -213 -8 -143 235 248 -187 11 -193 -98 201 110 -44 39 -13 205 -43 -16 -59 111 177 239 37 -227 74 -91 233 83 -153 63 -248 -64 -115 156 -39 192 132 -163 -167 -212 -114 133 126 195 -49 -84 -41 -80 206 148 -171 173 -228 -142 -131 47 75 103 181 105 -155 -197 -199 -109 237 -231 207 163 189 -55 36 -75 -85 24 217 221 96 188 -164 -65 -38 -46 212 227 -206 20 -244 -200 152 140 184 84 194 -234 -56 -232 -106 13 160 25 226 -2 -94 240 180 -116 -11 -158 -103 -190 209 246 97 -3 -72 -243 131 -45 238 -180 -113 -195 -95 -123 -33 211 174 82 87 -201 -37 114 92 -87 -10 23 164 138 -127 -149 125 179 45 -147 -110 -104 -186 -237 -23 15 -241 144 -165 -19 -154 175 73 -28 -100 72 154 -135 -63 210 -174 101 -133 41 -99 -119 -25 236 10 -219 3 40 12 -52 -51 -12 -150 -172 -67 -136 -240 -7 95 191 -191 62 -230 61 -146 85 -214 46 -128 -168 -107 -108 -181 -183 -161 232 186 151 -79 -177 54 208 -121 -239 -6 -42 -68 -134 6 146 121 199 86 -144 -20 -78 18 71 -69 -21 89 34 204 -14 -225 -184 172 42 220 58 68 -18 -202 129 202 -89 -145 147 219 -192 -30 -4 -36 -166 -148 -157 81 -97 -249 -170 128 27 -245 19 213 51 -26 -208 -217 159 107 130 100 134 -126 -250 182 -54 67 113 -178 185 93 1 66 -27 -175 -226 78 -124 -205 -29 106 
TEST 87 ARG:114 -69 166 -88 217 -114 -243 15 27 212 -178 -224 124 -149 -148 -239 76 138 -240 85 -82 57 -19 -43 -18 -81 -160 169 -164 -181 -167 -3 156 203 -62 -141 -223 -233 171 -61 -217 230 -50 -4 48 -140 -128 188 -117 21 129 105 -234 78 -103 88 -173 -163 183 181 -63 -131 -154 19 72 -210 64 241 205 -203 33 -153 -71 -20 -5 180 38 -41 226 -199 236 62 -102 50 89 242 43 147 -99 -55 -134 177 97 -195 -95 -27 8 221 -229 37 58 116 198 -221 -204 4 67 -209 -156 -30 161 164 -101 -241 -139 44 -245 13 233 -15 83 -168 -22 -91 152 178 -172 -238 201 42 -83 157 -74 11 17 -90 55 109 41 46 140 115 63 -35 20 162 -222 170 23 35 238 215 134 249 -67 131 -143 210 182 -242 12 -165 70 5 74 228 -162 225 190 104 195 218 28 96 184 179 122 -155 25 7 98 -72 -124 -166 145 150 -237 174 -115 -75 -108 -93 144 127 -80 -218 -21 -206 -194 1 111 9 -146 139 -46 -44 -104 -84 -144 119 -159 2 53 240 -14 -157 222 -40 121 -192 176 197 -123 -193 -170 -187 -94 -58 -37 126 56 -42 -56 -132 200 -92 84 110 -34 87 -196 -47 160 213 -127 47 -147 99 73 -135 -17 220 244 -60 173 202 31 151 -185 -188 91 -126 -182 149 -136 -180 75 209 -23 -214 51 248 -177 6 -29 158 86 135 -32 -57 -89 -10 -113 40 -53 219 -142 199 -116 123 93 216 -219 -202 -205 -96 132 -54 -112 136 -129 -39 -87 -158 -212 -152 -85 -189 175 148 -105 -145 -198 30 159 -227 -215 235 -76 108 142 -220 -213 16 247 -66 66 -249 -118 106 146 208 193 113 -244 154 -9 -48 -176 -186 -52 103 0 163 -125 -230 -191 22 141 -16 14 186 101 -59 -86 -190 95 10 -64 -107 168 -174 214 90 -207 -36 165 192 65 194 229 -78 34 59 -70 196 -65 54 26 100 45 -13 -26 -6 153 231 -137 -120 -45 -250 -236 -130 -247 -179 -28 167 133 94 -98 -231 224 61 -100 -201 -33 79 77 -226 69 -12 -7 29 -31 -211 211 52 3 -171 -79 -110 -119 18 68 -24 24 -138 32 71 246 -111 239 92 -25 80 -49 -133 117 118 207 39 -225 82 -150 60 -197 -216 -1 245 -122 -97 107 -73 -248 -8 81 -109 223 -232 -51 -38 130 -77 36 -161 -208 -175 120 232 -228 185 112 234 204 243 137 -121 -169 125 128 191 102 189 -200 155 227 -68 -151 187 -11 143 -183 206 -246 49 237 172 -235 -106 -184 -2 
TEST 88 ARG:-102 -164 6 123 -229 231 -35 -61 -8 20 -214 142 94 174 -29 4 -68 -67 12 7 -50 210 131 194 149 -150 220 -110 -59 175 139 -12 15 110 153 111 22 39 201 95 225 154 44 -64 -220 -2 -39 -27 -71 127 173 158 65 48 -75 205 224 -203 -30 -212 -47 -168 -245 132 32 -148 -191 88 73 -45 -55 215 -20 176 51 -134 -40 -248 -223 23 -211 2 -138 -11 -130 -34 63 82 90 27 -182 57 75 -200 -217 -107 -84 -159 70 -3 160 -238 -7 52 59 -173 -133 56 67 171 61 40 17 -95 -141 -57 54 -184 -38 144 58 14 245 -132 45 72 102 92 -24 -210 -56 180 -199 -26 -129 43 84 -111 -86 -231 -79 192 105 -207 -44 -240 -113 38 36 128 163 222 18 -22 -161 29 -195 -170 -167 -60 230 202 85 168 165 -230 -43 -190 -135 26 47 -165 -239 -206 227 -244 -145 221 -121 237 129 120 97 140 69 77 121 -72 -140 -58 -41 -99 -143 46 208 116 -76 101 209 -77 -108 -83 -81 109 189 -155 216 -42 -49 -118 62 -21 -78 -188 87 89 -123 -163 81 -51 -249 238 -1 150 206 -70 -178 -153 223 134 -204 -62 143 34 -109 196 167 53 106 -215 -246 50 155 204 -9 182 187 103 -171 219 108 166 83 -139 -142 -66 191 -226 -101 -96 -14 -73 -157 -174 -87 115 16 -48 -156 -37 118 -125 -247 -185 234 -169 -242 -179 246 55 141 -69 -202 -91 214 114 10 -205 -243 93 117 98 -194 79 193 -15 24 -232 147 226 195 -19 74 -144 185 -100 -92 -97 249 233 -176 184 68 162 -208 138 136 -89 -152 -187 183 -120 119 0 -250 -175 236 37 200 199 25 -53 -127 -103 126 -224 172 -235 3 -104 -85 239 203 -93 86 181 -160 9 11 -10 244 28 30 19 -216 -213 240 -17 232 -197 -115 -201 157 152 96 148 -166 113 -124 179 198 -241 -198 235 124 42 178 190 156 -180 66 78 -146 -32 -196 164 -209 -116 -147 248 -6 218 -106 -181 -23 -82 161 228 41 -33 13 145 -219 133 247 -128 -18 -136 33 64 177 146 -94 21 125 151 -88 135 -105 -31 -192 5 -36 186 169 -236 207 217 -63 -228 80 -28 213 35 -131 -177 -46 -4 122 188 1 197 -237 241 104 243 49 -218 91 -227 -13 -52 -98 -65 -5 -154 -233 212 211 -221 -137 -234 -25 -149 130 -126 107 -112 76 242 112 -122 -117 -189 -114 31 99 -90 -186 -16 100 -74 -54 60 -119 -172 159 -162 -151 -183 -222 -225 -80 229 8 71 -193 170 -158 137 
TEST 89 ARG:-159 168 21 43 68 -178 -133 -149 -15 -81 244 194 -75 109 -9 186 144 190 89 157 92 64 -160 -39 -241 23 -85 -121 77 210 -134 208 -132 -123 136 55 -53 84 -5 -154 1 37 -102 93 -231 156 184 -126 125 28 78 206 220 248 227 203 -93 -169 -64 -27 196 -57 82 48 -59 -151 -61 207 -80 174 61 -148 -170 100 -122 121 -120 75 -47 147 169 240 -111 98 65 -183 -199 -103 -211 164 -161 80 182 -8 -13 -244 -92 193 87 103 -50 -98 243 -226 110 -130 18 -42 239 49 -117 198 102 71 134 172 113 -72 -38 141 -191 -186 -180 -65 -78 -21 -51 152 -94 -167 -62 178 -100 -245 -105 -48 -26 -224 -209 -207 118 205 -52 171 183 81 -37 -246 -158 34 -164 129 -136 177 -86 40 127 -33 -215 -187 150 41 -60 -55 19 -6 -84 -163 9 67 79 188 -228 31 -205 -36 112 215 -69 83 -125 51 -28 167 191 159 35 58 -198 -190 -3 -138 -127 160 -140 -73 120 85 -229 -110 -128 151 13 74 -218 -106 15 2 10 158 226 3 -147 -77 -29 -97 -206 -153 32 46 131 108 -76 -131 27 -54 -146 122 200 -113 -4 116 38 30 115 -31 53 214 213 -166 -181 -188 8 -150 -179 179 -171 106 -88 -194 132 -144 -243 143 -90 124 195 -16 -182 148 -203 -219 -7 189 212 180 -177 -240 234 -242 101 162 60 246 12 237 94 -184 163 -89 -236 -49 -193 199 -1 165 5 219 -173 -119 -200 -2 236 -250 73 222 221 -214 -19 137 -196 -12 -74 228 -14 117 24 11 139 0 76 181 225 233 119 249 -87 247 -233 135 -114 202 192 70 -162 -139 -141 245 197 -249 232 -142 -82 54 223 -223 231 154 33 91 -118 138 -220 -17 -18 -95 238 -221 216 -46 173 -238 -45 88 44 -232 17 107 130 -189 95 4 -70 242 -230 62 -152 -101 209 14 -109 -66 72 224 -58 96 99 -208 -175 149 -108 -237 39 -216 -11 175 -202 25 153 111 170 -155 -104 52 133 -168 -156 -35 -185 128 -222 -192 -20 230 29 114 -145 42 -217 63 146 -225 -234 211 47 86 -34 -195 69 -137 126 66 -116 123 36 50 -165 241 -172 145 155 105 -56 235 204 -32 -115 -79 7 -44 142 201 -157 -174 -213 185 -83 -43 166 176 -99 218 -227 59 140 104 -201 -71 6 -41 -23 22 -135 -210 229 -124 -25 -129 -22 -30 -176 -24 -112 45 -204 -40 -63 -96 187 161 -212 97 26 -197 -67 -68 -10 57 217 56 -235 16 20 -239 -107 -247 -143 -91 90 -248 
TEST 90 ARG:126 -247 -245 69 120 -105 1 103 7 -193 -94 71 -15 72 6 -186 210 -173 110 -213 -207 -201 -30 62 212 -39 24 -64 -93 -11 -16 170 25 -68 -235 -174 -71 46 108 45 -244 -47 138 -160 -220 -164 -63 5 -230 112 -229 -216 192 -85 -191 121 85 180 3 220 -248 44 -41 242 -185 113 -219 124 157 -227 9 184 185 -10 -124 155 -154 -243 86 134 -148 -37 -23 82 -130 -77 21 81 -110 -123 215 -19 224 141 -127 129 163 -183 30 -3 -206 -107 166 -113 -106 -120 42 -158 -238 196 63 -36 -143 43 11 190 -250 -177 -2 101 -81 -200 26 -89 199 -60 -100 -199 -67 -111 66 213 54 -17 90 209 187 79 -49 -133 117 189 -211 -151 -95 -70 100 125 -83 164 -119 -195 -12 104 -74 -18 -52 12 -50 -190 -152 -129 -28 28 -87 94 -59 -239 144 -223 29 -221 146 -167 137 -102 96 -231 -6 -128 142 -51 -44 33 -153 186 -55 -116 58 147 -101 145 -76 133 52 181 -159 80 -126 179 240 -79 -5 241 105 198 19 156 -202 -155 37 -26 51 -184 -157 188 -214 16 175 -69 -103 95 -118 88 36 177 2 17 -188 87 -149 -115 115 172 -134 -225 55 13 75 -180 50 18 114 70 162 38 -218 201 78 191 -25 -204 193 83 -38 -90 208 -58 -162 161 39 68 165 74 -108 -86 -187 -20 -197 217 -217 143 229 -196 -61 15 195 231 31 -62 -46 123 76 200 232 -34 92 -215 -21 223 227 -48 247 -91 27 140 178 235 -14 136 158 -31 -165 205 -181 -57 119 167 237 102 73 243 148 98 234 160 152 -172 4 174 -234 183 -96 -192 23 32 10 65 -121 171 226 -246 -99 118 -98 -72 8 34 -42 48 -84 -7 22 -114 -73 93 -175 150 -145 61 -212 168 244 99 -236 -156 -122 59 -205 207 -237 -9 -66 -198 -137 233 182 149 169 -1 248 246 -224 -135 127 47 214 -35 -8 89 -208 -132 -27 -43 -92 -138 -182 -82 -249 203 -24 49 -228 111 -232 -22 204 -147 -140 202 -53 -112 -117 -222 -150 245 130 230 154 106 211 -240 135 -171 132 151 -141 -139 139 -209 56 14 122 97 35 -142 128 -210 219 228 -13 -54 -194 -78 77 -56 -163 107 -29 -189 -136 153 116 109 84 -146 -32 206 -65 -176 -125 159 -161 -170 -179 -166 64 249 -40 40 -203 238 221 -131 -109 60 -226 -178 -169 225 -33 216 -88 57 -144 176 -75 41 91 197 -45 0 -233 236 218 -97 67 -104 20 53 -168 173 194 -242 239 131 -80 -241 -4 222 
TEST 91 ARG:-221 226 68 186 71 199 -206 220 -136 -117 143 -188 238 -67 150 -16 141 13 138 -156 113 -155 -11 -42 92 190 103 -160 -219 -207 153 209 136 -78 -225 191 -45 -38 225 31 8 -236 154 -51 -213 -193 -50 234 -187 217 -138 124 -147 -56 164 -215 -34 36 -75 -240 -107 211 -192 65 162 107 189 -173 94 -141 -250 -58 -175 -98 169 173 116 42 -150 -143 -83 -243 222 -108 5 170 61 -161 -91 -92 19 47 184 -186 -99 -96 -3 178 55 245 -95 127 115 93 54 128 227 45 49 119 86 -112 -47 105 188 17 -44 -119 104 -94 -217 145 213 -5 6 -158 -40 21 11 52 91 -17 149 -179 -230 -163 80 -120 -132 -216 -149 98 -165 157 193 180 -66 -133 -241 22 41 176 -181 241 -110 -85 -233 15 -12 -82 -13 236 224 210 218 -109 215 -28 -74 -199 -211 -113 198 -64 -105 -244 -239 129 -154 -52 161 -71 -210 -148 223 140 -129 32 46 112 177 -200 -41 166 -235 2 29 44 66 97 -22 -152 -70 26 -198 133 132 35 43 118 84 -126 59 -157 -228 -88 7 122 -26 -205 108 -55 28 192 -69 -242 -30 -168 206 228 246 96 60 -137 72 172 144 -196 74 -2 -29 63 27 -97 146 -197 -139 -223 -174 -159 142 -183 79 -184 165 -180 247 204 -191 -76 -190 30 203 152 158 -68 -77 100 20 12 -49 -124 216 81 -234 -222 -14 163 -18 249 -6 34 -36 50 -203 -46 -164 -33 -224 88 196 -84 -214 -1 -32 -176 134 -172 70 -170 200 18 -80 229 56 1 151 207 195 171 -212 37 121 -229 -111 83 82 -247 -169 -19 25 85 -37 58 -23 51 40 106 24 0 182 117 -231 230 -167 -31 -48 69 155 -122 -106 -61 130 244 -121 -25 -185 9 -39 -166 168 131 101 -8 -182 -140 -220 231 148 114 102 33 10 -194 239 -79 -59 -87 -4 201 -249 62 139 248 202 -218 -144 -128 75 -145 237 -135 -101 -102 -21 -73 137 38 -86 -127 -162 57 39 -246 159 -232 -195 214 -24 23 -116 240 67 -54 194 242 16 -125 -226 208 -43 78 -35 147 -81 -115 -209 -62 219 110 -114 48 -131 -146 -63 174 77 126 120 3 -118 87 156 53 64 -130 -178 -20 -248 14 179 -208 -90 -7 -103 -142 -10 235 -245 -57 205 -201 -134 197 -100 -104 -9 181 221 -202 -204 -27 160 99 -177 -171 -153 183 212 -227 232 -123 187 175 -151 -72 109 135 -60 -89 -238 -15 90 185 76 4 -53 111 95 125 -93 -65 -189 -237 89 73 123 233 167 243 
TEST 92 ARG:-223 -131 -202 -76 45 -85 -35 -122 61 236 8 -124 -40 152 116 -52 192 230 -107 165 -245 -28 5 13 -8 228 223 38 69 188 -236 -123 -98 -145 -5 94 -140 99 -70 93 -181 87 -81 168 -162 -248 73 233 -240 161 117 27 57 113 26 226 -189 -235 -105 -146 -80 175 123 155 -72 191 35 132 1 135 37 -13 -238 -14 -232 174 107 -231 14 -29 -183 63 -152 159 -68 164 41 114 212 -186 -108 19 50 245 -160 177 -221 48 -191 234 -206 -138 18 -58 121 -12 -173 -60 194 120 131 -144 -74 129 235 47 248 86 -220 -241 -157 -219 52 -207 -142 206 -61 190 202 -230 -158 110 -115 -156 16 153 -103 -215 -57 -247 83 182 220 -200 46 -31 -125 -48 238 -44 216 17 -211 -242 -83 150 184 -120 -43 -11 -100 -34 -101 -6 36 -194 133 -118 -190 -250 200 115 -55 169 -166 -51 -64 158 -209 -117 -172 195 68 154 -224 -23 -41 237 -121 6 240 198 124 -135 126 -188 -176 -244 56 34 -45 -93 227 96 -47 134 229 -170 -212 84 -25 -27 146 -233 166 -37 30 -222 105 -147 -113 -165 -149 -50 -88 51 -218 -177 59 -150 -92 -196 79 -137 -65 -185 72 176 -179 193 -20 244 -17 -197 -82 -237 208 144 196 205 -56 80 7 -36 32 -171 127 40 -164 -67 -75 12 -69 -79 125 -239 157 -133 -94 -119 74 -127 66 156 180 -175 163 -199 -134 -109 -143 0 -213 95 -111 -155 -53 -139 -4 231 181 218 213 -148 -90 -151 -201 -154 130 -95 -225 -2 -97 109 -62 -86 58 101 -130 98 85 -112 -30 -184 -216 -195 -210 -136 4 39 242 112 -96 122 189 243 49 29 92 -87 -9 178 76 197 232 2 100 -169 -203 225 70 -78 20 21 -198 151 -227 211 -63 147 -192 31 128 -246 -168 60 201 23 108 44 71 77 55 221 22 -193 -10 42 215 -71 33 -32 143 -77 -217 -99 224 -73 -42 65 10 -15 -174 54 185 246 81 -24 -178 -110 -49 88 90 -7 -84 162 91 102 136 111 199 186 171 15 -22 -205 142 160 -249 -1 172 62 -38 139 145 249 -26 -163 3 -159 106 183 -39 141 210 43 219 -204 207 97 -243 -106 -19 53 -114 187 241 140 167 -54 179 -234 -132 -153 -89 -229 217 -21 204 -128 89 239 64 -66 9 67 173 209 -91 -126 78 214 24 -208 149 -59 75 -161 104 138 -226 -228 11 -116 -3 247 -102 137 -214 -33 203 -129 -187 -104 -16 28 25 82 -167 -182 -141 103 222 148 170 119 -18 -180 -46 118 
TEST 93 ARG:-21 -70 -105 -168 199 -222 -132 -196 12 131 -221 240 -86 218 -61 -197 -44 138 -20 37 -226 165 -56 139 -4 -125 -98 161 217 -146 99 238 -209 -91 -37 16 31 -136 -139 -81 120 129 109 184 204 175 -198 -41 -96 42 156 -177 -15 -24 -135 215 -152 132 -172 235 -137 67 -141 225 -175 -182 -234 174 237 194 -163 130 -232 -203 -99 -188 33 -126 162 -16 137 -83 71 -192 79 2 -111 82 4 -134 123 106 45 -1 148 15 -112 -201 179 32 -42 200 -129 -230 133 192 163 182 226 64 88 92 -229 -217 -239 50 122 94 61 177 43 6 83 197 228 201 22 115 126 -178 -47 36 -205 8 -179 7 167 -236 -18 -228 -38 20 -184 -76 96 81 -84 -161 -12 -94 203 180 232 121 -50 27 -166 -122 84 -115 30 191 246 -118 -147 118 152 -68 222 76 -186 -145 63 -149 -164 -242 -97 195 -19 178 -213 241 102 57 -211 -249 17 -181 -58 -202 -158 49 -220 62 -170 -173 69 214 78 231 -190 -159 -65 -36 112 -233 -26 -121 89 173 -55 -109 -43 -54 230 9 47 86 103 -6 90 -185 100 -45 154 136 142 -117 -237 -87 140 -40 247 -245 -167 40 -165 211 3 -11 188 -79 14 207 198 149 153 147 35 -140 113 -123 93 -154 72 -130 -241 146 116 159 171 -116 52 219 -17 186 -194 144 66 -174 56 -131 155 242 54 -73 196 87 -33 -208 59 25 48 193 -53 -32 -59 44 -160 -156 164 -25 5 158 -247 -108 -119 65 -34 -244 -110 -235 -218 23 -199 -5 104 -204 -120 -189 -39 127 -77 77 -10 -144 38 73 -216 157 210 29 150 21 187 -162 95 -206 -157 -52 -89 189 -207 209 -193 -30 143 -69 -88 68 101 -128 -143 -212 -80 206 -227 26 249 -102 114 233 -210 -100 227 -107 -155 41 223 -187 19 -57 208 -72 107 51 -27 169 216 -240 -31 58 -224 -46 10 243 -106 74 -180 -62 -113 -49 135 98 -82 -75 172 -14 -200 229 60 28 -150 141 -51 -176 -183 -85 -153 160 128 -103 108 -243 97 -169 176 -225 -214 -35 91 -67 -238 -74 -23 221 181 -215 -3 -250 166 245 105 -124 -92 -22 -114 -248 -93 -9 119 -13 -231 18 39 145 -104 -29 125 -71 134 -48 1 -246 -127 110 183 -191 55 213 244 -95 185 -63 190 224 0 -151 70 220 -7 234 -90 -60 75 -142 -64 168 34 -2 170 -101 53 202 117 151 11 212 -195 85 13 205 -148 80 -8 248 -171 -138 46 24 -66 124 -133 -219 239 -223 236 -78 111 -28 
TEST 94 ARG:141 223 -47 -128 -119 -166 131 -5 154 -201 -222 62 87 -1 -31 -114 -68 -108 -20 145 -143 119 77 -71 225 -85 41 -182 182 0 -101 8 -219 -233 68 -102 142 42 213 -167 -216 228 54 -23 -111 -206 152 240 237 -48 136 172 75 -112 51 35 227 67 14 133 11 40 -203 -38 221 -227 231 -27 -241 194 -123 -76 -116 27 31 226 -250 -230 -194 -70 -36 -240 52 181 -67 -91 -209 60 -59 -77 -234 -51 -152 -129 -110 -155 -78 -161 103 247 2 78 -179 219 -205 -197 222 -239 -214 28 -42 -178 -188 -132 -193 -142 243 -93 83 242 -84 179 102 -208 50 -94 -29 -175 -204 -135 -66 165 -243 -81 215 -56 -237 -30 188 1 99 111 18 124 -168 197 108 12 -7 -171 153 -89 -9 -228 -43 217 -32 224 -149 -98 206 -138 -64 16 79 97 -105 -185 61 19 -50 -49 106 -4 192 -215 -159 -118 22 166 84 170 105 -6 -235 13 -217 195 -141 117 -21 -146 39 21 -24 199 89 175 -124 -153 49 -134 -8 -61 189 229 109 -238 209 36 198 -158 235 125 -95 161 -52 201 -96 159 -247 -122 184 -246 20 -117 72 147 10 207 158 -65 -46 23 -151 69 -202 137 -15 -26 -236 -11 -130 -13 -200 48 -120 -106 101 135 73 249 157 -163 -148 110 76 15 -126 129 216 120 155 -165 56 -73 127 -12 -107 -136 43 186 46 58 156 -154 214 167 34 86 146 57 100 138 94 -224 113 -104 37 169 -184 162 191 -140 -28 -25 187 -157 96 -45 -10 239 -231 132 88 98 71 -103 -177 -97 122 29 5 26 32 59 -139 -39 150 -113 -244 -183 -220 -109 244 91 236 212 66 -16 -225 115 70 74 -210 17 139 -44 30 47 -174 -186 238 -213 123 -55 -218 160 176 164 134 200 38 -173 -207 -69 -133 -169 45 -57 233 -176 116 -92 185 -144 180 -125 -242 -189 148 -160 -80 -35 -88 112 -2 -192 -58 -199 168 -232 92 -115 144 -212 -40 -41 104 -74 65 63 -226 -18 -145 -162 -33 -60 210 178 130 -75 232 190 85 126 -79 -248 7 174 128 -82 248 -14 90 -3 82 -37 234 241 -190 204 203 -172 64 149 177 220 218 55 -187 171 230 80 9 -17 -249 -195 -22 245 211 107 -131 202 205 183 25 81 3 -19 -100 -211 -86 -62 -223 -191 -53 114 -221 -150 -34 44 93 -181 208 163 53 -180 4 121 24 -245 -196 -121 -164 173 33 -147 95 -156 -90 151 -198 -229 -83 6 -87 118 140 143 -127 196 246 -137 -54 -99 -63 -72 193 -170 
TEST 95 ARG:112 -76 38 -126 5 -58 -155 191 160 225 30 -96 157 46 164 -90 81 -182 37 143 168 202 -131 161 23 113 25 93 156 246 -23 -9 208 -173 -78 -157 -185 116 -127 245 79 -82 -15 73 126 -209 -125 -241 -133 -100 29 72 -148 -166 44 182 -57 128 216 -27 28 -53 -162 89 94 -144 166 -107 196 -121 -229 -227 55 -140 12 -179 -130 201 -29 -225 -129 -60 49 -101 -103 199 42 -213 -110 169 -94 205 -160 -201 167 57 -176 -118 -48 -142 178 103 -59 -234 224 244 118 -16 101 -44 -115 31 -13 66 -198 141 -215 239 53 -3 190 8 -141 -169 150 119 247 242 129 120 154 0 -6 122 -49 -183 249 -41 -147 -174 9 -97 88 -196 155 6 -139 -77 -210 218 56 -207 148 230 86 -31 124 70 165 -12 -87 151 222 -64 -40 189 171 -216 211 -214 -132 186 -95 -242 45 -26 36 117 65 -128 192 231 115 121 134 -19 64 -232 48 83 -156 203 87 -81 -92 82 -98 185 -34 221 181 80 142 177 243 -154 -109 131 -195 -220 -116 236 -86 95 18 58 -37 -245 60 -137 33 -175 41 172 193 -7 204 -56 -247 -170 63 -138 -171 -230 111 -66 -108 -106 -186 100 -1 241 234 105 67 108 144 99 -123 -199 -52 4 -212 24 -39 52 -184 34 11 -14 175 104 184 176 -194 233 -30 -200 229 10 35 -70 -89 -24 -11 188 -239 209 107 2 140 22 -180 15 159 -21 198 -18 -222 238 173 -80 -104 -152 -203 -246 102 -111 153 213 212 -158 -61 -188 -10 -218 146 220 132 20 -54 228 -143 -88 125 147 -226 -248 183 -177 206 75 47 -2 -45 -178 214 -33 -20 -43 -187 7 137 -235 26 130 -119 32 -84 13 68 -114 -237 226 -91 -191 74 -172 76 84 -228 135 195 -223 19 179 106 197 -238 -146 -73 -36 -150 69 3 -102 -38 187 -83 -46 248 -62 -168 163 -17 -219 62 -4 227 -22 -8 -120 145 -75 -42 158 1 -85 138 -105 -25 -55 -167 -93 96 219 61 -204 -134 -35 -122 -163 -117 -197 78 136 14 240 -63 -164 174 223 77 -224 -65 -181 210 162 -28 -231 -145 -193 -72 -233 114 -99 207 -161 54 98 -67 -50 200 -211 -51 -71 -205 133 -208 217 123 -151 109 -47 180 215 -135 -112 -249 -240 -113 237 40 -79 16 -5 -153 90 -244 -192 235 -202 21 51 43 194 39 -32 -159 232 97 127 -243 17 85 149 -136 -74 -69 50 92 -68 -221 91 152 -189 59 -250 -149 27 110 -124 -190 -236 139 -165 -217 -206 170 71 
TEST 96 ARG:-202 -151 185 9 71 -95 -192 -149 141 -169 -40 -48 -84 223 -7 -185 -153 10 -59 -79 -54 244 -73 -162 -21 -187 -183 228 106 58 222 15 145 -116 181 123 -93 -216 201 158 -42 -107 -125 137 2 -26 -156 65 -9 1 -179 88 -224 -222 140 240 -55 -161 -235 95 -122 155 -136 -38 207 -208 -97 -228 -15 78 111 190 241 143 -231 60 205 233 249 247 -132 -207 -56 54 47 -221 -102 70 -16 -165 -167 87 202 -75 -43 204 191 -101 172 37 -211 -128 103 -152 146 -111 53 -20 -6 18 -173 45 184 -206 -204 189 6 -22 -28 242 98 -246 -198 63 77 55 17 46 -191 -113 243 135 22 -184 40 173 -205 7 -245 -45 -1 151 -232 89 23 -77 8 109 -158 161 -25 -65 226 142 171 -104 42 -94 75 -86 193 -17 221 157 214 -176 68 -219 -189 -196 -14 -109 203 -13 35 34 215 82 36 248 -194 149 99 -147 -80 163 57 138 -68 200 -166 -47 -11 -19 148 -226 -98 117 -218 101 44 -103 -170 16 122 188 -60 -63 5 -133 213 97 -236 -119 4 72 -143 -69 180 220 -172 -249 -106 -52 -70 -92 -241 195 238 24 -137 230 218 73 132 -62 107 -89 179 -121 -50 -58 -227 147 116 153 -139 -135 -141 -64 -110 209 52 -160 -81 69 -215 -2 86 178 -96 166 165 28 119 -177 -244 -201 -129 -126 216 -243 199 -61 -82 -32 133 49 12 -99 -197 194 175 -130 236 48 129 -193 25 -127 -41 114 -238 -138 183 217 126 167 160 -87 -210 -145 130 -27 -233 11 227 -250 208 198 -24 -229 134 -146 61 -174 41 206 127 164 159 121 -23 -186 156 -123 19 -100 62 192 -35 27 177 224 -164 219 50 -237 152 -53 90 14 -181 -180 -117 239 246 -118 0 -242 -114 -214 -112 -71 -163 212 13 110 231 -134 -140 104 -168 186 -49 197 79 -199 29 -51 154 118 -4 -34 64 187 -12 -120 -90 30 -88 84 3 -74 -39 -115 -175 -239 -213 -30 211 20 -105 -171 -225 139 81 -209 -67 100 115 -178 182 39 176 229 91 -217 -76 -66 -44 -148 -200 235 232 210 -188 56 67 136 -83 128 102 -159 -142 -131 225 -36 -220 168 21 105 -57 -124 -72 162 92 59 237 -91 -203 -157 66 33 -154 93 124 -150 -31 245 -46 94 -223 -37 -247 108 74 112 -85 169 43 170 -155 -182 144 26 96 32 -78 -10 131 -29 -212 83 125 -5 -190 -240 -195 31 120 -33 -3 174 80 85 -230 113 -248 -108 150 -18 76 234 -234 -144 196 51 -8 38 
TEST 97 ARG:142 -80 -117 70 243 169 58 31 -86 -43 -157 121 -6 -130 237 185 -63 -221 29 196 221 -55 68 73 -126 187 -124 -172 42 -208 -234 199 -230 -61 -185 109 112 -127 103 -88 -240 -214 -78 -141 -121 101 19 9 212 -46 14 -203 -18 -239 -23 149 -215 -93 120 114 93 60 -74 -174 154 171 -31 -38 -145 -217 -70 49 -105 96 -99 144 -231 -136 -52 115 -57 -7 239 186 248 -71 -111 -223 224 -82 240 -235 59 -164 -75 -176 10 152 25 -210 -22 -98 201 225 -159 12 -87 200 -97 27 47 -154 11 151 57 -16 -27 -197 161 89 207 65 -76 -49 -24 77 -66 -35 163 55 -62 -138 -244 228 -237 247 -162 -151 -196 87 16 -101 215 94 -250 61 -146 204 -104 180 -48 -140 213 129 146 105 -232 123 198 -91 82 6 202 -12 66 194 -241 126 -58 166 -213 52 -59 -212 -171 80 -144 -227 -205 -177 138 -85 156 148 122 227 127 113 -220 -173 -181 205 -165 -94 -54 210 -189 41 242 28 -137 136 245 100 85 -188 191 38 119 134 30 135 217 -248 244 -112 -21 76 -107 188 164 189 -1 -128 214 99 -192 184 140 157 -115 231 192 74 -180 97 -60 102 -30 36 165 -68 -118 128 249 209 222 150 -67 143 -178 -193 -229 -190 21 236 33 -222 1 206 -90 -15 -169 -170 174 56 216 -218 -72 -102 208 -155 246 223 53 190 -243 -25 -19 -194 -242 -17 51 -219 -79 -175 -51 158 -73 -42 -233 79 211 117 -109 107 -167 -187 78 197 -9 75 46 104 -34 4 -134 -119 88 110 -116 106 -148 81 83 111 92 -108 -5 203 -47 167 22 7 -152 241 -33 40 63 -129 -199 -45 -139 86 -84 -184 -100 -163 -26 168 -186 -20 -160 71 -149 54 -236 226 -135 -209 39 -200 116 -143 -65 -14 72 -113 64 -125 181 235 -95 34 15 -39 -216 -249 -10 62 234 -11 -228 18 -36 155 44 2 0 178 -81 -92 195 43 -195 -153 -96 -53 -191 -114 139 -179 125 -89 -201 5 238 -182 -41 -150 -29 -3 -225 162 118 141 159 32 -161 132 -103 -211 176 8 -69 37 133 -13 -133 20 -224 147 173 232 145 48 170 -158 3 183 179 -110 -198 45 131 153 98 -64 -204 26 -28 -44 13 95 -207 175 182 -147 -106 -206 230 -226 108 229 -246 -142 -131 -202 -8 -77 -2 -37 -156 172 137 23 -40 69 -120 -132 91 220 90 124 -245 17 -166 219 -56 84 -83 -183 67 233 50 -123 177 -168 130 193 -247 -122 160 24 -32 -4 218 -238 35 -50 
TEST 98 ARG:62 103 -68 194 134 80 -59 -127 204 43 243 -171 105 12 150 79 -177 -44 -115 8 -231 156 -45 115 208 -245 -193 29 -215 58 -164 144 147 191 170 -209 17 241 -244 142 31 106 -179 178 188 94 2 231 -6 207 35 -200 218 189 193 -35 -120 227 4 -96 137 -48 114 38 -135 96 130 180 56 -155 -205 -218 -199 -37 125 -149 -9 75 -176 22 -185 -78 -81 47 -204 159 -136 13 -82 -139 -63 -141 221 53 30 74 161 -226 66 24 -236 127 -16 85 73 -247 -119 37 -249 202 233 -248 213 -206 -28 -72 -134 -7 104 -162 206 210 41 -66 -138 -4 154 48 -175 129 -163 -207 -50 236 -234 -153 -131 -128 -61 -169 -56 122 -235 100 244 36 -154 -67 -214 120 -5 -23 -243 133 -159 33 -190 245 -41 -91 145 -13 95 -145 -148 65 -216 68 -112 -104 176 -223 108 -99 -152 -17 -77 238 -213 181 -42 76 -172 -191 -133 -125 20 111 101 249 70 -69 -87 169 -105 205 -100 -108 -224 28 -71 199 -146 177 -3 160 116 174 -239 -189 -1 248 -15 -12 -165 -89 -173 -93 -27 158 64 40 -80 121 -20 84 -198 0 -151 215 -227 -238 219 235 -210 -74 196 237 -31 164 -194 -54 67 -183 86 190 -192 242 195 171 -158 71 167 -84 39 -161 -250 87 -225 -113 90 -130 -103 166 224 109 201 -109 27 81 -58 102 183 61 -220 -51 -98 46 143 -188 -219 42 -75 -222 -132 228 -242 141 107 -180 -79 216 211 -32 -8 -46 226 229 92 -55 -117 132 -14 118 -142 16 11 -21 -240 -167 78 214 -208 146 -195 -97 163 -157 168 -39 -19 21 -29 -217 -166 157 -144 192 -221 -201 217 223 220 45 -122 -52 93 148 155 63 -124 240 -11 -10 -101 77 -202 98 34 119 -83 230 175 151 -2 -106 51 -228 91 82 184 57 -186 -116 -121 -40 232 209 -30 55 172 110 -57 6 -85 -230 -88 187 -203 -38 -184 -26 10 5 198 -24 60 112 -140 -73 83 -229 124 7 -33 50 59 26 -126 -102 69 -64 -65 234 19 -147 -233 -197 203 -25 -143 -47 -168 -241 -95 -43 -137 -53 52 -110 -246 247 -49 139 162 -178 -187 -92 -211 -160 44 25 72 -60 123 54 -94 136 -114 222 97 -70 197 -174 117 186 -107 -62 -212 179 89 200 15 149 99 49 138 185 -36 -123 -156 113 128 239 -76 153 -232 3 32 -181 225 -237 152 126 140 -90 -18 212 23 -86 -182 -22 -111 -196 88 9 165 -150 -118 -170 135 173 18 182 -129 14 246 131 -34 1 
TEST 99 ARG:-150 231 17 65 -101 -188 0 -112 -191 215 -175 -5 138 -207 129 19 77 -77 112 175 -140 -52 38 230 -209 -42 -92 107 208 118 -126 188 72 -176 -169 -16 -119 -4 -105 217 -179 21 -200 -120 241 -145 -38 111 106 26 149 -53 -40 218 157 -26 -128 -194 62 -39 210 187 60 153 -241 163 -193 204 -159 -55 151 152 -41 -32 6 -172 185 -10 16 -183 -173 7 -50 -199 -154 -98 89 150 245 44 -90 172 128 74 -205 123 -170 42 -13 199 -11 -171 142 -73 136 -45 -245 97 84 -232 -62 -87 -148 23 207 58 161 -37 33 36 -89 -57 -246 -107 93 146 221 -221 -155 -129 236 247 -7 8 9 -157 -190 -114 158 155 37 -228 -153 -236 189 176 182 24 -46 -164 75 183 224 -219 121 244 -234 10 105 195 29 -84 -17 -212 181 -238 203 70 100 69 -217 73 102 -19 -22 -20 -229 167 235 79 34 -97 50 249 125 -231 -79 35 -23 177 219 240 -110 179 87 54 135 -59 222 162 190 -12 -24 67 226 -104 154 -223 14 -33 1 -100 22 -116 91 -21 40 -215 -151 -146 -166 -109 124 -82 71 -28 156 239 -158 20 25 120 88 114 160 -134 -118 -64 200 198 3 -187 147 -249 -203 119 -81 -9 68 -25 168 -108 -152 233 45 -95 11 -121 164 59 -106 -54 -48 -243 -102 -160 140 -99 39 -189 -224 92 -8 169 57 -68 46 -211 113 206 -181 -138 234 -182 28 -186 145 -240 -111 30 53 -180 126 109 55 31 -63 -184 83 -213 -131 -163 -233 243 -167 211 -66 225 178 166 47 -197 49 -69 18 27 -235 -49 133 -206 131 51 104 242 117 -93 139 214 78 229 -220 -83 115 -162 238 -247 90 -248 248 -226 -72 -141 148 103 -91 -149 -80 -208 -65 130 108 227 -31 96 -14 -70 201 -115 144 -237 127 -76 -43 81 186 82 -61 209 228 64 -202 -6 192 -130 -137 223 -222 48 141 -132 237 -88 -230 -225 32 5 -201 213 -30 205 -147 216 174 95 101 -58 -239 -35 -71 43 -123 110 202 94 -60 -47 -244 -227 -185 170 159 -198 -250 -2 76 -86 -113 122 197 -214 4 -74 193 -56 -242 66 -44 2 56 -122 -34 -96 12 -142 232 -117 15 -165 184 -1 -195 246 191 -177 -78 -18 -139 -3 98 134 171 -27 -196 194 86 -103 -204 -210 -192 143 -143 -144 85 80 99 -124 -218 13 -75 -51 61 -67 -174 132 -168 196 -156 52 -36 63 -15 180 137 41 -127 -216 -135 220 -29 -125 116 173 165 212 -161 -136 -94 -85 -178 -133 
TEST 100 ARG:162 -120 -2 -205 177 -129 -41 161 -36 176 -33 -4 -25 -38 207 -85 180 196 -162 -103 -75 -242 -247 249 -10 87 -224 -212 -65 123 -151 -186 209 -193 -147 -52 56 223 -96 0 -110 222 9 236 215 10 239 146 183 113 -57 -53 -153 106 125 -140 203 -8 -93 157 90 -30 -32 -89 -39 -42 -109 188 -206 63 -158 128 221 235 -92 -249 -215 11 35 229 -122 -213 -54 -64 -146 51 32 88 107 -108 231 -172 -124 -154 -100 18 -250 -180 136 -95 -200 -245 -27 29 -167 -157 -161 -43 124 185 -152 -226 172 -182 129 31 79 -133 76 -21 -145 151 92 39 61 13 169 234 224 94 -176 -196 -199 226 -116 220 168 -61 -243 20 -60 -26 27 15 -230 -119 238 -18 40 -6 174 -58 100 -195 -148 171 44 89 81 -142 -76 -160 -218 191 -174 -138 184 25 -63 -239 -173 131 127 74 54 167 46 -136 -34 -209 200 -201 -207 49 110 -169 -223 80 -111 -46 -139 -191 -112 219 33 95 -130 -159 -197 148 233 -217 93 -134 147 175 -121 156 232 160 -187 -68 133 4 -244 195 -231 -237 91 149 -51 17 194 -35 47 -69 -114 -171 -107 112 111 -47 72 137 16 78 -66 -1 82 -104 24 206 -70 -188 8 83 3 198 117 -216 36 102 -236 38 214 -11 243 19 101 -164 -90 -86 52 -91 -227 -178 218 -37 -219 -17 -88 -128 138 66 -19 64 166 -155 96 142 105 210 2 -240 68 -84 98 -203 -56 -14 164 104 -150 -40 -20 -220 12 -238 135 -7 241 201 213 150 181 -12 -233 -72 170 69 -77 -135 217 -49 -82 199 119 55 22 126 -222 154 26 -55 186 -80 53 143 -101 41 108 -126 -23 -168 -44 1 -232 -67 -177 230 -184 -204 -81 -194 -181 179 -132 116 -144 37 -50 -229 140 48 159 85 73 -5 208 165 -105 -94 -225 -22 -117 -123 84 30 163 118 120 245 7 71 -166 97 247 -192 -71 -125 -246 -156 139 228 189 192 -210 -45 -62 141 204 -9 5 244 -48 -73 -221 178 -163 -211 -248 197 -87 132 -24 60 122 152 21 114 -106 -198 -183 -208 182 -99 -13 67 -59 -74 -28 -97 23 34 -79 -214 14 -241 115 -3 -190 99 -143 237 193 77 -189 -31 173 190 216 240 86 144 145 153 -235 -118 121 109 57 -113 187 70 103 130 202 211 -202 -179 65 -127 28 242 -29 50 45 205 -137 212 158 -98 -149 -16 58 134 -141 75 246 6 -185 -175 -131 62 227 -83 -115 155 43 225 59 -15 -102 42 -78 248 -165 -228 -170 -234 
TEST 101 ARG:6 16 -125 -241 243 2 21 52 173 -49 84 190 -3 -84 -110 43 -6 -154 202 -9 88 -42 112 47 191 -189 -72 -14 -98 215 81 15 -32 -118 177 49 29 -188 106 -211 77 -204 193 -45 152 -69 -132 212 -65 34 -155 175 113 124 -93 -158 139 -102 -13 233 244 76 194 161 203 227 118 7 166 -177 151 -238 189 155 -74 -75 108 210 31 -137 130 128 224 242 -54 -16 57 115 144 132 229 181 -5 137 -55 23 183 -201 -67 167 -213 -152 60 -47 -139 82 -48 154 -37 -157 127 71 -168 -185 241 176 62 46 218 -244 -10 120 12 140 174 -62 102 87 17 -192 -231 5 40 238 89 125 -140 219 -236 -242 -249 22 -165 -206 95 111 -234 -197 -35 -199 119 -41 42 -91 -70 -68 196 -217 -107 -26 133 -166 105 -97 148 1 -171 -34 -138 91 -194 8 -58 54 99 56 -106 -24 -178 -61 -87 208 -103 123 -77 237 -128 85 -51 41 114 39 -108 -205 -239 9 -95 64 -141 226 178 214 170 -153 -169 -149 142 213 235 -148 -59 -36 -116 -43 -85 -4 228 239 90 -104 -240 -113 -227 136 143 -122 -71 -123 55 -186 223 -66 -82 185 116 -243 -57 171 221 172 107 -27 -182 -162 -40 156 74 -100 -245 -114 -176 -134 -135 -46 36 225 -202 -131 179 188 53 -44 -151 61 129 117 -60 231 245 10 131 -214 -79 -161 37 165 -250 0 -210 147 63 14 75 186 230 -94 135 -216 -156 -145 182 168 122 -112 141 -117 -218 160 -81 180 -33 -133 92 -31 -190 240 20 211 103 192 200 -111 201 -180 -175 -18 -228 -195 100 217 -56 -167 -142 35 209 -200 204 -164 68 44 98 33 -21 79 28 150 -76 121 -159 205 197 18 -73 206 73 -136 110 -115 -22 -129 -191 -8 -28 -20 97 65 -235 -247 38 24 -11 -39 -226 247 48 109 -12 -38 32 187 -127 45 -86 -223 93 4 159 -215 -209 -52 -224 83 -173 -163 -193 27 25 -146 216 19 -207 -29 -172 145 -220 -23 -99 207 146 59 -19 -160 -232 -179 -15 249 126 80 72 -181 -196 163 -120 -109 -208 -89 51 101 -184 234 184 199 220 -187 11 -80 104 -105 -183 -64 -1 162 -221 232 -2 50 66 -101 78 195 -198 248 -144 13 -78 -246 69 246 96 26 -25 -212 -174 94 164 169 70 -83 -17 198 -219 -170 -222 -248 222 153 -90 -230 -126 138 -88 58 -96 -143 30 -50 -147 -233 149 -225 236 158 -130 -30 -119 -229 -124 -121 3 134 67 -237 -53 157 86 -63 -203 -92 -7 -150 
TEST 102 ARG:202 128 -89 -60 112 -171 205 -122 -146 -48 200 88 -63 -149 -66 81 142 -191 -83 18 25 196 241 220 -58 -116 102 214 93 -196 -229 84 57 2 65 33 207 28 177 90 -157 -42 94 91 67 163 -5 -3 49 87 149 -192 -168 -233 203 165 -185 236 92 -235 -16 -65 -199 -152 -147 68 -123 173 -23 -77 29 89 -151 63 139 -51 199 158 -177 -68 183 -33 -143 119 -130 13 131 237 120 -201 -111 -34 99 -226 174 20 -104 116 62 -110 155 82 -197 -117 -57 50 -216 -96 -140 -28 -247 -10 17 -69 -67 109 14 -173 208 -145 -164 -113 98 104 -81 -121 191 64 -95 26 -208 -174 225 -179 -71 -148 106 -184 -250 78 233 83 -193 56 -162 9 -72 212 58 71 -114 69 184 19 114 -214 215 110 218 -132 -137 -176 -246 72 231 -142 10 -92 -56 132 151 -131 217 -43 124 130 162 -4 -126 -180 6 -11 126 -61 186 188 153 -230 176 216 209 74 -212 170 140 54 -225 11 -86 -153 -133 97 -13 -189 -45 -80 227 125 -44 178 -26 182 107 122 100 -35 -170 21 80 -183 -53 245 -165 -59 138 -200 -1 -181 232 189 -109 -29 171 219 156 38 127 179 111 243 -210 -139 -209 197 -84 235 -219 113 -102 -62 -169 230 228 -99 -22 47 -73 -217 192 118 27 -6 -87 -125 -127 7 206 -221 -136 187 -245 -101 76 234 194 123 -47 141 96 45 -138 -105 -231 4 0 -103 -240 -21 239 51 -79 210 -190 -237 117 3 86 8 133 -242 -120 223 193 59 204 166 -14 146 41 -204 79 -248 -2 -178 246 44 -76 46 134 240 248 -15 247 42 -239 -46 -249 -118 -85 -55 77 52 -19 242 148 -64 169 135 168 -82 -100 -158 160 75 -12 198 -205 222 137 147 5 -144 -163 -31 -8 -154 -241 -195 201 -236 -228 175 150 136 60 37 -74 -37 -203 -93 -155 -187 164 22 -206 224 229 185 -202 -135 -175 16 -227 -18 -20 -124 1 161 -70 -38 35 32 -161 -156 -98 -232 -167 55 -25 221 -75 -224 -159 105 152 -91 43 -207 -115 -41 -244 -220 -182 95 249 -97 36 244 211 -141 -94 -186 108 -134 172 144 -194 -166 -27 115 61 -128 73 145 190 -211 34 -112 66 154 238 15 -108 85 -24 -222 -198 40 -50 -150 -9 -172 -188 -218 195 180 -7 -223 -30 -40 -215 159 -119 121 -107 -106 48 -54 24 181 157 39 -32 226 -39 -49 70 12 -17 213 101 -52 129 -234 -88 30 103 23 143 -243 53 -129 -238 -213 -36 -78 31 -90 167 -160 
TEST 103 ARG:-87 8 195 -86 -34 -92 176 -13 78 148 109 -30 -156 163 69 15 153 -211 -205 -191 -80 -53 73 -84 2 -129 32 212 -146 -24 106 -91 79 197 154 -170 20 80 -163 4 144 96 95 89 -192 116 113 173 -185 -39 34 -88 -246 -232 -154 -63 -155 -68 -166 226 33 -150 57 -46 -196 198 -171 -55 -47 -103 228 62 -221 204 119 118 182 -135 115 -169 -226 -179 -177 140 68 232 246 -144 -132 23 11 -147 -31 -25 190 234 29 -2 -167 -33 207 217 132 -85 104 158 -104 13 -74 -57 -249 -189 -183 170 -218 209 249 139 71 76 -225 -20 -197 179 -76 105 -82 122 46 -238 149 39 192 -14 -173 240 -83 -181 -141 -161 40 -43 -120 59 -215 180 -18 242 58 -188 0 42 -190 -93 74 247 -51 -228 126 244 -112 -107 6 151 53 133 150 243 112 177 -66 -8 187 219 -69 -200 -58 -234 -153 -244 -72 3 -3 194 -241 230 159 1 -99 44 -224 82 -28 121 -250 -6 -38 191 -40 93 19 167 87 184 -136 117 -45 47 -217 -168 -139 213 -242 193 124 -4 -67 -236 35 102 215 -77 9 -193 -35 14 174 231 -227 49 225 -164 -54 114 178 108 -198 -223 -117 -243 70 7 26 28 -158 202 211 92 -118 135 -70 37 183 41 83 221 81 -127 -140 229 201 77 63 -199 5 -124 -239 38 94 -97 75 166 45 220 -201 -9 17 210 -96 185 -202 168 146 88 111 -216 -60 222 18 -204 -32 66 -113 205 51 -98 -206 -29 160 -21 64 -27 -73 -23 138 -41 -1 -137 145 -174 10 125 -230 136 248 162 16 -108 -157 164 -245 55 -106 22 203 131 123 67 238 239 189 -240 101 -115 -37 -247 -125 -81 -130 -116 72 -128 -143 218 25 -100 84 134 181 30 -219 235 -123 -172 -126 -203 -220 172 -56 -237 -42 86 206 98 -145 103 169 -138 196 130 -235 -122 156 -7 199 97 -152 -248 -231 43 -213 -121 61 214 -175 -65 -160 227 129 24 -233 142 165 -110 110 -210 90 233 -148 52 54 -75 -180 143 -102 100 237 -209 -149 -19 -26 -184 56 107 91 186 208 223 -79 -52 -61 -178 -109 216 65 -186 -208 -5 245 128 200 -151 141 155 -195 -89 175 -64 137 -142 -159 99 241 -194 120 -15 -222 50 -90 -162 -101 -62 -165 -133 -78 -131 -187 -49 -48 188 31 60 -11 -71 -119 152 157 -214 27 12 -44 -95 -111 -12 -17 127 -114 -22 48 85 -229 21 161 -176 -16 224 -94 -182 -10 -36 -134 236 -50 -59 171 147 -212 -207 36 -105 
TEST 104 ARG:203 -13 -175 -24 -163 220 198 120 39 135 -237 -247 22 121 -6 99 -229 -147 -41 -143 165 162 -242 227 -96 -182 69 197 210 -49 -161 -35 168 -135 -236 -101 52 139 111 157 -248 -103 -170 194 -214 182 -23 -166 -25 200 -132 -144 215 -62 -183 234 237 50 -48 -244 -22 104 100 -159 -90 133 113 5 -44 -2 -29 25 71 -196 28 207 91 -14 57 -155 199 -245 35 95 -146 -53 49 244 79 186 93 128 -221 -86 64 2 150 177 141 -139 151 243 14 -46 34 -184 142 -93 -18 123 -3 226 -74 212 -130 124 43 6 -231 -52 112 -192 -250 108 46 159 -76 195 -230 -152 -215 156 160 -145 -189 189 206 -216 -210 72 146 216 87 66 -233 -94 -59 -83 -120 223 174 -198 30 127 -69 1 225 10 29 -75 122 -207 -34 214 12 240 -105 155 167 -64 -211 229 -30 11 15 41 208 18 -222 -220 -87 224 62 147 149 -98 190 202 -212 232 188 192 -32 185 164 7 0 -157 -200 4 134 70 132 -249 -225 -51 -142 -148 205 -193 -21 -180 -136 -114 153 -5 -119 129 -209 247 -66 -1 -77 -80 221 -111 -178 13 -10 -104 -188 -127 76 20 -171 -167 61 -126 -227 -123 102 175 -7 191 -154 -240 204 82 45 -12 -186 230 36 -100 158 -228 33 -191 -42 26 -190 172 -8 239 -40 63 116 -149 241 -172 101 231 47 -164 148 -224 32 85 -133 -179 -33 -241 -246 -26 222 -197 181 81 -181 235 169 78 126 -165 246 37 -187 -38 -79 171 161 193 -4 24 -85 88 217 55 -219 211 -203 187 118 56 138 -151 -9 -138 201 -243 163 -27 -16 -60 -213 -28 16 58 219 -84 -235 -54 173 -141 -19 -43 -11 143 -110 176 245 -239 103 -58 107 -70 -113 131 -177 166 92 -106 -153 -15 -39 53 -194 -78 249 -91 218 140 170 -218 180 137 23 -238 178 -82 -199 -185 -226 242 109 97 152 105 59 -134 125 -122 -81 31 -206 209 75 -232 44 -31 -72 -56 179 86 96 60 48 -174 -88 -129 130 196 106 238 -61 -158 -55 38 73 -234 -217 42 -107 -73 -99 154 -121 84 -36 65 -71 -124 115 27 74 17 -137 8 3 -140 -116 -89 54 110 -95 -208 67 21 -223 -156 98 144 -195 -204 114 -112 -176 248 90 228 -47 80 233 -118 9 40 -168 -115 -92 19 -63 83 51 -205 -57 -68 -202 -117 -67 -97 -109 94 -20 -201 -65 213 117 -108 -45 183 -169 -131 68 -37 -125 236 -173 -128 145 89 -160 -102 119 136 -50 -17 77 184 -162 -150 
TEST 105 ARG:22 235 210 55 17 70 -228 151 244 136 -245 105 -109 -10 93 -1 239 -91 -193 58 -6 52 -76 -137 -113 142 25 -89 111 80 224 -157 -19 -190 -207 -81 -223 115 145 -154 180 -224 -209 118 -66 -95 -30 88 -212 62 66 31 -216 28 83 67 -74 -199 12 133 176 -83 87 184 232 101 29 245 -140 -179 -134 -80 -126 71 -127 -90 -211 -44 -233 4 -110 -165 173 23 -219 -122 -18 -115 -84 -156 -103 -194 -177 46 63 -196 94 128 43 -116 104 -131 192 56 -119 -47 64 219 -87 -176 -104 -221 75 98 -64 233 222 -133 189 -108 160 -39 9 -204 204 199 -85 238 -101 72 86 8 -139 91 -241 -50 -2 211 -15 221 -237 215 -5 45 -198 182 -75 -97 -100 34 -111 -247 -57 -141 -144 -184 -246 190 195 -248 181 -182 228 54 -118 -60 148 -145 33 5 -135 -25 -11 161 165 -185 78 112 -33 95 -230 150 -170 -188 -186 -128 18 -88 -3 -242 -8 -169 212 -250 -71 -143 114 68 -21 38 166 -49 -114 147 167 -163 -86 -48 -52 -68 27 76 110 -121 168 -168 -62 -159 183 149 229 -174 -151 -69 241 -152 89 97 -158 -149 -130 60 159 171 81 -61 179 240 -183 -125 202 -226 -28 -200 -27 158 198 -146 248 -153 -189 10 -41 -17 -73 -16 -24 11 177 125 -187 -36 -171 120 40 -138 -46 -132 249 231 135 20 170 185 53 137 -82 24 234 113 -43 -117 59 -142 223 -63 -136 -34 -162 237 -35 -38 57 123 -72 -147 -96 -55 -29 -40 -167 21 117 15 13 116 36 -249 -239 -203 -4 126 -26 220 -191 -150 41 131 100 191 209 -31 130 -7 49 -23 -99 19 153 -197 -175 -181 -98 129 144 121 92 -105 -240 -220 -9 -20 -222 138 -51 -210 201 213 -243 -78 99 82 134 69 16 39 164 -161 -206 155 -93 -148 -178 -120 -70 -225 -92 -231 -22 -208 -53 96 61 132 50 226 30 102 141 -202 37 242 208 -124 -155 90 122 216 51 -32 65 -229 154 243 175 187 -45 -201 -244 -37 119 -59 218 227 -102 197 172 163 217 194 205 2 26 -160 127 -94 -106 -213 -173 -65 -54 188 -58 -166 44 -14 186 -13 107 -112 -236 84 14 -215 -235 230 73 109 -218 -214 -67 162 247 157 35 7 225 48 -12 -42 -227 -79 -232 0 -195 106 236 193 74 -56 -123 85 108 6 203 143 156 -217 206 174 200 77 -107 -205 -164 -180 152 -172 103 196 32 -234 169 47 -129 246 214 -77 1 -192 42 178 3 139 -238 146 79 207 140 124 
TEST 106 ARG:129 16 -50 -107 175 232 229 47 77 -57 -65 94 177 -108 -168 -51 171 126 155 -138 1 -182 -46 -95 144 -1 -103 -219 -227 118 76 -190 -118 -114 -52 -223 114 207 196 235 24 184 61 186 -122 125 241 200 225 -171 143 132 192 71 -175 97 122 -243 92 -200 -191 41 -236 130 -111 -82 150 -128 -12 212 -130 -205 -10 172 82 88 -245 -195 -142 -217 -250 -93 -120 202 -206 236 -249 228 -81 -34 -23 -133 60 -73 -17 -76 -56 21 -238 -75 52 194 152 170 53 -74 -121 -201 -134 147 -119 123 -94 -164 -100 -132 -178 102 198 146 242 -72 -41 136 -37 51 247 -101 139 -203 95 121 -69 -176 49 3 -148 -18 46 -63 -127 -49 131 138 -48 -15 205 -235 50 -40 73 -136 163 65 127 -161 84 211 70 -163 35 -230 -218 -20 7 -105 -215 4 111 -104 -209 110 -234 237 29 -224 -156 -153 -228 48 -189 -11 243 -169 62 -117 226 87 133 -241 223 -154 180 165 105 245 249 -8 22 -87 -167 74 -193 30 161 108 55 216 154 -135 -188 -231 -173 -192 -77 159 149 106 -25 -208 179 34 64 153 209 -165 214 109 19 20 -116 -232 220 -145 219 -36 -155 -146 -158 -110 -112 -143 91 137 120 0 -47 -187 11 160 -220 188 2 66 -66 -244 -179 79 224 -229 -71 134 -180 80 -141 -91 6 33 195 67 101 86 83 -214 167 58 -85 -194 -124 -237 -172 -177 56 234 -22 -246 -216 85 36 -170 27 -24 9 -106 -222 -123 164 240 72 217 199 17 44 54 -157 204 -207 -185 -86 -16 -99 -89 28 113 183 185 239 158 -26 -31 31 -55 230 -92 -35 248 -80 32 42 -152 43 -149 38 173 -33 -174 -70 141 112 -213 -38 -67 151 103 174 -58 -59 -83 -21 -43 14 -226 197 10 -19 -144 -147 -4 -2 -197 -97 -84 78 -102 -131 -150 187 13 98 63 -159 -96 -183 89 45 190 -225 -242 208 -125 -54 157 233 148 104 244 178 12 81 26 -98 18 -53 128 100 -32 -42 107 -88 23 -126 -160 -140 135 -115 145 -221 -129 210 90 -198 93 -239 201 -3 156 -44 222 -79 203 -181 -90 218 227 69 -210 -61 238 -247 -9 215 -186 206 -60 -139 115 -233 -64 142 -5 119 -166 -212 140 -62 124 -113 15 96 193 -78 -196 -240 231 182 -137 -248 -151 68 168 -13 -27 75 99 57 221 162 25 5 246 166 -109 39 -204 -211 37 59 -14 189 169 -39 191 117 -45 213 -28 -162 -30 116 40 176 181 -7 -29 8 -6 -184 -202 -68 -199 
TEST 107 ARG:78 153 -178 -244 88 145 190 -188 -81 -8 -94 -153 -101 15 -82 -113 174 34 50 -223 -123 193 169 -145 -131 184 58 24 -29 187 229 149 117 107 -116 -133 147 92 182 -146 48 -228 168 -235 27 -15 8 89 211 26 -69 -12 111 -162 32 -237 -197 -221 -129 -20 -118 -136 46 -31 167 41 139 161 98 55 101 -128 165 122 71 123 59 21 -107 72 109 -182 97 173 200 -34 -75 227 -211 29 143 154 -180 -200 -155 30 197 231 141 -71 10 -150 183 -187 -19 163 9 31 -89 -92 -247 87 113 74 -124 -127 138 40 96 13 -119 -236 73 112 -114 -63 -219 -41 -144 47 65 -135 -215 241 33 90 28 -125 95 -170 136 16 93 -65 -220 61 -48 246 209 -141 -138 -117 -62 234 38 19 243 171 121 66 53 91 -7 198 44 -97 -134 -226 185 -174 82 52 -1 20 164 70 244 142 -248 120 -218 -240 181 -111 -242 -241 84 131 -49 180 -17 -77 -21 0 195 -93 108 157 -147 -79 -214 134 -30 -184 -169 -126 -80 176 -196 -35 233 -161 83 -45 189 37 170 -231 177 -42 -225 -55 -148 132 -186 235 103 -179 -198 64 -44 -99 232 -132 -58 -104 204 57 79 -189 -183 99 124 240 -158 126 -160 49 237 -67 -143 -204 151 -38 -140 1 -66 36 -172 -32 125 -224 -233 -177 67 -78 63 236 110 -216 69 22 248 -47 -22 -152 -139 -249 106 199 -165 60 -46 12 156 85 18 -246 -176 228 81 133 3 219 207 172 -87 -50 188 -238 -27 -9 214 -167 -64 104 162 -59 -40 -154 -83 42 -36 23 247 -205 116 -194 208 -202 -88 -53 -120 196 -106 -86 -192 158 -195 -6 226 -137 206 230 7 -171 -4 194 160 119 -191 4 -209 94 225 -54 -232 114 140 -73 -10 -122 -11 -142 -16 -157 135 39 -230 -227 86 -13 -52 -159 215 -74 -199 -164 144 -102 -33 -76 77 -105 100 -207 -245 238 224 -85 -175 239 -24 -210 118 152 17 128 -2 25 -91 -181 -193 -243 179 -208 62 -109 102 56 191 -103 68 -206 192 14 221 -168 -149 -51 -213 -72 178 -98 -229 212 2 -28 216 249 -112 220 213 203 218 -185 11 210 -3 137 -110 -163 245 202 -151 -39 166 -234 -43 222 -239 127 -190 54 -115 -95 80 148 -108 175 -26 35 242 217 -37 -203 -18 -90 -61 -25 6 51 146 43 115 155 205 159 105 -212 -250 130 -222 76 -156 -100 -121 223 186 -173 -96 -5 -60 -130 -166 -201 -57 -217 -68 45 -70 -84 -23 -14 129 201 75 5 -56 150 
TEST 108 ARG:122 -58 -118 -27 -95 -137 -244 -67 16 37 -242 139 3 223 -210 -66 242 -162 2 -87 170 148 99 198 -232 7 15 174 208 -143 -119 193 100 207 224 -184 95 -22 236 -75 137 -126 -246 -203 238 -93 230 45 -177 -108 10 70 -250 -236 -218 -64 -8 -42 -235 -29 -198 -223 226 212 -112 -193 1 204 23 90 -245 157 185 134 -186 -117 22 40 -3 -105 155 28 -238 225 183 203 -49 181 -100 237 83 24 67 -24 33 -11 18 71 -183 82 48 -167 -241 -44 197 57 4 -39 -192 249 -91 19 206 -205 -215 179 191 -63 156 211 150 -160 87 200 -158 -134 195 -43 194 118 -180 34 -174 5 -40 68 -89 129 8 180 216 -139 -2 -150 98 35 -77 243 -211 -225 -201 63 80 -142 66 166 0 -200 102 44 123 42 -188 -121 -135 72 -65 -195 -209 -106 9 241 -191 -107 -57 -73 -30 145 209 -68 -141 -171 51 -127 154 -182 -80 49 81 125 -169 188 -17 205 32 -230 127 -33 53 74 69 235 158 -168 101 -56 41 -37 109 111 -62 199 -219 -72 -46 -21 -122 -35 186 -166 220 -128 30 182 132 -131 -155 -32 -231 130 178 189 77 115 25 -226 141 -115 -190 -187 -161 -6 59 -83 159 -194 -237 -249 29 160 124 136 161 107 60 -228 -212 143 50 -138 -111 -145 -18 -55 47 -164 -130 245 54 214 -125 144 228 -97 -220 -248 -26 -110 -31 -103 -86 177 -221 -92 -16 -208 -196 -99 -147 -14 -240 -4 196 210 97 86 56 172 149 -185 215 -101 248 247 -34 -148 -38 21 135 120 36 -149 -54 244 169 106 -176 -151 -175 -51 31 165 201 119 -60 -133 -213 -163 -206 -159 -52 217 -123 105 221 65 -28 -79 96 -227 175 -109 128 -9 -85 -178 -113 -76 -202 -199 94 -71 233 -90 -7 93 14 85 -233 117 162 -88 232 89 -207 131 -243 -217 104 133 227 -172 -144 116 -154 126 138 -116 -84 229 -70 -53 -173 -157 79 -222 -152 152 -129 218 -120 -132 73 38 -19 113 -114 -48 -10 -239 222 -204 -81 163 147 75 43 114 171 -165 -23 -13 192 17 -45 190 20 -234 167 213 -247 78 -50 64 -41 234 61 202 -102 151 55 -74 110 -61 -98 -136 -229 -96 103 -214 -94 108 -36 26 146 239 52 -78 112 219 -170 176 -1 -179 246 -224 -216 -20 -146 -197 142 240 58 6 11 -25 168 -5 -153 -156 140 -189 -59 12 76 173 -82 46 62 187 -124 92 231 184 91 -104 84 164 -140 39 -181 -12 -69 -47 13 153 121 27 88 -15 
TEST 109 ARG:-80 207 92 -162 235 -97 -45 105 13 -208 -23 75 60 -34 137 219 91 -71 224 42 -163 248 -46 102 -99 -166 76 -60 87 -235 -16 116 -196 209 88 -33 -192 111 242 -31 -141 168 154 -231 -142 -106 -165 165 182 222 -6 -132 226 170 -191 -182 49 -158 231 -72 -86 164 29 -104 179 -181 -174 14 229 -211 -202 -236 161 -178 135 -120 140 -85 -44 124 -135 -119 -57 -234 -58 82 85 -226 -203 163 17 -227 -25 -212 -83 -177 -11 -147 3 -54 -56 184 -219 -247 -193 58 20 -173 95 -187 -92 -47 -130 112 -221 39 -64 -21 11 -245 187 63 217 162 25 -10 106 232 12 118 43 213 245 -168 -116 114 160 -117 -244 -134 -61 -8 -207 -205 10 31 -14 145 239 66 36 -90 -206 133 -84 146 -250 214 18 -154 -98 -49 -63 -240 -73 153 141 101 -176 -67 -242 -65 -153 -68 -43 -159 47 97 149 -94 -22 50 -232 225 211 23 -124 -52 -29 -217 200 96 -111 -146 -198 -188 33 -19 240 -241 238 53 206 -136 28 21 90 5 -127 -246 78 -215 216 143 -123 -186 177 -48 -78 234 249 204 110 -229 -28 159 -41 2 -5 -169 62 64 -109 79 212 -133 22 -37 37 132 34 -112 127 157 55 117 166 -214 230 -216 99 136 181 134 -81 -20 9 -199 -128 199 -93 -50 7 -13 221 -224 15 241 61 -26 32 -89 69 -79 -82 -108 26 119 -9 174 -125 -105 68 -74 -18 -38 180 -213 196 -114 -2 -151 -161 -126 86 -148 -27 158 -179 -170 -100 -171 -35 -152 -55 57 186 -201 -91 -143 100 -228 98 152 -3 6 -129 247 243 77 1 120 -69 -239 70 -102 130 -209 40 -223 -139 233 -248 218 -51 71 237 123 46 131 194 59 -197 16 -113 215 191 89 94 197 73 -115 -4 -195 147 139 0 72 -110 189 176 -210 19 -233 142 41 155 151 246 122 48 -76 -180 -15 -237 -164 27 -172 44 208 -138 201 -155 84 83 227 -249 -160 -96 138 220 -204 -118 188 -122 51 -183 173 54 -75 244 -131 93 38 -88 -167 56 74 115 -145 -42 129 -7 35 -62 202 -190 150 104 -95 121 81 -39 -32 156 -101 169 210 167 -189 190 -12 52 185 -140 -70 -243 -59 -175 -30 65 -107 -121 -36 128 178 148 4 125 205 107 8 144 175 203 24 -225 -222 -156 193 171 183 195 192 -150 -66 223 -157 45 -1 126 -137 113 -40 -87 236 108 -77 67 -200 -230 -220 172 -218 -185 -149 198 80 -238 -184 -144 -194 -103 103 -24 -53 228 30 109 -17 
TEST 110 ARG:-73 31 192 108 231 196 -55 61 -213 -128 155 9 26 56 53 121 78 -242 165 -186 -40 -6 -154 92 -133 -79 -75 202 130 -32 -225 -60 249 209 -219 -80 43 7 -33 214 127 -4 86 200 134 128 204 -54 188 20 -177 208 215 -49 -118 152 118 67 -45 236 -23 -53 158 115 -131 177 -19 -110 -7 225 30 199 -68 -247 -81 -9 207 -43 -167 201 206 -116 217 -218 -102 -112 -69 -214 -235 57 -77 -144 186 -216 216 195 160 129 79 -195 101 -36 -38 248 232 87 -25 62 238 49 -37 76 19 -226 180 -202 -151 33 147 -27 -66 117 168 -132 -22 -12 -172 -157 -192 245 239 17 -210 -142 222 -58 142 83 -130 175 -174 -114 46 40 218 -179 -160 -148 136 -239 -82 3 226 110 230 -90 93 -14 124 -15 -246 80 -176 -169 77 -65 -204 -152 144 39 -208 146 -121 219 167 203 6 -164 32 -171 104 96 98 23 -143 27 -185 194 205 148 -67 -18 37 14 -162 -71 -29 35 -117 97 143 179 41 -95 198 181 -231 -20 65 -64 -46 -11 47 -149 -188 -91 -126 -138 -93 107 -103 -88 -120 25 112 28 -209 116 141 184 15 -180 -61 -72 -76 -8 169 -101 -155 81 -78 -228 244 -83 -207 -178 -184 102 85 -240 -5 -206 21 111 52 153 234 113 8 -156 -99 55 159 114 162 -86 -2 -161 190 -203 139 -85 185 145 1 44 224 -236 -1 -215 50 84 100 -109 229 -232 237 132 -52 151 -56 58 171 -104 -57 89 -122 -182 -150 -248 -238 -145 -10 223 -113 138 -183 -42 -193 -194 -170 247 -51 126 -141 220 75 0 -47 172 -200 -199 241 -230 -175 -244 -41 -111 -137 -234 109 -94 210 157 29 183 74 66 193 16 2 -224 -140 154 99 -115 -220 -16 103 -217 18 -21 94 -3 -17 90 -97 24 38 68 69 -158 -44 191 -89 48 106 -28 -205 166 133 122 -187 4 161 149 -70 235 -147 -136 -212 34 51 -166 -63 64 -105 -227 131 60 -24 -50 -135 63 88 42 -153 -168 54 -34 -62 -129 -108 -123 -74 212 135 243 119 170 -92 163 -211 -221 -119 156 197 -35 213 13 -124 173 -39 -98 174 82 -243 120 -127 187 72 -134 -173 59 -237 182 228 -245 -165 140 11 -96 -146 150 227 -139 10 233 -26 -125 -59 -181 70 91 -100 137 164 221 123 -197 -13 176 -250 -31 22 -106 12 -87 73 -191 105 45 242 -223 -201 -159 71 5 125 240 -107 -249 -233 -48 -241 -222 211 -229 -198 36 189 178 -190 246 -189 -196 -84 -30 95 -163 
TEST 111 ARG:-13 -235 -82 29 -81 114 -15 -200 -66 -127 41 -123 -190 186 164 -166 -144 233 -154 99 118 -159 104 -141 178 -67 205 160 161 12 151 -244 109 -138 -1 44 165 122 245 -168 14 -114 -236 11 158 69 -160 -206 187 -65 229 18 -14 -198 -164 80 57 197 -7 144 76 -48 139 -232 -148 -247 176 248 -16 -197 51 213 24 111 -170 190 207 -43 222 -219 -78 96 -23 -195 133 32 64 -203 -80 -224 -121 -55 162 204 166 -149 -110 -210 16 -240 174 196 106 50 -142 8 -108 208 177 -28 -188 -56 -194 -193 -70 116 -18 -117 37 -134 -37 152 -83 -95 -226 159 -177 -185 -39 155 -25 242 -172 91 -140 -36 -60 31 -222 172 147 167 -157 -120 -89 -102 127 224 -209 87 46 -229 -21 -93 211 -192 30 73 -119 146 -131 -211 -8 -92 -136 52 145 136 -106 85 -152 82 -183 -26 -227 86 124 -187 134 93 209 -213 -212 42 -64 179 -57 -158 168 -135 195 121 148 230 -220 202 228 20 -223 -174 107 -250 126 -191 -248 129 -6 -245 -58 -42 -72 49 -242 -9 -143 137 -228 -53 239 63 142 25 102 53 -44 98 -137 -86 67 -71 -47 150 -52 241 -231 219 194 -204 110 130 -97 1 -208 -31 -180 125 181 -173 -22 117 101 -45 169 74 -175 -17 66 -62 -19 -29 -201 -38 -239 -169 217 -178 95 3 247 -105 188 -155 113 140 -12 -85 -125 83 -214 65 77 119 -249 180 36 -2 184 -20 128 246 -225 100 103 7 -202 170 40 232 -199 17 5 23 54 56 -165 6 -145 220 -59 60 45 71 236 143 -63 -116 75 38 191 -100 97 131 21 156 35 13 72 235 88 182 138 -107 -98 210 -122 -126 -161 9 -156 123 183 -11 -146 84 154 -91 -41 -27 -139 171 -77 -218 173 221 249 58 -243 -215 -79 -103 -10 -221 153 -196 -132 -32 132 -33 192 -216 120 -54 -182 26 89 48 -205 -30 -147 216 -109 -118 -34 -5 -90 61 22 -88 27 108 -3 -24 203 238 0 -124 -68 189 -50 149 -46 79 -234 206 81 141 -246 -128 231 -87 -230 -112 -151 218 -186 -61 55 -217 19 2 185 -84 234 94 33 -40 -241 -4 226 201 215 240 -233 135 47 -167 -153 -133 227 -113 112 -76 -237 43 214 10 -49 78 244 -130 90 -115 39 175 -150 200 70 115 -238 -207 -181 163 -51 28 -69 -129 62 193 4 -111 -75 -104 -189 68 -94 34 -179 199 -171 15 -163 -101 -176 -73 59 -184 -96 243 -35 212 -99 237 105 225 92 -74 -162 223 198 157 
TEST 112 ARG:-115 -77 -238 -131 -246 164 144 131 -84 -61 -172 -124 -22 -170 -175 -45 20 109 -14 -136 -94 74 54 -203 -205 -106 126 -11 -236 -141 -243 169 227 32 244 -8 114 -108 53 61 -93 117 46 132 23 -13 206 153 -145 186 127 -107 175 225 -245 152 125 189 12 9 138 -169 98 -103 -228 -180 -241 33 76 128 19 -212 -189 -215 -247 139 -27 -38 48 56 -36 37 60 39 -117 194 -73 170 110 71 -202 -229 228 -101 -184 -15 -80 231 -85 -32 -195 -35 129 -153 199 145 31 -140 51 207 -2 134 -90 -129 -118 -151 -194 6 -23 5 -146 -53 184 -152 208 8 230 14 38 166 183 -76 83 108 -217 25 68 75 163 -160 47 -3 -91 -235 -21 -79 -242 95 218 -181 57 10 -65 179 -59 -47 42 26 13 133 -48 158 -37 178 181 28 -155 213 -177 150 116 216 -68 59 -161 3 155 -52 -49 -66 -98 -176 -148 -173 69 160 -248 -29 -232 88 -114 87 -10 226 -100 52 188 99 -250 211 82 -40 187 -196 -134 247 72 196 -97 22 -213 -122 -132 -239 -6 -199 -222 -171 -226 -25 176 85 142 -197 -20 249 91 174 121 236 70 -234 86 41 43 -113 -190 119 -57 180 242 -44 90 -147 154 -133 -18 118 -64 161 -144 221 15 -83 7 -9 -127 21 64 219 -89 -87 107 205 40 -69 -34 140 -112 182 -7 -130 151 -125 156 -92 -227 -50 -220 210 -110 -233 195 165 -178 -78 -193 -88 -138 55 137 243 34 -26 106 65 136 44 -230 -109 16 -201 135 -128 -42 240 -72 -156 -143 212 168 18 235 147 66 112 92 -249 -164 -216 -75 -210 191 -123 -5 -121 62 245 239 -150 -33 67 233 120 36 -159 149 146 -62 -204 50 -17 -158 -95 -24 84 -12 101 1 215 -211 105 104 -111 157 -224 78 -198 113 -119 17 -185 217 49 -244 122 222 -54 197 185 -167 -81 -105 -207 -126 223 -4 -214 4 -41 159 237 224 -51 115 -71 -219 -82 123 -163 2 -191 192 0 63 -223 -174 97 102 209 89 93 -165 -218 200 100 -179 24 124 234 -86 -46 -116 203 -139 -186 103 30 -192 220 -225 173 -30 -58 190 35 81 148 -55 130 -28 -149 111 -187 177 77 -43 -137 -188 202 -102 -231 58 -162 214 -182 96 -183 229 -157 204 73 27 -135 201 -99 -19 -74 -237 193 -63 143 -60 -56 80 -221 -70 167 -142 -31 171 198 29 -166 -16 246 94 -168 -206 45 -96 -67 241 -1 -240 162 -208 79 -39 141 -200 11 238 -120 -104 232 172 -154 -209 248 
TEST 113 ARG:-172 -25 102 187 212 -142 31 -166 -226 135 207 35 118 -211 103 80 -114 -192 -184 -149 160 0 -23 -5 -185 203 2 -94 -78 79 222 -11 93 7 69 -51 75 -188 -207 85 -124 -214 -117 120 87 152 143 177 -164 164 132 45 -153 -59 -128 -62 -112 -27 -246 210 101 -134 231 -30 238 133 16 15 -140 -220 144 192 229 173 32 28 84 -113 -146 -129 -219 22 24 -157 92 -43 40 -181 18 -178 -163 -175 170 154 142 -205 19 -109 -148 -115 228 216 72 -20 -16 56 -22 178 -152 65 -156 -106 -101 77 60 -87 21 -68 99 104 -126 122 25 -75 -150 129 241 193 26 -98 161 136 -88 156 -47 -6 59 243 -56 -80 96 -250 196 140 211 -83 27 -72 236 115 78 -65 -50 55 113 -89 -167 167 47 146 139 -224 -60 -186 -159 -231 -35 123 -110 -34 -54 37 185 41 74 195 -96 108 153 -229 -208 162 91 -195 200 -119 204 -144 -39 -133 23 -168 -160 -41 43 217 230 -217 248 244 -122 -165 -135 134 149 -154 -108 220 -63 -218 148 186 -204 -45 205 -107 119 218 81 -76 -210 -197 165 -82 -171 89 -230 199 -95 -141 147 116 225 -116 -99 -66 208 181 -118 214 -223 -147 -137 -31 -74 -28 233 -90 48 30 -196 -194 6 -228 -236 215 -7 11 158 -61 155 -180 64 -225 50 163 175 62 197 112 247 -127 -86 168 -71 110 -183 83 -162 -123 182 67 -227 180 198 10 -10 -132 -155 61 -169 97 -111 245 90 124 -136 29 -238 189 109 137 -235 95 138 -202 49 -26 227 1 34 -84 226 -38 86 -64 -120 58 169 234 174 -221 -103 -199 -1 -9 -49 -121 126 -206 -14 -97 -234 53 33 -33 44 239 73 -92 -2 -48 88 -200 246 223 -15 -151 -55 191 190 224 -222 -36 107 -8 -91 12 54 -32 94 183 -57 141 221 -170 -240 51 -69 -203 -4 -81 -12 105 57 127 39 98 -244 114 206 -209 76 232 -79 157 70 -21 130 17 -215 -131 -3 -67 -187 125 4 219 -213 -125 -130 -42 150 -212 -18 3 -161 237 8 -100 -190 -241 46 5 -105 66 159 -13 -233 -191 -249 71 -37 111 184 -201 131 -237 179 121 213 106 166 20 -243 -46 -247 -138 9 -177 82 100 52 -85 -245 -139 -176 171 -77 -29 -216 151 36 -70 -189 -58 128 38 -102 172 -158 -198 -145 42 -52 -17 13 -242 -24 117 209 -73 -248 202 240 249 -93 -53 -19 201 -179 -174 -239 -182 -232 176 194 -104 -193 -143 63 14 -44 242 68 145 -40 188 235 -173 
TEST 114 ARG:226 -25 -65 148 76 18 -222 -87 206 10 8 -247 -12 82 -239 9 -220 -51 -106 244 43 -168 -78 -98 -118 31 184 42 132 247 -23 204 -57 -137 113 -20 173 -157 -55 54 240 40 12 -126 -226 -17 -41 149 -238 175 -104 -44 -7 67 -115 -19 0 213 -135 38 -72 37 -107 -205 -101 41 -131 164 117 -97 102 141 -147 59 -175 -32 -186 208 174 -63 -243 -134 128 190 -21 188 -79 236 -42 133 44 -225 162 167 -61 125 114 92 -37 242 -121 -77 214 -113 193 -163 -216 -29 84 47 -15 -36 -89 -47 19 95 176 -43 -114 -26 166 196 210 104 15 -231 241 246 178 230 -199 169 -39 -94 -62 34 35 -103 -38 -128 71 107 -93 96 5 -127 108 20 -74 -143 172 85 195 62 -82 -60 -144 -99 -68 134 16 106 72 7 248 -208 183 154 -172 179 -209 -169 -112 160 203 -117 -133 -67 -130 93 201 -69 -136 161 -76 165 73 100 26 -86 -4 -176 69 144 -9 -120 13 -124 -70 14 23 -174 -154 -145 6 198 223 130 83 -141 -183 -165 -203 -49 -95 140 1 243 -27 22 217 145 -28 32 3 -196 156 155 -85 224 -14 45 -116 112 239 207 49 57 -192 39 105 87 -235 122 143 180 24 -54 -181 131 51 -201 189 -202 -204 -152 60 -71 218 -241 118 -211 -197 -194 163 -213 -191 -195 80 -48 89 -230 245 -170 -5 168 123 4 53 185 234 220 -88 63 -212 -142 -153 153 221 142 98 -214 -108 -100 -30 212 28 228 157 -182 -125 -237 -219 -123 -250 -148 -84 135 219 177 74 115 -150 -178 -217 211 -146 -160 -167 -13 -129 197 249 2 238 -218 91 137 -75 -119 -31 -73 192 -90 200 -166 152 -159 29 -189 109 -228 -6 -210 205 216 182 -1 -224 -50 111 231 -200 68 -8 -149 -206 -96 120 -92 -16 61 227 222 -242 225 181 -81 65 232 78 -221 171 -18 127 187 -151 -173 -109 -52 11 -179 -240 58 -80 209 129 138 -185 99 81 -66 -45 -33 215 64 86 -156 -122 90 -180 -223 158 -59 27 170 101 -236 -215 237 159 -229 48 -102 186 191 -162 -132 55 -234 151 124 194 -207 235 146 -34 -24 -140 -198 52 -188 136 -161 -248 -64 -184 -111 -10 46 126 21 33 -232 75 -155 50 -46 -177 -35 -3 36 -246 -22 147 -139 -245 -11 -171 -138 25 -233 56 103 121 -58 229 110 -56 -193 -91 150 116 -110 139 199 88 94 77 -105 119 -249 -83 -53 17 -244 -190 97 -158 202 -187 233 70 -164 -227 79 -40 66 -2 30 
TEST 115 ARG:246 237 -193 -135 -78 -145 -80 123 197 -230 111 152 -231 62 168 59 138 -27 38 16 -180 -183 -48 214 207 170 109 -234 -67 193 -87 -137 -185 -213 247 129 183 196 126 226 206 -89 69 -119 65 18 -75 60 -76 -35 -233 128 141 -202 -19 -60 106 113 -222 21 219 238 242 85 -225 233 240 -120 -197 -118 -240 180 -49 67 135 -210 124 82 -141 -217 6 112 -151 49 15 -43 94 209 -71 -70 -218 -244 -11 -38 87 235 -92 249 145 -4 178 79 -14 239 114 -160 125 -176 -63 204 77 -62 57 -133 -24 149 162 121 56 -47 212 -179 -143 181 -126 236 -64 19 -115 9 -83 -121 154 95 -209 -206 42 151 -152 -178 -81 83 -195 -139 -192 -97 153 -146 -236 22 -229 -201 66 3 -9 -173 64 116 159 -111 -170 108 -94 140 8 -114 -77 -223 98 -224 -36 160 118 86 -74 -150 -239 241 -25 53 -138 47 30 136 104 -237 229 146 -55 -174 -153 220 13 -123 216 31 33 -132 -169 -163 -30 -247 96 -122 225 58 -13 -3 -90 -203 194 7 -82 -167 55 93 -220 200 -112 156 -32 41 73 -50 -232 217 -12 -168 110 -212 -23 -5 -57 158 -15 46 218 -98 -44 198 213 203 -68 -39 105 -72 -37 -189 -161 -58 90 201 171 39 24 -155 205 139 -66 -140 -2 100 169 210 27 -61 -245 243 -186 36 -181 -107 182 -228 -116 -165 -104 -175 -10 -109 -127 29 -134 202 68 -34 -103 -84 25 231 -196 167 -166 -238 71 -171 185 -100 215 -190 20 -110 48 -216 -248 11 -101 -158 245 -51 189 -208 164 -20 187 92 -1 -65 122 78 74 28 103 -105 101 17 -8 -46 12 -86 -117 208 -91 148 -205 -56 80 35 -96 -227 84 -130 -6 63 179 -246 -226 134 -42 115 44 186 142 -184 -73 32 176 -147 188 -17 -124 -102 133 -250 -154 -194 173 -215 91 72 -54 107 23 161 34 75 -177 -29 -191 244 54 0 -235 -79 165 -22 184 234 -148 14 61 1 97 -26 192 130 -45 131 -52 -243 -219 -40 88 10 -113 -128 -156 119 -59 -199 81 228 211 -242 -241 40 50 2 221 155 -18 5 -144 -214 175 177 -172 190 143 -142 227 172 157 174 52 -106 163 -85 -204 -221 -53 120 144 -33 117 -16 -125 230 -149 224 -93 99 70 223 222 150 -211 -182 -187 147 248 166 -21 132 4 26 232 -188 -88 -131 -249 127 -108 102 191 195 -31 -159 -28 -162 -157 -99 51 -7 199 -69 37 -41 137 89 45 -95 76 -136 -200 -207 -164 -198 -129 43 
TEST 116 ARG:-217 9 89 118 12 191 175 130 49 164 -219 113 209 21 -16 -28 -37 -49 -106 -242 -205 -240 -144 -92 -12 -200 -193 -222 -165 -118 -100 -30 165 210 -99 52 -162 -208 -154 188 246 131 -67 -224 -53 226 -204 208 -227 112 -195 200 75 40 38 173 239 110 -120 42 -212 -152 128 225 51 -88 -188 103 -8 16 -85 170 151 241 -138 195 236 -171 -248 22 146 93 -186 -170 144 -50 -20 -33 29 -233 -125 184 -232 154 176 205 65 142 -81 68 -191 -131 -72 152 -190 -133 119 141 -23 129 -192 104 -115 137 -104 -185 178 -114 -62 134 -172 -155 240 -237 109 13 -78 -17 232 127 43 63 132 234 -35 124 143 -97 166 -2 121 80 182 -24 85 185 186 -199 221 -236 177 120 -145 -52 76 174 96 -34 -239 -223 -134 -84 34 -141 220 179 160 140 44 -209 157 216 -218 -159 -36 145 -39 -179 -235 77 235 33 -156 -143 31 -1 -71 111 156 87 -128 207 74 -76 -203 86 24 -221 -98 -42 -215 -15 -96 -65 187 203 17 14 98 204 -213 -29 125 -4 20 171 215 219 223 -7 196 -121 10 101 -116 92 -210 72 117 193 162 -46 -169 45 -184 -56 -148 58 -43 135 -25 -110 -173 35 -38 -182 -113 161 -140 4 47 163 -189 206 -178 23 19 199 41 231 100 64 -45 123 147 -60 -198 -130 -187 15 -82 -5 148 197 -26 -63 224 5 -117 -211 -101 83 -27 71 99 218 242 -77 -127 53 -70 -129 -6 50 91 36 -86 -94 116 106 25 62 94 57 30 -234 -149 -59 -40 -87 228 -196 -249 48 -216 18 -246 -167 183 114 79 70 27 -109 -183 -61 211 -231 -174 2 -90 -103 -58 -214 -119 -55 150 -135 -241 -245 -177 6 3 245 122 -139 -64 212 -22 -197 95 -44 -153 -238 -230 73 189 -168 -48 222 -74 194 244 168 59 -146 39 37 26 190 180 201 139 -21 149 -244 107 227 -132 -47 56 -32 -126 -10 0 -41 -105 88 -31 69 54 -19 229 -180 -51 214 -164 55 -108 -18 -83 -181 8 -75 -137 -66 -73 -57 -89 32 -225 169 105 -161 126 -160 -229 90 153 247 -93 248 -226 115 -151 230 243 -54 217 7 -194 158 -79 -166 167 -243 -68 -220 60 -107 155 -158 -13 198 -91 181 -112 82 -122 249 61 -147 -11 -175 237 159 28 -69 -9 78 -201 -136 238 11 -14 108 -111 -157 233 -207 -150 -102 213 -206 66 -250 172 97 1 46 102 192 -124 202 -163 -247 138 -80 -3 67 -176 -123 136 84 81 -142 -95 -202 133 -228 
TEST 117 ARG:120 -250 -136 -71 55 193 -125 -45 107 -53 131 -194 -101 -140 -6 93 -176 162 -171 -105 -147 -63 -200 -90 155 -210 -142 24 12 -46 -238 -7 -17 36 -165 210 -65 28 -102 -132 4 241 -68 -113 46 52 115 110 -52 -243 96 -168 -249 -88 177 159 41 -24 158 -55 22 130 2 -160 211 180 -100 -162 91 -197 -212 -21 -29 -111 -57 -50 16 -64 184 176 108 -242 7 171 -232 -199 240 -175 89 94 -219 189 136 -141 -198 75 35 -60 -222 197 -99 -104 114 51 -72 119 -2 -191 44 -207 183 -193 -247 202 117 -230 54 -115 -246 -31 233 -40 49 -154 -236 144 164 204 99 141 212 -206 174 60 58 195 -61 -62 -182 213 97 50 -114 -8 -183 -126 175 194 -26 1 -177 -85 59 -148 -80 -47 182 48 18 103 192 -56 161 -33 231 27 -135 -93 226 -106 13 191 -54 -239 152 242 153 221 -12 10 -229 79 198 196 145 -166 -1 21 39 -149 243 -15 -66 -9 -84 20 -192 111 -27 40 -32 42 -216 -92 15 -189 238 -89 -75 207 -82 57 34 -131 172 214 219 -181 83 69 151 -174 -70 190 227 156 -22 -120 -180 -201 -122 77 -221 248 11 -195 31 -77 -3 146 85 154 56 -213 122 -245 143 -20 -235 -18 102 218 128 62 -91 -129 166 -241 -143 -30 203 -116 168 -209 -184 -202 -36 229 90 -145 63 112 -16 -13 -187 -11 185 -123 37 232 123 25 -167 -39 209 -233 -28 0 30 53 205 87 -73 133 -188 78 -138 -226 -87 -42 -23 235 -127 234 43 -58 139 -161 -96 71 -5 -205 -109 -190 -97 -218 -155 173 138 -74 215 167 -248 132 148 247 -128 64 -203 88 -69 -159 -237 -228 -59 149 169 -231 -185 -110 66 76 100 -186 81 -76 23 -4 237 220 95 33 -196 -108 187 -169 -44 8 239 225 101 -121 -170 129 -215 125 106 160 -152 -19 127 -130 -119 113 140 47 109 230 142 244 65 -137 82 -208 -41 98 -134 -225 32 200 -220 104 -117 5 -244 -133 236 61 -51 186 224 147 -227 -14 38 -150 245 -112 121 -179 -81 -35 116 165 181 -83 -240 -223 -178 -95 137 -153 -151 -103 -234 -124 26 126 -79 14 217 -38 -144 208 179 -37 68 17 -224 9 -118 216 67 72 6 170 -49 -98 -173 -139 80 -163 -43 19 222 -94 -158 -156 134 -25 228 92 249 135 -107 206 246 -146 105 -78 -34 -217 201 -10 118 -67 124 3 74 -157 188 -214 45 73 199 86 -204 -164 223 -86 70 157 -172 163 -48 29 178 84 -211 150 
TEST 118 ARG:246 -217 -44 249 -64 15 191 -124 -187 -50 114 175 -83 44 -173 -163 -107 96 213 10 243 148 157 -27 197 -242 -45 225 -132 64 -141 4 1 -205 -77 201 39 28 211 -151 173 -221 196 55 231 129 -128 -206 -131 198 -190 -9 56 -109 152 227 -169 -15 107 -154 101 26 58 -112 -184 -3 205 -214 134 133 80 40 29 102 -118 57 -23 248 -148 -145 103 219 -223 14 -174 12 194 -234 -241 17 37 151 188 -248 -111 -158 -203 -140 160 -139 -142 -136 153 -48 -96 -186 48 97 -37 -193 187 -19 23 -155 -127 184 20 170 -97 -115 -85 -209 -61 -204 91 -232 228 -172 203 163 -161 -71 -198 117 -53 178 236 36 -175 -227 -106 63 127 -129 -159 146 41 206 -196 22 19 -243 -55 -130 -91 -16 159 47 -41 204 128 82 -72 226 -231 125 180 -87 -162 -137 200 137 79 166 162 98 67 233 32 71 186 13 239 232 -4 70 113 105 130 207 -182 -226 209 161 -133 122 120 -52 -94 241 -29 -86 123 -60 -201 -213 68 116 -216 -249 -62 212 -73 95 53 238 83 171 131 46 -54 60 -49 -104 6 193 210 183 104 -59 216 126 -168 -156 145 33 -228 74 -191 -208 -40 237 -183 132 88 -43 -90 -34 -224 139 -1 124 190 -179 -134 -46 -26 85 89 215 -81 0 -165 52 -189 -70 121 -199 174 -89 118 -120 -114 -105 54 -149 -76 229 220 -200 -11 84 -218 223 -135 -18 31 -219 164 34 -66 142 -122 -192 -117 -147 -33 65 59 -176 244 240 -5 -244 -75 135 247 61 199 -74 24 100 -164 -84 -38 -230 -67 -20 -167 234 -35 9 140 217 158 -47 -146 -2 -143 -177 167 -240 -152 -6 147 136 -247 -246 8 245 -178 -238 -58 138 -92 -88 3 -210 -25 242 -14 -211 11 78 143 -150 154 66 -7 115 192 208 -180 -229 -116 165 168 -103 -80 109 -222 -113 -98 43 -36 111 51 27 -123 -250 -235 87 -195 108 195 -153 112 42 110 -24 72 49 -65 221 182 172 214 -110 -202 30 169 177 -225 -166 94 -78 185 -31 -63 -119 181 -245 -28 149 230 -82 86 -171 156 -239 -194 16 -160 25 -220 45 81 -170 -108 -51 5 -99 -79 99 -42 224 -21 -69 -125 -237 -100 -185 -32 -102 75 92 218 -68 -13 202 77 -101 -181 18 -138 235 119 155 -10 -8 35 -57 7 106 2 189 -126 -56 93 -197 179 -157 38 -121 73 -93 176 -17 -30 -236 21 -12 -188 -39 -233 141 -144 50 -22 62 144 -95 69 -215 76 222 90 -207 -212 150 
TEST 119 ARG:-192 -95 -38 -140 -1 185 -17 196 -81 243 -25 20 184 -156 125 -121 154 -185 45 206 156 106 -96 -39 145 -150 183 35 33 224 -139 179 -73 236 -102 237 180 -34 226 111 101 134 -229 -132 158 77 -195 94 -117 -147 174 -148 -142 -146 50 217 75 170 -159 241 89 76 -241 -168 -32 -48 -55 -61 19 0 55 44 -37 152 209 -200 -164 -112 -8 11 -167 -171 -12 153 -94 112 -187 191 -207 17 -170 136 -91 221 -10 -101 -160 -190 -250 -45 -222 -79 -78 218 188 -158 -76 130 60 -103 207 -30 159 167 -51 -18 222 58 -107 -249 -21 -90 92 -27 -60 194 -180 131 -47 220 -123 -124 -97 -149 -166 103 -67 -19 -133 200 164 139 -83 72 133 84 -63 39 -216 -191 -31 100 173 176 2 48 -212 54 -11 -143 -74 30 -174 -9 151 -28 -196 70 28 242 56 -86 90 162 -197 128 244 7 41 -194 -144 -236 240 117 -137 9 -50 -232 -153 -238 15 163 -71 -208 -46 53 -69 -169 -242 81 -141 -125 -16 146 165 -240 140 85 132 71 93 182 82 -193 -211 3 -226 -213 -114 227 -6 190 126 64 181 18 -111 178 148 -245 38 -214 -235 -151 114 -161 177 86 -198 122 118 -44 37 -109 29 161 -82 88 -154 87 40 -87 -228 -179 249 -220 -224 -100 26 12 228 214 -54 -106 49 -41 -172 -210 79 -88 225 -135 -36 67 -136 32 -248 -182 -176 -40 201 -115 -5 62 129 208 -155 105 -43 -116 230 175 42 127 98 -65 -105 -239 78 91 -77 68 155 59 -218 -246 99 -247 193 -13 -33 -85 -70 -3 160 -68 -118 239 74 245 1 143 69 -230 -130 -225 -113 -206 -92 14 172 138 -173 -188 -227 104 -243 61 232 166 115 5 -244 120 235 219 -199 -57 147 107 -24 95 149 43 187 123 150 102 171 -75 121 -98 36 65 248 -122 -72 198 63 229 124 10 141 -209 -2 -165 34 -175 135 22 -131 116 -42 -145 -217 83 -108 -120 -177 6 195 -58 96 -26 -183 47 -93 97 -80 25 21 -204 -127 -7 223 -157 16 -62 -89 169 27 51 -178 157 -138 -219 80 211 202 -128 -14 -110 -84 233 73 205 -53 -20 -29 -35 -134 8 -23 13 -66 231 -49 4 203 46 -119 197 31 144 247 -59 -231 -205 234 52 -152 189 24 168 -4 -162 -99 199 238 -234 108 -201 186 -223 -52 -56 110 213 -22 119 23 109 -64 -189 57 -203 215 -129 -104 212 246 -215 -184 66 210 -163 192 113 -186 216 -126 204 -15 -233 142 -237 137 -221 -181 -202 
TEST 120 ARG:41 165 123 1 104 -32 98 -176 201 -210 146 108 48 36 39 45 96 -54 -97 94 -231 186 -112 -77 67 -148 106 124 130 232 72 -39 -245 161 33 57 -63 -240 199 -237 154 228 229 -179 114 219 -228 -131 -197 -70 113 -40 166 27 239 -22 -29 -93 -149 -168 187 -172 171 -74 91 185 155 210 84 164 -42 -95 -91 216 -181 151 -114 -166 -8 145 85 51 235 93 -175 -108 -174 -157 -223 79 -122 178 -113 -116 -138 212 5 141 -69 243 102 -150 23 133 -51 24 -213 117 -134 118 -115 -163 182 -238 223 -206 -225 92 226 -234 95 78 134 -86 -27 -14 197 -5 -79 83 82 9 -126 16 21 181 -34 40 236 -199 97 148 -221 192 195 -248 -224 121 136 -244 -68 54 -43 -121 52 -218 242 59 -71 -195 -45 60 170 -161 46 -16 100 38 -18 241 -100 -89 247 66 -120 -28 -58 22 86 -208 158 -103 -36 44 -35 11 152 -140 -38 77 -111 76 74 -46 -207 137 204 -211 -102 157 194 156 214 -158 105 -24 -183 65 144 -44 -193 119 198 -185 -173 -202 -217 34 215 -3 58 -67 -159 160 200 -249 73 112 88 -155 -104 246 -101 10 -55 211 -123 126 209 -41 -164 125 -60 50 -62 90 25 -177 135 175 -137 -1 179 -110 -47 153 31 -160 56 -13 191 142 -247 -37 -15 -242 -156 -162 131 7 -180 224 81 -98 -59 -142 28 19 -184 -241 20 190 184 14 -64 -165 -215 71 -187 -201 -125 -189 188 -94 -219 -216 -17 -220 180 140 138 80 4 -33 -26 172 -6 217 159 -117 2 103 149 -178 101 -144 206 -130 -128 150 -145 -129 -136 -153 75 -154 -20 -135 -23 26 49 -204 -147 -82 64 -196 -171 -61 -96 127 68 -152 116 -11 173 -19 -21 13 -203 -151 -87 -167 -76 203 139 61 -222 30 143 -10 -107 221 -141 -88 -227 115 107 -2 -250 238 -194 244 15 55 -84 128 -226 167 -85 3 -239 -214 230 37 237 -109 163 43 -198 -200 -246 -190 -192 240 87 -132 -56 53 177 -72 -188 245 129 -106 -127 12 35 162 213 18 -30 89 220 -105 -12 109 -170 -57 17 -81 -52 248 174 -212 -25 132 233 69 -53 -9 183 147 234 225 -7 -4 249 -191 -232 205 207 70 -186 111 99 -31 -66 -119 -99 122 -182 -229 110 32 -65 -209 -205 -233 -235 29 -143 -124 168 62 -133 -90 202 0 231 42 47 176 189 -83 -49 -236 -243 222 -75 196 -50 -118 -146 -139 -230 -169 -78 6 8 218 -73 -92 -80 193 208 -48 120 169 63 227 
TEST 121 ARG:-233 178 -207 -100 151 8 -23 -136 -120 -135 6 68 -24 -67 -189 109 124 54 193 110 -30 211 -195 209 -63 -2 -70 -102 -227 107 239 -15 -92 -212 187 23 119 115 5 -218 204 -126 -214 -96 -50 -97 -170 50 -33 216 -107 13 -115 -105 102 169 104 -159 -235 -129 28 -40 133 2 -226 -196 -64 233 -6 -87 -228 -157 -249 -3 129 18 -153 232 -29 71 62 108 82 -141 -38 -247 -184 -1 -160 -31 180 -118 -54 42 -75 55 194 -215 -200 -177 47 175 200 -109 173 231 -224 77 229 80 118 199 92 -16 -85 -244 166 155 111 -209 -204 -179 36 153 201 -124 75 73 -101 170 -69 -161 94 192 -82 208 -192 189 -145 -43 154 101 32 161 -86 40 -84 220 0 213 -162 -117 -148 20 -165 49 90 -18 -60 -250 205 156 -52 -242 -146 -188 -48 4 -79 -150 -220 89 141 165 -167 -27 132 -166 -110 -104 131 -116 -172 174 146 -190 -114 -72 149 85 -181 25 -155 57 123 -88 -241 17 88 15 -45 -158 -44 91 212 226 122 -99 -22 -91 -13 -222 41 -169 -53 33 -11 222 237 -55 136 76 19 235 210 -132 74 145 242 81 -80 -113 -21 -74 -225 14 38 67 48 -103 243 -4 -143 -57 7 113 -76 -154 138 -245 95 12 66 186 27 245 -178 177 -73 -65 167 93 176 3 51 -221 11 -186 21 238 -144 148 -39 -9 249 -130 -237 144 157 230 10 -223 195 -138 -213 217 -12 -229 105 26 -236 103 197 134 65 181 -94 72 52 -37 106 168 -164 247 43 116 59 -131 -119 172 30 -180 -211 139 -174 -108 246 -34 -194 87 203 -163 221 -193 182 -137 -142 -197 -210 61 126 198 -71 215 -93 -139 -208 -156 121 -61 -32 196 -240 -191 97 160 63 -17 29 114 -36 64 236 130 -125 -216 -19 -49 34 -41 31 142 147 234 -111 86 191 -205 -234 -56 219 -149 -151 -232 56 -147 -83 207 1 -217 152 -201 -51 127 206 185 -7 -185 -122 -10 -134 -5 -68 -112 -128 -171 223 -123 -175 240 58 -26 150 -183 248 37 225 188 183 -182 53 -133 69 140 -42 -14 135 -46 -98 98 -152 128 46 84 60 -81 -89 -62 -8 163 22 96 -246 -199 184 -95 99 202 190 -25 44 -28 -176 -66 171 83 24 158 -206 125 9 78 100 164 143 -243 -47 -238 -202 -248 214 45 224 159 -231 -219 -58 117 162 241 228 -239 120 -187 -35 137 -127 -230 112 70 227 39 218 35 -168 -203 -59 -20 16 -90 -198 179 -140 244 -77 79 -121 -78 -106 -173 
TEST 122 ARG:-95 -135 -6 168 -126 235 -190 -243 -82 -77 -111 -184 -115 224 -36 85 -130 61 147 -7 192 -33 199 -142 154 0 -61 150 215 -248 -55 125 145 -204 99 -109 -219 -161 196 -232 -62 155 82 185 -9 208 -146 19 242 -87 180 195 187 -200 59 117 -15 -242 -10 230 21 -123 -217 -103 -22 205 -149 198 -228 92 51 -197 -162 -72 237 -42 64 164 107 -234 102 -175 -65 153 42 -74 173 -153 120 63 105 91 186 -189 -174 -99 -231 -24 129 46 25 70 226 75 -203 58 -110 -214 175 132 163 -94 170 219 -19 -69 241 211 8 157 -35 18 -223 -121 232 -247 248 203 30 48 -199 171 138 247 118 41 71 -222 106 158 -30 -212 -37 -229 -91 96 -215 218 -158 -16 182 139 -41 206 -85 -53 246 -168 -150 14 17 -86 190 45 93 144 -119 -240 -185 104 -113 -112 -64 -59 166 137 194 234 223 -141 220 207 188 27 -97 128 113 -18 -106 111 184 228 209 151 -202 -100 179 79 -51 -165 -56 -105 119 160 -140 131 -176 22 -132 126 121 161 -196 66 167 -156 200 -108 -163 108 80 127 -44 -96 40 240 -134 36 148 -171 -32 -25 -167 -207 -98 -38 -29 16 -210 84 -209 -13 54 238 214 -216 -250 -246 74 222 10 201 225 -50 -52 116 159 -45 197 -28 86 -27 47 -166 28 37 212 109 -116 -48 4 98 -81 34 94 -138 76 -43 38 -136 -211 -129 43 -151 -220 100 -8 134 -144 95 141 -194 -180 2 72 213 -1 217 -107 -20 9 20 32 -118 -164 -71 55 123 -145 143 -47 -244 -159 -125 -5 -104 -195 244 124 -238 -3 -173 -114 -88 -102 -84 -221 172 -89 -46 -208 165 -188 110 -230 97 67 -218 -169 -17 -178 -170 33 50 1 -201 -117 140 -26 -76 -225 44 77 -187 -139 -124 -245 202 69 -21 -92 101 146 122 -182 193 -66 189 183 -63 -143 -152 12 174 13 130 -93 233 -90 -183 169 88 -237 -60 210 133 191 -68 87 231 136 -75 -236 62 -193 60 -2 152 -192 -79 -70 -31 -206 245 -213 156 5 -4 -179 176 23 177 -155 -227 -172 227 -224 -54 243 31 162 57 -127 -57 7 -249 -241 -154 -137 56 239 -80 68 115 6 -128 -101 -186 216 204 89 -49 -39 114 53 -131 -177 11 -181 249 35 -133 -11 73 24 -78 -40 135 149 -235 90 -58 221 -205 103 65 -23 181 3 112 229 26 178 52 39 81 -122 -148 142 29 -83 -233 -73 -12 -226 49 78 -191 -157 -14 15 -67 236 -239 -198 -120 -34 -160 83 -147 
TEST 123 ARG:150 1 -189 32 -68 131 203 -82 -62 -143 -223 233 -12 244 134 -58 -27 186 -41 169 140 215 208 -76 -224 149 -126 -247 -133 -67 168 29 107 184 8 113 -128 48 -172 202 -162 -99 95 -233 -56 -149 -75 56 33 74 68 -169 -199 193 101 97 -37 59 26 -32 -10 129 -183 236 70 69 -5 -192 201 212 -232 71 185 -249 133 117 -206 -48 -144 209 -102 -107 83 46 -124 49 -122 -205 211 96 -193 151 158 -235 92 219 229 123 238 64 -173 197 110 204 -180 -132 -219 20 -81 -117 120 -39 -1 124 -80 -222 216 -45 112 -26 213 -22 176 137 -36 -85 -34 -201 217 -104 -103 163 -63 -49 78 -242 160 -176 -97 227 -109 -7 -221 148 -24 146 -188 -238 -111 -30 -83 230 191 -240 -74 188 -2 -145 246 128 135 61 -115 183 109 37 -237 -198 67 -215 143 189 200 108 53 126 105 155 76 -210 243 58 31 174 115 -120 104 -164 -118 199 167 34 147 -170 -121 9 -108 -160 43 141 -181 -146 231 -28 -191 100 -119 -38 195 -209 194 -250 -137 -42 -18 -178 -135 210 -112 -20 5 -21 52 -141 80 63 -218 -105 -197 -100 24 -142 87 -35 -89 79 182 -234 -230 -200 45 118 205 -79 13 166 159 -245 171 -168 -114 42 222 66 111 -50 -202 -195 245 235 -6 85 27 173 84 156 -211 -214 -130 88 82 44 -4 240 106 237 40 -19 -161 102 -3 -163 -196 249 132 157 -60 -116 -92 55 -90 99 -236 154 -174 226 -154 11 3 -43 4 17 -152 239 -212 -229 196 -127 -166 170 10 91 -241 39 -227 -157 86 19 220 -70 198 206 181 -244 -16 187 -213 94 -123 7 -53 -8 224 25 114 172 -33 -175 -165 75 161 35 -93 23 73 214 -139 -77 152 -66 242 -203 -125 -96 232 -217 -243 -171 -55 89 153 -216 -136 248 -150 241 138 145 -110 223 -73 -69 14 -9 -155 164 81 103 -231 -225 -47 -65 162 221 -11 2 36 -72 47 -17 -71 -13 18 -29 190 -207 -140 179 -31 119 -106 65 -134 142 21 -208 -153 -57 -87 -190 -46 165 -54 -138 98 -151 -148 228 144 177 -94 -64 -194 -226 -14 130 72 -84 16 139 192 38 -61 122 -15 -98 -186 -23 -159 -184 -91 178 -88 62 175 22 -113 6 90 57 60 -156 -185 50 225 207 93 116 -220 41 54 180 12 -228 15 -59 -177 -182 -101 28 -78 51 -167 -179 -95 127 -40 -129 247 -248 -25 -86 234 0 -239 -147 -52 -51 136 -246 77 121 -187 -131 30 218 125 -204 -44 -158 
TEST 124 ARG:65 -47 -186 -96 -203 206 19 -161 115 1 -50 -82 -42 135 -214 -64 -204 -174 171 34 234 -101 79 231 72 -8 -211 -55 144 134 -21 -208 23 -13 -206 129 -121 -249 222 -239 146 145 169 209 8 7 151 -202 147 -19 228 -77 20 202 -73 -155 -43 10 139 -115 -40 -156 243 153 -12 -135 122 185 -175 195 -127 -130 -151 -49 -178 -220 -106 22 159 104 184 -26 -205 -150 -35 249 -157 88 101 191 57 -184 39 148 -248 33 102 -198 -177 -25 77 -2 197 -69 -110 -85 119 -138 205 -147 -247 183 -76 207 128 -65 -7 26 -15 63 -51 192 42 41 -75 194 -182 218 182 -86 -54 80 -119 -199 181 112 225 -160 44 -29 -168 245 155 24 -246 -105 -88 -34 163 -3 208 230 64 219 -159 -207 -24 -80 215 12 -109 -102 -139 -163 138 223 238 28 -235 216 199 224 -6 239 -219 -223 -229 -233 127 -143 -173 -212 61 -226 246 36 -114 -190 -52 212 -79 -128 58 73 136 -87 27 -107 38 4 180 -215 -242 131 157 -5 60 -225 220 165 -103 52 -176 -104 15 -228 -217 40 -81 -148 -193 162 98 -120 -68 110 -131 9 189 -171 -53 21 -243 241 -180 210 232 68 -145 78 43 67 70 -56 -16 -134 -218 29 86 167 -136 149 -183 193 -137 99 200 244 -162 161 -111 -89 45 -158 -224 94 54 -179 235 -100 160 -194 166 -17 130 74 95 -36 186 -213 5 -197 152 -234 -133 -244 83 103 -236 81 -132 -216 46 -66 18 -154 -185 156 -31 96 47 175 178 114 118 87 -20 -230 -37 32 203 85 -144 71 92 132 2 -195 126 -22 -95 188 -152 -170 82 -227 -153 108 237 13 -142 56 217 -44 140 30 -196 214 -191 -59 -245 168 204 -27 53 14 -181 201 0 66 17 -241 -146 -72 -118 -113 187 107 -164 158 -23 164 16 141 -98 -71 -141 3 -32 226 -58 248 50 229 211 76 -126 172 247 190 59 -140 142 -33 117 -125 31 105 -222 -123 125 221 -237 -210 -108 69 -78 121 154 55 -48 -60 -240 -209 -10 97 -231 116 -221 -70 -91 -57 120 25 35 -169 -165 -63 170 113 -116 -93 -232 143 -83 -14 -74 -28 -67 -99 6 213 111 51 196 11 -18 236 174 37 -45 -129 48 -192 -1 137 -188 177 -112 109 -4 198 75 -61 -39 -117 100 -187 93 -46 -94 173 -11 -122 150 -200 176 89 91 -30 -41 -189 84 -167 -92 -90 124 -166 -201 -172 -84 -97 179 -238 -149 133 -9 242 90 49 106 227 240 62 -38 -124 233 -62 -250 123 
TEST 125 ARG:91 -110 -104 -248 185 134 235 -145 212 -250 -114 41 239 -178 -65 -78 -126 -2 -180 -95 77 -97 72 -49 196 -4 -67 -51 167 -185 -15 153 -149 -37 -223 48 127 133 -82 -134 197 43 90 -201 -80 5 -193 -148 -124 51 35 105 -235 -27 136 29 -204 -198 211 -22 126 73 -33 -89 -23 21 217 146 23 7 -81 -102 -162 56 240 177 144 -232 116 -220 22 83 159 28 226 -56 210 -240 11 -113 -213 -244 -86 -75 -83 -202 -62 -161 -128 33 -116 -72 119 202 -31 93 150 123 158 147 224 -11 -245 -138 -194 249 -233 -169 9 -3 -186 -152 -28 225 122 -216 58 195 155 -25 -203 80 233 30 69 -73 59 -122 97 -93 -47 139 44 172 70 4 -85 -135 248 141 -84 42 -125 214 61 189 -74 171 -175 176 162 -181 245 -18 142 60 57 182 -176 -247 13 36 -174 8 243 -14 -46 34 -106 -210 94 20 -108 19 204 175 66 -228 49 192 -196 -208 -35 -20 39 -197 -69 -144 -241 100 63 166 -64 -121 165 156 241 76 52 -195 96 201 -43 203 138 47 -98 -40 -189 120 -26 -199 -139 -222 -118 -168 191 -109 198 174 140 17 -24 206 102 -1 190 179 247 -100 137 -238 -147 -12 37 215 213 -5 -59 -57 -160 223 -99 200 -92 194 -136 -234 -205 149 -137 -112 130 -129 -183 -50 67 -19 -120 187 -61 -48 -173 -179 109 129 -119 15 31 68 -36 82 118 -182 227 -200 183 -219 -103 -221 -146 -217 -171 -190 40 84 -243 -32 -60 107 111 152 114 -153 -55 -237 -239 -6 232 27 -9 -10 -188 98 104 -107 -218 81 -184 -140 135 -76 -157 117 -117 -77 230 -70 6 32 188 -166 86 -133 169 193 -214 -90 -151 -39 229 -192 -236 87 209 143 186 157 -16 -130 -101 216 88 38 -230 -123 55 -209 231 10 -71 -41 184 -141 46 -44 -127 115 -53 163 -34 168 75 -29 12 -164 125 -30 -227 -17 -225 -167 222 148 -96 124 -54 219 181 -229 -52 74 -154 218 71 2 -68 65 121 -7 -131 -246 -143 -105 101 -207 221 -8 79 85 -212 -165 131 106 208 -42 128 237 54 78 -159 -215 -63 110 108 -187 161 25 -177 180 -156 -142 160 238 244 0 236 -79 -170 164 -191 234 151 -91 242 -242 14 26 -21 132 145 -87 -206 113 -163 103 99 -150 -66 220 -45 18 -172 205 1 246 53 -115 -13 95 24 228 -58 -132 170 16 -155 62 173 -211 207 154 45 -226 -224 50 3 -231 178 92 -158 -249 -111 199 -38 64 -94 89 112 -88 
TEST 126 ARG:100 205 38 84 112 -82 -16 -52 125 109 -164 -85 166 -146 -23 -156 -161 -211 113 -53 -207 26 -239 -46 -250 -49 -151 -210 -184 83 -149 -121 -162 101 -40 -217 237 -103 -62 21 134 157 217 -27 -222 40 0 -191 25 -240 127 144 -218 57 -209 -73 -212 -95 61 81 -43 -36 -181 137 -126 -84 -88 231 69 248 74 14 130 -114 50 246 -187 -243 -167 -116 -69 -30 -100 -195 -244 -22 -2 189 -158 -21 92 -13 206 -232 -60 -223 -71 -59 115 -4 -186 -74 90 -169 5 -47 245 -203 -15 208 212 118 -220 -55 200 -132 91 218 -87 59 159 3 -109 171 -172 172 51 -150 229 -44 -197 135 -198 194 -37 226 -130 -51 37 29 -64 43 191 35 249 225 -137 79 65 -28 -226 -39 -200 133 52 -63 6 20 114 -219 -101 -140 12 -96 -78 -93 -106 -176 -86 -173 36 117 -125 -171 -155 190 -194 235 -134 -32 45 68 41 19 -245 216 -29 -190 177 -206 162 211 -205 -50 -152 4 85 187 179 -189 142 -79 121 39 163 -35 -157 149 -229 -5 198 -61 -81 96 48 23 105 184 -54 67 -192 120 60 8 28 -18 -19 58 -110 123 126 -235 -33 -8 152 -68 138 70 227 75 -77 103 141 156 -227 2 -115 223 -42 -57 -208 164 -113 53 -92 143 17 -138 -154 -160 234 44 16 -233 -10 -90 147 -102 54 -26 -231 32 -83 -76 239 -224 230 -6 -183 128 183 -148 111 193 -147 186 244 -185 214 116 31 93 46 -248 151 -249 71 -216 106 238 -166 -124 176 11 -12 122 -131 247 86 -7 129 165 -119 185 -204 178 -56 161 215 -3 95 233 148 -1 -11 197 -97 10 175 207 73 -123 88 188 -225 199 -159 242 -163 -242 56 203 150 140 -66 124 -38 236 -178 -108 221 169 155 63 66 -98 -117 -17 -14 -129 -65 -174 76 -213 22 -105 24 -41 -118 108 -34 -144 -179 -177 -127 145 27 -202 99 -58 -199 -221 153 196 213 228 146 195 62 78 -241 174 -193 -136 -143 9 -141 -104 -111 13 -168 102 -230 -128 97 107 -20 98 -153 82 170 210 243 89 72 -24 -182 182 173 34 87 -75 168 -120 241 -122 -72 -99 -165 -175 220 240 -228 -70 -45 49 -170 136 18 -135 131 -234 222 -201 192 -196 55 -94 15 154 -31 -188 64 160 7 209 181 42 -112 -145 -91 33 204 110 -246 202 180 1 30 132 139 -237 -107 -238 219 -89 -139 -80 201 224 -247 47 -133 167 -236 -180 -142 119 158 77 94 -214 -67 -48 -25 104 -9 80 -215 232 
TEST 127 ARG:-210 -221 -246 -4 -185 -117 -65 -194 168 -237 -90 -192 28 70 -209 -7 -104 94 -200 -250 -13 245 -75 77 -201 -48 196 -153 56 184 102 -239 -172 -219 26 58 -245 38 -68 8 -118 115 -73 107 50 -127 223 228 170 93 200 96 2 146 -37 194 -63 -97 -205 142 -220 -228 112 117 -226 44 -42 21 236 49 -29 224 -141 -88 135 165 119 110 -147 25 -19 -240 97 -181 23 167 -12 -126 139 -115 -145 202 52 -142 140 72 -79 -84 -31 -91 -135 239 -9 -95 -123 232 -99 143 -66 137 231 -176 67 -72 -151 -114 -148 241 -16 247 -5 -236 39 -211 180 104 178 191 0 -111 -112 -164 -199 76 -80 -71 131 -87 11 172 54 -28 -198 128 195 175 105 75 -6 -106 -14 12 -49 41 -203 -121 -43 -22 -15 57 214 183 244 -34 169 -51 208 229 -193 -122 -160 -83 -235 -61 51 132 124 152 113 42 3 27 88 126 179 -163 189 -233 -241 -59 -2 118 -231 -64 -195 192 233 240 166 220 -77 -215 63 -182 -74 -78 -40 -131 -144 -94 6 79 243 59 -224 211 159 206 246 205 103 32 85 -159 -10 47 108 106 193 111 164 -21 -32 4 197 -1 43 199 -129 -116 10 30 100 -25 116 -171 -187 101 217 -120 -67 62 182 249 174 -113 190 -101 154 -128 -3 -212 20 235 -146 -130 -103 -208 -167 -134 -179 -119 -154 14 156 -60 -248 -214 -45 18 -20 218 -100 -223 -189 -175 215 -244 24 92 151 -140 -8 -50 -206 83 188 69 -218 213 161 -98 -155 134 -47 60 65 15 -184 99 158 33 86 53 127 -166 -38 -36 73 171 -238 -62 -204 -180 -177 157 -82 219 7 81 -137 125 210 -152 -158 1 203 34 -202 -230 138 -96 222 98 148 109 -57 -107 234 -196 -178 114 -24 46 221 185 45 242 -157 87 -207 -53 181 -242 -168 -243 -133 -33 -190 37 147 -108 -188 -170 -39 22 -162 91 13 -169 66 230 207 153 225 31 95 55 155 144 177 149 -86 -234 -81 71 -227 -44 163 -225 -249 64 -76 -138 173 -54 68 248 133 -232 237 130 -132 -102 -58 -173 82 -156 80 16 209 61 -89 -92 -222 -55 -18 -35 176 -217 -93 -105 -247 -149 120 -161 162 -213 160 -70 -23 5 136 29 -165 -150 150 19 90 226 -17 -139 36 201 -52 -85 -27 35 -26 89 122 238 -174 123 -46 -124 9 204 -110 -56 -229 212 -216 -69 187 -186 -30 78 17 141 198 145 129 -125 216 -143 48 74 -11 -191 -109 40 -197 -41 121 -183 186 -136 227 84 
TEST 128 ARG:100 -138 61 10 24 -182 -90 134 205 119 -236 77 34 -230 145 -79 -211 -174 -237 176 164 -19 85 -107 -210 41 -98 -173 199 -82 110 18 -50 -250 237 238 -134 -198 33 -215 215 122 169 229 -18 -37 -35 -63 -140 -240 -47 224 -51 -226 -20 -26 64 94 148 171 -245 -229 65 127 78 -60 4 -81 -44 140 133 248 -194 -30 201 16 -238 -9 -16 71 -163 159 -15 -166 7 -178 -95 232 -88 -99 -14 124 165 -58 -168 222 -200 62 -234 190 -188 186 152 -235 97 -214 187 162 -171 -83 -139 160 196 -5 157 -4 -53 -170 212 226 63 -193 -239 30 -202 -147 -205 57 -93 -122 132 -73 230 -128 217 42 52 246 128 130 -43 173 206 -86 -67 -142 -152 175 68 -196 -165 -61 48 -145 -154 -186 -148 58 -146 -150 241 -217 -167 245 -101 -184 73 75 -124 21 6 -121 -22 123 -24 19 -160 108 104 93 37 -125 15 172 142 125 234 -94 -248 -70 147 -115 -143 -132 43 249 204 -103 26 -65 -32 11 13 -136 207 98 194 -57 -116 87 -195 -80 126 -247 -204 188 135 -181 180 -52 -158 120 106 153 117 -241 114 -197 -225 -185 -191 216 111 -233 -201 82 67 27 47 -1 17 -113 174 -29 -56 163 118 -169 39 129 -77 -104 -190 -8 244 219 -17 89 168 -102 191 137 -157 179 91 -246 138 -222 -96 155 -133 -126 198 -34 154 66 56 -135 29 -23 107 144 -36 -208 -192 99 -137 81 -159 -212 -120 -213 20 -7 28 -206 240 -68 -207 185 -223 79 -11 170 182 -189 -244 84 -119 96 247 183 95 -28 -118 139 233 31 -48 -175 -203 -75 -221 46 -69 136 1 25 -64 113 228 70 60 141 151 -55 -66 -161 116 -41 23 -105 76 -141 -25 12 92 -249 -114 -46 -123 9 -162 69 210 -3 72 -76 -112 54 -216 235 -177 -153 102 38 -92 109 -151 211 -243 80 223 131 214 -91 -176 -155 -2 -108 -149 -89 40 -164 242 -228 225 -117 -62 86 101 -187 243 209 105 -199 32 -231 55 -209 208 203 44 -130 -39 156 167 90 143 -38 74 -220 -156 -218 221 -40 184 59 -49 213 158 231 83 -21 146 121 -45 218 103 -172 51 -74 239 -12 -127 45 220 0 177 -97 -33 -144 195 200 178 -54 -84 166 3 14 49 193 -10 2 150 5 -13 197 -232 -227 -110 112 115 -85 -78 -242 192 -179 -129 -224 -100 236 149 22 35 -72 53 88 -111 -219 227 -183 -31 -27 -180 -59 181 -6 -131 189 36 8 -42 202 -71 -106 -109 -87 161 50 
TEST 129 ARG:-210 -81 -144 111 37 -125 241 -51 -122 -239 -160 -38 -24 -56 -168 244 -174 -90 163 181 128 228 -134 -179 25 234 60 184 18 46 -104 -231 198 36 5 243 152 193 195 20 79 68 -12 -155 106 28 -105 31 49 -114 21 -61 133 -221 -175 -213 208 -121 148 -205 90 -147 -141 -91 38 -166 -71 -218 -83 -26 55 -112 50 173 138 -127 206 -219 153 82 -65 -240 -60 -19 27 204 -184 66 220 -32 102 247 -136 -96 -119 44 -58 104 -234 145 -250 77 -169 97 207 -116 139 124 78 -170 63 209 100 127 246 136 -186 -99 41 29 108 -177 -138 -33 42 91 92 -101 158 -108 248 -245 180 -190 -110 179 -187 80 103 24 32 142 119 135 -30 -25 -1 -198 -233 -46 -212 -232 -87 -8 -41 15 -140 130 -157 30 -10 -59 -100 -52 26 23 -229 227 62 -21 -77 -47 -224 -14 61 141 167 225 -222 242 -159 -34 196 86 221 -130 -145 -149 183 -172 140 -165 81 -20 -13 -29 59 -15 -228 -193 54 9 -183 72 -48 -216 -163 -206 182 -103 109 143 213 -31 134 -150 -50 -242 88 -79 240 -92 245 -118 99 -82 1 -197 7 224 110 -133 -22 43 201 45 -154 -162 214 69 -106 0 217 147 161 -120 48 51 -188 -68 114 -16 -217 -57 56 -230 105 144 125 -6 149 -220 191 22 185 57 -72 94 218 -139 -151 16 87 47 249 -146 -201 -53 -64 223 230 -129 84 177 -214 -98 205 17 123 -152 -115 101 222 121 -5 -156 -167 67 190 168 -63 129 -4 -227 -131 -55 -45 -182 215 -54 33 74 -243 160 -124 113 211 169 -191 -111 -161 -153 156 -180 -73 210 -28 -23 -128 71 171 170 -93 -226 166 -123 -85 231 -49 -185 146 -195 -102 -207 -95 151 -75 -84 14 159 -238 115 -36 229 -137 -148 85 236 -171 89 -109 126 4 -86 93 -200 -249 -80 -235 192 -2 107 -78 58 12 -3 -199 -74 199 219 6 39 212 188 -37 118 13 -236 40 34 35 200 137 -173 -17 237 -44 -88 226 216 -67 189 -39 65 176 -69 -192 165 52 -135 98 75 194 -208 -97 -142 53 -204 -248 -176 117 -196 10 155 64 -9 122 3 -178 -62 -43 95 -113 -27 -89 120 96 -202 -246 -11 -203 -132 -223 203 73 -244 187 -107 -215 162 116 19 -76 -94 154 8 235 238 -247 2 -117 -164 83 -241 -126 197 -143 -70 -158 178 174 -209 132 70 172 150 131 -66 11 -189 -237 157 76 239 -225 -35 -181 -194 -42 202 -211 -7 233 175 -40 112 -18 232 186 164 
TEST 130 ARG:52 37 -176 -97 -190 -193 -130 118 -152 -2 190 -168 -24 23 50 -65 -58 130 141 30 -138 -214 77 231 80 42 85 -50 -208 -141 -6 -91 51 -11 -63 28 -28 78 108 -171 59 -246 230 -79 -218 15 197 134 -182 157 90 -163 -102 -110 -70 100 -169 -51 -184 152 185 129 153 -37 47 155 -116 105 151 161 34 46 79 131 142 174 -85 -224 71 224 214 95 232 40 -137 225 187 -42 242 136 89 -83 -142 -195 113 -61 177 -167 -132 248 -134 148 -217 244 235 158 228 -173 186 -181 -13 9 97 -128 -88 -69 -17 -16 18 181 -89 82 206 -33 26 66 -212 -49 17 -133 8 -78 172 -180 145 193 -99 -233 -221 29 -191 211 -146 180 -155 -207 227 -204 218 54 107 -122 246 1 12 99 213 48 -39 176 -22 -140 182 171 143 4 63 234 132 126 44 58 -165 243 35 -243 170 -68 -26 -52 21 -84 43 -27 11 -160 154 168 92 -213 -23 140 -192 204 -12 -139 -170 96 -200 -228 245 178 -153 -108 226 195 76 117 112 223 -206 -241 120 3 0 -178 219 184 237 -239 127 -55 -107 -73 203 102 212 -220 -14 -1 -143 -226 229 10 -154 27 -113 167 -245 45 -199 25 -231 147 -197 222 -125 -81 189 -71 14 -93 73 68 41 7 -157 -40 124 179 60 20 -75 49 -236 217 173 106 -111 -114 -209 -90 -219 114 72 -210 150 166 -121 5 84 56 -8 133 -100 -150 -62 75 194 207 31 -244 238 -247 13 -230 -189 83 160 -103 162 103 -94 247 -166 215 169 216 -203 -21 122 -162 -56 -82 163 -32 -248 200 -96 93 98 64 135 -126 175 -225 -156 -234 -80 -19 -48 -235 -161 191 -54 -216 183 -60 233 -194 164 -3 -205 -164 249 241 -117 115 239 -10 119 -47 196 -135 -237 201 -158 -127 -215 -15 -227 209 -41 -148 -188 -112 139 101 62 -211 236 220 138 -147 -92 159 -109 -145 19 -144 -201 -44 -59 -124 -87 67 -18 -101 -198 165 -53 -57 36 -136 -31 198 -43 208 128 125 -223 -183 -46 70 39 111 -64 -159 65 -232 94 -74 221 88 -105 -187 -149 -25 86 91 -38 32 -175 202 -76 2 -104 144 104 146 -20 -72 -36 188 121 -118 -4 -240 205 -186 -177 -115 -119 -174 137 -67 -29 -35 -202 -7 -34 -123 -242 -30 -249 -120 53 -222 -131 -77 -185 -95 61 57 33 55 -9 24 192 199 110 74 210 123 240 6 22 -179 87 -98 -5 69 38 -45 16 156 -229 -106 116 -238 -196 -129 -172 -151 -86 -66 109 -250 81 149 
TEST 131 ARG:209 -59 25 -240 -245 163 -134 -114 71 67 115 30 -49 -159 137 170 -30 -170 129 -111 -109 -92 165 -70 -45 126 -2 167 -21 138 -154 -129 233 9 -237 -4 -247 -89 -23 14 19 156 -156 -143 -248 60 112 185 -81 -13 -102 -14 -128 123 -135 -184 -25 -105 226 168 192 -146 -249 -48 -118 36 -34 51 -133 161 100 41 -224 -51 -9 239 97 117 235 144 -119 183 32 242 -230 -168 150 -19 63 80 -41 -16 -68 119 -60 142 7 -145 -31 -238 18 116 -152 -215 28 34 -139 47 249 48 -225 78 -206 54 193 44 106 77 205 160 13 162 -50 -178 45 141 199 62 81 124 -62 37 219 -172 146 102 159 234 -223 -115 120 -24 43 109 0 -86 92 -167 17 231 -126 6 -32 -33 -63 79 -84 46 -155 26 -164 29 241 -124 -27 -17 -194 245 -210 -94 133 145 114 -18 -6 230 218 -71 -227 -138 95 -78 57 11 61 -15 -243 -179 212 -171 -233 -103 107 59 -7 188 135 -212 55 85 -88 -246 164 33 -242 -250 87 155 -151 -200 -149 -10 -125 248 52 221 148 196 -162 -77 -57 -96 -157 222 -1 -192 12 103 -232 214 180 -131 240 3 1 -37 -107 105 182 101 111 -241 246 -104 -205 91 220 -67 -181 98 -187 -130 -209 213 -234 -231 -43 99 -239 27 -90 -183 -218 -79 104 197 -97 31 132 -221 -150 -123 -140 -235 189 56 66 122 -3 50 -20 72 201 -117 -54 -46 -158 108 136 -182 15 -38 -93 -222 127 198 -73 69 -189 75 -137 194 -217 89 158 -8 134 82 -228 200 184 -148 -108 237 -44 152 186 -160 171 -185 175 118 130 64 -82 -174 177 -166 84 -180 121 -136 -65 35 181 208 -85 83 5 225 -173 -116 169 -83 128 -61 -207 -169 -177 125 -75 68 90 131 -236 -56 190 -165 216 207 -201 224 154 215 206 -127 -220 204 178 157 -22 211 176 93 -188 -28 -141 -101 10 -39 151 140 -186 -244 -199 86 -193 76 223 143 2 73 -122 -69 -91 8 -66 153 -142 173 16 217 -161 187 -36 -35 -120 228 -198 -113 -74 -5 236 -29 96 38 195 -132 23 -121 -58 4 -229 42 244 39 -214 210 -147 -216 58 -95 -72 -55 88 -204 20 -196 -163 179 -153 -47 -76 -208 -211 -203 -53 49 232 147 -112 113 -98 -106 238 -202 166 65 74 -26 -80 -197 110 -191 -87 70 -100 247 203 -190 24 202 191 227 -11 -40 -64 -52 -219 -12 174 172 -42 -195 149 -175 -176 243 94 40 -99 21 -110 139 -213 22 229 53 -144 -226 
TEST 132 ARG:180 99 235 220 10 -51 104 -27 111 127 -24 -210 153 241 225 -184 154 132 -16 -164 -204 -75 -227 -197 -199 94 -42 -73 -246 -194 -115 -96 228 164 -20 -119 -218 -212 9 96 -52 206 19 237 -178 -193 -29 -136 -175 -245 -87 216 -7 -201 93 202 -177 166 -46 226 -74 242 49 -97 123 -141 2 -94 -231 186 63 174 -173 86 -162 -37 116 -43 -137 -220 16 169 12 -79 125 -179 229 -44 -28 -100 189 -219 -203 26 -228 -120 75 -10 149 147 -182 5 -172 71 196 -71 -62 133 32 6 187 157 177 141 33 -13 -45 -232 106 -205 -18 232 -76 -69 -198 230 108 130 107 217 224 -156 -60 66 -103 62 -47 181 -248 239 23 185 -61 160 35 58 161 203 122 -118 244 39 27 -250 -145 197 -244 90 -117 85 -1 201 83 -209 119 195 37 50 -59 -78 -234 -98 173 84 57 113 -166 -55 -15 193 -157 183 -202 -214 69 -32 44 31 247 -138 -134 -171 156 -21 -185 -163 -107 -239 139 7 -123 248 131 -30 198 -135 176 43 -230 175 -104 212 190 -50 219 234 55 221 152 76 70 -33 78 -200 3 -223 -40 -92 1 -225 -39 155 -95 -155 -161 73 -106 -109 8 -63 -110 -17 -195 38 -19 -154 110 134 -53 243 -85 74 -240 204 103 -249 -247 -102 95 -112 15 -3 34 -152 -235 -196 -160 214 162 98 126 -70 -243 211 148 170 -187 128 89 48 -133 -124 67 -48 -181 72 -128 -127 -211 -36 -25 -216 -77 163 -31 88 -153 -151 -67 158 144 159 80 -81 53 -140 218 -176 60 -149 -208 -84 30 -22 -35 101 194 -192 -130 -169 -113 -174 -12 42 68 13 102 114 -122 0 -131 213 18 -238 36 40 -116 100 137 112 -38 -82 124 81 87 209 172 151 28 -80 -242 -148 191 145 -68 233 4 -9 -189 -57 -207 25 105 77 -126 -23 -14 240 -2 -83 -236 -167 -99 -114 -86 -221 -41 -8 11 -183 -190 -222 167 17 -88 171 245 222 -165 91 146 -125 -139 -58 79 215 178 -144 82 -6 -111 -142 121 120 205 -5 -233 -121 54 -150 118 47 207 65 -108 231 -224 -237 -168 -143 165 14 -66 188 -101 136 117 -56 -213 20 192 -147 143 45 46 21 29 -65 168 -180 -11 238 -159 52 -26 59 249 -90 64 227 -158 -49 -215 -241 -105 61 -129 150 97 -4 -229 41 -132 -54 179 24 -188 199 -170 92 246 -146 -191 182 115 138 236 -89 -64 208 -226 129 210 142 109 -34 200 22 -186 51 184 56 140 135 -72 -206 223 -93 -217 -91 
TEST 133 ARG:43 -58 -181 153 -248 58 -7 116 163 -130 228 207 -118 191 -119 51 -169 -204 -218 -216 -187 -67 26 68 236 -244 -47 -29 -53 -6 -54 -133 90 -179 -69 23 82 -116 245 -1 -192 148 -219 224 -16 44 105 172 -182 217 139 41 185 -101 222 -129 -24 216 -75 144 55 221 -44 -250 201 -65 240 180 -34 242 -215 103 -147 -77 7 9 141 -18 39 29 126 -136 206 -37 -152 -141 208 -146 190 -172 -171 161 30 -98 -66 -158 -190 -240 136 -198 -125 138 239 -151 102 202 72 -134 187 93 -120 60 -15 123 -212 111 -21 122 -5 -142 -96 80 215 47 -231 56 -56 230 -170 -49 186 -167 183 -193 -61 196 229 108 -200 -104 -195 149 -59 -149 -45 -28 86 -144 -76 -123 -62 5 -199 -243 -168 -132 146 -161 -80 113 -239 -23 -131 175 85 147 -31 -194 -73 -91 -20 -177 -237 107 -88 -213 125 -229 223 -51 135 214 184 -79 -162 127 -246 91 -156 -111 -22 -48 211 -43 76 21 -14 234 109 210 62 33 17 -230 -143 3 -93 178 -10 237 -206 -163 -11 132 -233 -234 40 -127 106 -40 -217 150 156 -27 -107 49 -201 78 45 79 -221 -39 -185 0 73 238 46 69 -145 -153 -102 225 81 131 71 -165 -99 4 218 -90 181 243 -33 -106 2 70 8 -203 -12 -211 167 -155 -92 -26 -74 24 27 -103 145 -245 120 168 -25 95 114 -228 -242 101 -223 96 16 -70 -178 194 52 -207 212 48 233 57 88 -113 -121 170 -241 213 38 162 20 -249 25 -84 176 -95 -157 118 193 -220 -8 -139 -114 -4 -173 232 34 248 110 77 159 -117 -115 -110 154 74 231 -150 209 -175 182 54 -183 247 -140 66 -100 -42 155 128 134 -122 31 -35 -202 -17 1 -50 158 -224 -2 -210 177 -89 92 124 -238 219 13 -60 119 130 199 133 152 -78 100 165 198 160 220 36 67 42 204 -55 32 -46 99 192 -180 59 -87 142 117 203 -9 188 129 -64 65 137 -85 -108 -159 -189 -38 50 -208 -105 -188 -232 115 226 157 246 -205 -226 63 171 94 174 -112 104 -184 28 164 166 -19 140 121 -13 19 53 -82 -94 14 98 37 -138 -57 -36 -135 97 10 89 -176 -166 197 151 173 205 -81 -97 22 83 -128 179 244 -86 35 -72 84 -225 -164 -83 -196 -30 169 249 15 227 61 6 112 -124 -222 -109 -68 -71 -214 -235 -52 235 241 -137 18 -154 -186 143 -160 -227 -41 87 -126 200 -209 -32 -197 11 75 -63 -236 -148 -247 195 -174 -3 189 12 -191 64 
TEST 134 ARG:32 -126 -115 152 23 198 -133 -32 -81 64 87 240 -180 227 -226 -162 93 -167 194 136 -86 223 -249 -62 -88 59 66 131 -204 -59 -78 -13 -69 -105 -3 77 -141 -240 207 -178 18 -205 -142 -159 -118 210 193 116 168 -236 -207 17 103 -168 -25 130 -93 -97 -22 214 -250 -17 -127 19 -166 -99 -71 -173 205 1 -53 118 -26 12 235 -174 16 -187 -107 122 242 57 176 112 55 -217 41 -65 -237 28 -125 -98 124 101 104 -228 139 -201 63 -147 230 246 -221 145 -96 99 -18 -230 -70 2 175 75 92 144 153 217 134 -208 182 -106 -82 115 224 157 177 -189 132 -220 102 81 -38 204 -248 46 0 97 -165 -129 107 -244 70 149 -202 216 51 241 -224 -225 3 -43 10 -146 -216 -218 237 226 -152 211 209 108 248 53 76 202 -100 -183 43 -212 4 -90 78 -185 239 -190 169 -119 85 7 67 -16 83 -67 232 -176 22 -7 201 191 -170 172 187 56 -135 140 31 -111 150 -91 11 29 -113 -45 113 -87 86 249 244 -108 -177 94 -76 90 106 163 -51 -196 -137 33 -192 14 -164 -234 69 221 154 -37 -24 26 -31 -56 -222 236 -194 95 158 -54 156 -229 -46 -116 -14 121 -200 -114 34 -34 84 -61 -213 -77 -64 30 -92 42 61 219 47 229 74 35 228 -12 -4 171 234 -74 161 -122 -48 -242 -50 -55 128 20 189 82 -160 -40 213 -29 -186 190 178 196 72 -247 -172 -9 208 164 117 185 27 -8 -140 160 -6 -57 -123 13 -66 -21 110 79 -124 105 -134 49 133 245 174 186 170 -130 -73 -83 71 114 -246 218 50 40 -233 -197 188 -191 98 -15 38 -144 225 44 159 -60 -5 142 148 -20 138 -154 54 21 -112 -239 -215 -153 -232 -148 39 -85 166 -182 -158 -104 -139 -128 45 -214 212 -245 -138 -209 123 -102 -84 173 125 167 220 222 233 -52 135 -179 197 60 -145 -211 247 -155 -72 -120 -238 137 -121 -80 -195 6 -95 -243 65 -157 -188 -49 -136 52 -156 -19 -131 73 68 -110 89 91 96 100 111 -132 206 -35 -75 -44 243 -68 -163 -103 151 -33 -30 -199 25 147 -193 -150 -79 -210 200 146 238 -28 58 -151 88 162 -223 141 -36 9 155 120 -11 231 -235 -171 -42 -241 37 -39 143 -63 -169 -101 -1 -203 184 -2 -94 195 80 203 -227 179 -27 -198 48 -10 126 183 127 -58 180 181 -41 8 -184 -231 -47 119 -143 -109 -219 -206 192 -161 129 24 -23 5 -117 215 15 109 -175 -181 -89 165 199 62 -149 36 
TEST 135 ARG:44 7 -131 137 -227 38 -118 77 9 -125 79 69 -220 -139 14 -38 -206 -76 48 -189 57 169 108 35 80 -116 -154 -66 -121 -17 102 143 -123 -211 -196 37 -5 -172 110 -94 203 -58 6 -216 -82 135 -63 -69 104 127 42 -2 165 13 -177 200 244 25 188 189 -213 -84 39 -242 -103 122 -100 -168 -210 72 -245 -237 -119 -249 129 -9 -65 93 -24 23 114 5 152 -162 131 -77 -23 151 -42 -29 53 -136 -25 174 81 132 215 175 -64 91 62 -50 -97 -75 1 63 19 -209 190 172 -90 236 74 -230 222 98 149 -127 205 -158 8 -219 164 -232 -122 227 -181 -132 -173 211 112 -47 -39 -235 -62 89 -92 -7 -145 -108 68 123 -221 241 -223 -67 -81 -85 146 138 -98 90 -89 246 46 173 243 -73 160 -68 156 -190 -88 43 -60 -199 -161 -243 -225 92 -167 -176 52 170 185 -35 -86 24 -226 40 -169 -163 126 -135 0 70 15 12 -174 140 -33 66 -87 -53 76 -184 163 -208 232 -54 -248 -137 18 -203 32 -224 -233 -228 -83 -133 31 3 -18 -74 141 139 -111 178 94 117 240 202 -179 182 -101 -61 218 249 -30 214 209 -59 -175 -241 194 133 60 167 -170 -78 -201 -180 82 148 216 -130 125 -185 -93 34 237 -10 -13 128 142 -134 -26 147 177 -247 58 198 121 -244 191 180 -91 201 -193 -34 -197 -4 -28 119 213 -45 158 220 87 157 22 -43 179 162 99 -239 -115 -20 229 100 -157 217 -148 49 130 212 -194 -49 184 101 247 -166 134 153 -95 -250 71 -110 159 -72 -214 -79 -31 -124 187 -159 234 -150 136 -143 -113 20 28 73 -164 245 55 -202 -114 -37 -165 -21 -222 226 -238 206 -186 -218 207 85 -14 210 47 -48 -44 -236 224 199 107 -36 116 -207 197 10 -246 -198 96 -46 105 -129 -204 -140 -70 -57 -153 54 -231 -8 -128 193 -160 16 -80 -215 -102 208 -144 115 64 41 -187 235 17 233 -182 -109 -107 -3 192 228 -195 -229 242 204 181 -141 196 -16 51 248 97 -212 83 -55 -142 -138 166 -234 26 -112 -117 59 -126 195 -240 111 29 67 -183 50 145 -151 -188 -152 -96 150 230 88 95 -41 -106 -149 -104 -205 -146 113 36 -15 -178 -155 -147 171 -11 -99 221 -192 -22 21 61 11 186 27 -40 33 161 124 168 -156 -52 120 2 4 65 106 -27 144 84 109 -32 -51 -191 -1 -19 -71 176 30 -171 -217 103 -200 118 231 -12 219 238 225 -105 155 56 223 239 78 75 45 154 183 -6 -120 86 -56 
TEST 136 ARG:154 172 -34 148 243 184 135 -246 -167 -74 -87 -249 74 216 -3 -166 198 -119 -141 247 -241 190 150 -64 227 -175 -46 33 211 105 -211 -123 236 -244 59 -233 -115 170 -136 208 160 -17 -235 156 -20 -188 -161 -229 -91 -124 -58 -146 61 124 171 53 45 -248 -80 -32 -131 70 93 50 -207 -107 224 111 -104 177 -184 -219 200 -220 -53 -130 157 -179 228 -35 -109 137 226 -56 -225 -148 -99 83 34 248 -1 -79 -201 80 -250 39 120 10 95 214 -71 2 12 -198 173 183 -231 20 -82 -182 230 5 -55 72 -24 -126 -22 -145 169 -62 91 197 90 60 -194 56 -33 -70 174 -38 -61 144 68 -106 220 66 0 188 113 -127 239 -177 88 187 159 -214 -100 31 -49 -172 -185 -81 -206 129 -121 -169 -19 -30 62 -9 -93 -8 -69 -191 -150 -27 63 219 -170 -12 107 -47 97 152 48 205 178 -96 -26 114 -128 249 41 -66 -97 -213 141 186 -205 242 -78 -133 196 42 -230 246 -43 231 204 -135 201 -45 -98 165 -113 180 244 75 -154 -112 -144 -86 101 13 -245 -186 15 -95 -84 -54 -31 38 164 182 99 64 -117 -139 -223 24 134 -83 225 -204 51 -40 -178 26 -4 145 -65 202 -190 43 54 -183 161 96 35 -236 32 86 -36 -44 215 181 -221 123 -41 27 19 14 58 94 155 189 -63 -218 142 1 73 36 106 78 -200 -187 84 -88 133 -149 4 -89 -159 206 146 40 130 -238 -108 -122 -237 -174 166 29 -67 168 175 -192 167 71 -59 92 -199 203 102 -147 -132 82 -39 -48 -42 125 -215 138 -242 143 -180 23 -151 213 207 240 -10 -155 -240 -116 158 136 -168 -52 192 193 -162 -23 132 116 17 221 199 -60 -18 -15 -114 -50 -94 81 139 245 -2 162 194 9 -210 -173 103 -234 -120 -157 195 -76 -134 -216 238 104 233 -224 -118 98 115 -102 217 176 121 11 232 -208 37 -196 55 127 22 -110 131 -137 -193 3 209 -14 -152 -111 -165 -21 -197 191 -160 -153 30 87 -239 -227 7 85 -57 69 52 -164 234 -222 47 -5 -72 -138 -156 149 147 119 -7 8 237 -92 -77 -247 89 65 -103 44 223 -140 -163 117 185 118 -171 -105 -232 -189 -228 -195 49 109 -143 57 -28 25 153 179 -29 -11 -181 -158 18 -13 -85 67 229 151 210 110 -209 77 -125 212 128 -75 -90 -212 -142 16 -217 76 100 -243 -176 -101 -68 28 -25 -226 21 112 140 6 235 241 218 -51 79 -37 122 222 -129 -203 -73 163 46 126 108 -16 -202 -6 
TEST 137 ARG:-220 36 -248 -196 110 -36 -115 157 66 32 -221 88 -9 -189 137 -142 92 248 -37 -68 -34 -211 -24 -166 -41 244 -213 -21 -143 160 175 240 -159 10 167 -185 -203 18 38 209 -15 106 -179 16 -110 -126 -180 62 -222 181 -51 -56 -5 -10 226 -132 -118 -207 -103 165 -140 204 -162 -194 41 150 242 151 -131 -73 -190 -164 40 5 -172 -169 185 -85 152 -54 -59 -77 178 -29 158 78 63 -66 183 116 -39 176 27 119 -161 -144 -240 -137 -45 245 72 -84 -239 -93 -7 -28 122 220 -200 -134 -129 97 -111 -38 -181 93 -104 35 -124 -175 4 -234 -43 -80 155 -49 49 -64 -63 136 198 -116 159 -102 143 125 112 172 205 59 -50 200 99 47 -238 233 235 48 109 -86 100 -138 -25 246 -201 50 -192 -35 131 81 -18 135 -160 -72 -218 -165 95 -52 -163 -250 194 153 192 219 -88 -97 111 230 -204 171 -99 24 -227 -4 -100 75 225 -199 8 -191 -215 -120 -241 229 104 60 121 37 28 148 -177 -155 -133 163 126 243 232 174 227 -135 43 130 -13 -58 105 0 6 239 -89 141 -214 123 -136 -108 -245 -2 -98 44 -60 -223 182 164 -233 162 9 -70 -150 142 -105 139 74 -47 -40 96 -81 102 29 3 -106 68 128 211 -74 -42 -30 25 -113 -230 -101 -152 -11 -109 247 222 94 -127 -107 -6 -112 26 -206 30 80 -224 46 161 234 -20 67 -217 -17 236 21 64 213 -158 -76 129 -149 145 90 179 -53 -187 184 -128 -14 -154 -178 -151 2 115 82 58 117 65 191 -174 214 147 -168 89 -119 -141 -167 34 83 -170 237 19 186 31 140 -183 55 -188 -8 42 -225 203 -90 -205 -242 -19 -92 20 -246 114 -87 224 -83 101 85 144 210 -82 138 -57 241 7 -193 61 -171 12 1 -12 -69 199 168 52 51 70 127 113 190 -22 -44 -61 196 14 13 223 -231 188 -182 154 -55 -210 -202 -33 -212 -31 -232 11 56 -48 212 -236 207 -184 195 22 -156 228 -117 79 193 39 57 -226 -147 -125 149 146 197 -26 103 98 -3 132 231 -95 -186 -62 133 -27 -71 120 54 -67 73 -197 17 87 -130 -114 -198 77 221 -244 -145 45 -23 -229 249 -65 208 -237 -243 -32 84 69 15 -94 -157 76 206 166 118 187 53 201 -16 180 91 -146 -46 86 -208 156 177 107 218 217 170 173 -195 -249 238 -235 -228 215 -209 134 169 124 -123 -153 -121 33 -173 -122 -75 -79 23 108 -1 -139 -96 -176 216 -78 -216 -247 71 -91 202 -219 -148 189 
TEST 138 ARG:-15 55 -118 -34 104 -51 10 -2 32 155 187 186 -174 179 166 -140 140 56 30 -249 154 14 -171 107 213 -154 76 -131 116 -125 -73 -91 60 0 -192 192 21 150 -11 100 -94 -145 160 -167 164 246 158 -85 -196 51 1 63 -48 44 249 219 141 -227 -59 201 218 -10 237 -226 45 139 -205 -191 122 -243 -162 -200 -143 -86 113 -16 -130 -4 181 -44 -132 -163 137 196 127 -166 26 40 73 156 48 146 -112 -3 43 -66 -87 -155 -28 78 -159 180 210 13 -80 -187 -101 47 -183 163 169 -56 64 52 231 -22 -110 -221 -160 -63 72 170 217 -26 -153 -238 31 -117 -173 4 -206 -220 -230 19 -58 -9 103 -42 -108 -54 85 183 -121 83 57 229 -239 -149 -181 -46 214 -188 -93 65 -92 -72 16 -68 -52 211 20 58 93 130 -24 244 168 222 -161 -104 191 -107 -195 29 49 147 -194 204 173 -232 136 242 -233 -113 -234 -8 50 -169 125 190 -96 248 -115 -151 -36 172 195 -225 -55 199 90 178 -156 132 -6 91 38 215 171 238 -37 -128 162 117 -182 -172 -240 -123 -137 75 -247 225 89 -47 243 -184 -216 17 -217 34 41 22 69 66 -178 112 144 -23 35 39 18 -105 -245 -250 -177 -97 110 151 -60 -199 152 -185 232 -49 -157 77 -77 -71 -152 -197 -219 -189 -75 235 -70 -190 28 -136 240 198 157 124 -40 101 -224 -176 -198 -100 220 7 194 -88 6 -119 -129 95 161 -78 -76 2 -38 245 -212 -246 -127 -214 -103 -29 -209 -124 188 54 223 121 -82 135 148 142 153 184 -45 -53 -18 120 119 -13 123 11 74 -142 -27 226 203 -231 37 133 177 167 -203 205 207 -17 -248 -99 33 71 -33 189 239 176 -31 -213 -180 -74 -95 -102 -175 102 80 -179 -111 174 -138 234 -237 111 -146 109 -168 -79 114 8 68 -208 -35 106 5 131 -164 126 -158 -144 -43 -207 -222 -62 98 -236 165 -106 84 206 118 97 -12 82 227 233 159 149 224 241 59 23 -83 -223 134 87 94 -114 208 -5 247 3 138 221 -218 96 67 128 -148 -150 -186 61 27 92 175 -21 79 129 -141 70 -81 9 62 -67 -39 -211 200 185 -122 -20 -229 197 -1 -133 108 -120 53 42 -84 -14 -170 236 -139 -241 -135 46 -215 -202 88 -41 -89 202 -69 182 -32 -65 -204 -201 25 36 15 81 -116 -126 24 193 212 230 105 99 -165 -147 -98 12 -57 -7 -242 216 -30 -19 -228 -25 115 145 -109 -193 -134 228 209 -90 -235 -64 -244 86 -50 -61 -210 143 
TEST 139 ARG:-4 -176 -75 11 -22 -23 105 -117 192 -163 -72 111 98 90 243 -119 -245 13 46 236 -100 -171 -47 -31 148 -235 -56 16 -130 164 37 226 173 -183 -27 -149 43 -203 32 220 54 -157 -113 -175 -67 -96 -234 42 110 -49 -226 40 -102 239 169 -90 83 191 -197 -224 160 235 -227 51 60 -84 -16 81 129 71 184 -161 136 -112 213 10 229 87 -109 0 249 -169 69 -242 67 -165 -33 -94 -65 -239 -26 128 -93 -150 161 -218 -186 59 57 -15 -247 -101 237 7 -213 -50 53 2 155 121 -46 209 -210 -110 -200 12 -179 189 195 -243 -122 -81 -6 -145 -177 36 140 171 -220 188 -211 -168 -38 211 -14 -36 -37 76 152 30 41 48 -39 -45 166 133 167 -9 -17 146 -41 -143 -5 162 97 178 233 -62 131 -192 124 106 -92 -53 -43 -207 -160 196 -205 149 -153 231 21 113 84 -167 3 221 -89 122 214 -202 -127 115 -51 206 183 -209 -238 -206 -230 -132 -215 104 -25 199 175 -80 4 234 222 95 -115 127 -241 -222 -91 -126 -233 -142 -158 -88 25 118 44 -82 -193 15 -12 -198 102 -73 -30 -236 193 156 227 205 -231 -70 -221 202 91 -155 179 244 31 -174 203 -7 187 -58 137 -103 197 174 65 -208 117 165 -8 125 8 94 -134 72 23 144 114 159 -159 -48 194 217 -216 -86 215 139 190 -246 64 38 -182 -147 240 -124 -20 -118 -18 107 -54 70 151 -29 -250 24 -199 -11 -139 -1 -170 17 -76 26 -188 -204 -137 18 163 -99 201 -98 -79 218 -97 130 86 -194 -162 -105 228 -136 -3 -55 109 -66 49 79 245 119 -19 172 78 147 28 -196 -78 -106 -201 135 -189 -63 -151 108 -248 224 103 19 34 -74 238 -140 -87 -129 185 -111 -190 -32 247 -52 45 99 -185 50 93 52 181 58 208 74 -195 -10 -187 73 210 -229 -144 219 -95 180 212 232 143 5 -133 141 33 77 -34 134 29 -104 176 -28 158 -2 75 198 241 -219 -121 -184 100 88 -44 -148 68 66 63 -57 -164 150 -178 116 -154 -244 -214 -64 20 -237 -172 -125 92 -240 -42 -173 -138 132 -71 6 182 47 -146 -181 55 -68 1 120 -85 -35 -120 -13 -24 101 62 126 -114 157 27 223 216 153 246 -249 -108 -225 142 -69 9 -166 22 56 -212 154 -180 225 -116 123 -217 204 -40 -191 -83 -128 -223 177 35 -152 14 200 -156 -21 39 82 -77 248 138 207 145 -107 230 89 168 -232 186 242 112 -60 -59 -131 170 96 -228 -141 -61 -123 85 80 -135 61 
TEST 140 ARG:-167 -177 -71 19 -145 -232 -119 18 -110 -31 142 -75 -87 211 2 32 -107 39 -181 37 116 -5 38 137 222 -25 179 -239 -197 -109 136 -136 106 149 52 -29 -46 220 -84 246 226 145 11 218 84 205 80 -124 -85 51 -15 -12 130 -202 238 -92 228 -93 167 85 -150 -155 -185 111 12 -165 97 -161 163 43 -208 -27 10 -218 -53 143 46 89 150 171 -44 68 -166 23 83 99 -226 198 -184 184 -17 164 225 67 -148 -244 -198 -61 -201 79 -234 -77 -140 -195 66 -42 189 216 -194 31 54 75 -86 -72 -220 22 177 105 -223 -142 -115 -65 60 -98 -162 212 207 -13 72 -237 -57 81 24 -9 109 153 -39 35 13 53 -30 -214 -143 14 -160 223 -70 -56 -24 -132 -112 86 -192 248 -219 -146 62 -241 -82 236 17 -182 227 -228 -14 -205 42 249 135 56 224 33 141 192 233 59 -204 -175 154 115 34 204 102 48 -231 -45 203 -10 213 117 26 -32 -156 -171 178 -88 -152 -1 208 -144 232 -91 214 82 -108 -90 183 103 -230 -186 231 -117 -187 -37 8 114 7 -26 -114 27 65 170 -126 -73 -221 -139 -130 -164 -106 -50 88 -170 -169 -172 148 217 -34 -154 3 108 16 112 -206 -68 -212 -8 47 -76 234 197 20 90 100 -200 241 182 -6 -138 -60 133 -216 -224 -62 -55 58 151 159 -52 219 166 173 -151 -74 -21 50 -217 -54 201 -49 -233 -66 -209 186 185 -238 -11 210 21 -159 -7 244 -215 98 1 4 113 36 -189 -16 76 107 -20 -158 -149 -28 -250 209 -113 49 -128 29 168 -153 -59 69 -81 -95 160 124 0 -96 57 144 -105 -180 -18 175 -147 190 77 -100 118 78 202 94 -111 -116 -141 187 -120 120 157 129 -131 195 -2 110 96 30 -134 -79 221 140 87 -80 119 -176 -22 165 239 169 245 132 -101 -67 -210 180 -235 -229 -89 -196 15 158 215 -19 101 -248 -23 196 230 -213 74 70 147 -102 122 152 -168 194 -122 -245 -94 -227 -127 191 -183 -174 127 -236 -246 139 -58 -240 -64 55 -173 -121 134 91 73 -211 174 -104 162 92 -203 -137 193 -193 188 95 235 156 61 -33 -157 9 -4 -125 -178 -38 -123 25 243 -47 -99 229 247 121 200 40 181 -242 237 206 41 126 172 -51 6 -35 -103 5 -207 240 -41 -3 199 -247 -83 -133 -63 93 -163 63 -69 -97 -249 128 242 -199 161 138 -225 -179 -191 176 -135 146 44 -48 64 -243 -222 125 123 -188 -190 28 -43 71 45 -40 -36 -118 -78 -129 131 155 104 
TEST 141 ARG:41 -137 170 -167 -234 -170 114 -116 -244 -11 -141 223 -222 -206 227 -172 -200 217 -42 -151 -74 -12 181 -233 146 60 -27 -176 89 -242 -16 212 159 199 -143 -76 197 248 -86 -193 93 211 224 -10 -2 108 -25 -71 245 84 -204 65 -67 -89 -185 -177 116 -78 206 -106 -29 -186 -85 23 -30 71 145 -173 -159 156 111 176 72 188 -87 -125 24 80 90 234 15 190 1 -69 -77 -161 -1 -237 -19 -66 239 -208 -189 124 39 110 138 171 16 79 44 140 -79 31 19 -131 -168 -209 147 -104 -230 -240 -65 -3 -36 -126 -64 236 131 -83 -162 -144 -113 240 -178 -101 222 -147 -182 153 -35 -121 58 -31 129 175 -231 -171 155 187 83 214 56 42 -169 -88 -175 -153 -41 -111 -218 -158 162 76 238 13 -52 49 11 -6 59 29 -18 -236 182 -112 -91 -44 96 180 139 220 -4 169 -97 -46 -114 148 163 -164 4 -57 -95 -213 -120 -130 228 61 30 151 -184 130 17 178 174 -211 -100 -40 -5 97 62 -226 105 99 112 -135 242 77 122 160 -138 32 -227 194 152 215 64 -34 -146 -191 125 109 2 27 185 149 -84 -26 186 128 -93 75 -9 -45 -215 219 45 -21 -192 92 -38 21 198 94 -119 205 134 201 -232 209 210 -129 63 70 -61 207 -103 179 132 -238 115 -202 22 35 66 -72 -124 107 102 126 -134 120 -92 -190 173 -239 233 -214 230 -246 -123 -54 18 -221 -14 167 -229 136 218 -157 -198 28 -39 247 -73 117 154 221 158 -174 -80 87 241 -160 10 26 -235 8 193 -201 -180 -212 36 184 78 -98 137 -205 243 81 68 225 -224 -8 -188 86 231 73 -216 -154 46 82 -183 168 -165 -110 232 -248 106 192 135 -107 196 -149 -118 5 -145 -181 -136 127 -228 -43 -7 103 -22 74 -194 216 51 57 -249 -117 118 133 249 104 -94 98 121 -250 -132 6 -187 -99 -197 157 88 -37 235 166 38 -33 37 -210 123 203 143 -13 -115 -20 208 -225 -243 -50 204 -49 40 -155 -55 244 -23 25 -75 69 -223 7 -122 -108 -82 -142 -199 144 12 55 43 -28 165 -60 -81 67 229 213 -48 -133 -96 101 -128 -166 -207 200 48 246 141 47 -203 50 150 -163 -68 -195 -109 202 20 -15 -59 -105 -152 -156 95 -47 -17 -53 -90 -217 142 -56 113 177 189 172 53 195 -102 -139 -24 34 191 226 -196 -247 164 -241 -219 -140 -51 14 -70 161 52 54 33 -150 9 -127 -245 -179 -62 -148 -63 237 3 -32 119 100 -220 91 183 -58 0 85 
TEST 142 ARG:230 -67 -157 202 -90 -238 -221 0 178 -189 -121 -179 143 225 36 -65 83 -139 238 -60 -45 206 -222 7 -227 16 44 114 -102 -100 91 -75 -164 2 -53 34 139 229 98 26 -49 10 -216 -24 -91 -183 -211 152 -99 67 -88 -250 -47 -134 29 22 -176 61 -230 -225 -54 170 87 -235 106 135 215 97 37 -171 -66 -7 -142 160 46 -16 -40 84 -148 100 -18 5 197 147 -32 -3 74 112 128 -156 -26 -72 191 -131 -95 -120 66 -85 155 -153 -28 -162 -25 95 15 12 -130 -145 132 200 240 -190 208 -236 115 55 -44 -159 201 -220 216 -160 105 213 48 180 -79 175 20 109 4 -39 186 -56 38 120 -89 223 -12 113 185 222 183 -202 -206 94 -141 -74 21 -174 103 171 -119 248 -136 -241 -173 -181 156 64 176 -185 57 -149 -132 -117 -112 -192 153 243 -226 -163 -61 -118 59 130 -73 227 54 165 -172 -68 -87 -110 -84 3 122 -109 -111 -70 -71 -27 88 -106 -166 81 126 25 -5 -168 221 -186 -237 108 169 140 -82 -101 205 -103 -195 -204 -81 -15 -231 231 -21 -13 -80 -78 -140 -199 31 -178 -115 -59 96 -2 136 -214 214 -246 -137 -124 -55 -96 -9 173 117 71 217 -46 207 247 14 73 70 -207 -123 -158 -42 72 101 -233 -248 -191 -125 -154 133 179 58 -41 -187 85 -152 -114 102 -201 -200 18 39 -175 218 -51 68 60 181 32 -63 51 145 174 -69 -126 -92 158 246 -93 107 148 99 6 50 196 -135 162 -165 -229 182 -219 -240 -105 13 -37 149 154 119 -113 134 -209 78 -29 75 234 -86 76 110 232 -1 150 -19 -203 157 172 244 104 -210 93 242 -215 19 237 211 -249 209 -169 -6 226 184 -122 146 204 235 -62 144 80 190 -184 -182 121 -243 111 224 24 168 -147 137 -224 -188 -10 -223 203 187 -133 69 195 -77 17 212 -107 161 239 118 -138 -34 82 198 30 219 62 177 -104 193 -64 138 -218 124 -198 -14 -83 -161 -23 77 142 -194 35 151 -76 -129 53 192 -217 -228 -38 56 -146 233 -234 -212 -155 188 -197 159 49 -36 -244 -167 163 23 194 245 11 -8 -57 52 -247 43 127 86 -20 131 41 199 116 -48 -239 45 -180 28 123 -58 228 -151 -150 27 -144 -31 -177 -127 -33 189 129 141 -50 -242 33 -22 167 -52 -94 241 -213 40 -4 79 90 -108 -98 42 210 92 -43 9 -17 166 -245 -116 -11 236 -205 -97 -143 164 -128 8 -30 -208 -35 125 -196 47 -193 -170 220 -232 89 65 249 1 63 
TEST 143 ARG:32 3 187 -12 4 -75 23 140 -250 -84 -110 175 -82 71 41 -219 37 76 -118 203 157 241 0 222 191 221 -80 -106 -200 -173 -187 182 202 95 -123 225 186 -73 9 14 8 244 -225 19 -247 -141 195 -105 -13 -138 229 169 152 -231 223 -162 -242 199 -99 153 212 -114 -148 -4 -153 40 209 219 -166 -37 -218 -122 90 -22 210 56 185 -115 -194 112 92 -111 -5 170 -78 205 -97 184 -185 -172 -239 77 -144 136 -83 -38 -238 -196 -50 -30 61 30 98 -55 -245 11 149 190 -132 -21 -170 -158 -44 53 47 144 79 -95 -205 -39 27 74 -117 -244 15 75 -61 198 155 194 -45 -28 -10 -182 -15 21 197 245 183 -143 -31 -8 -121 18 204 -35 232 228 -52 156 81 -240 161 93 46 -159 -40 -223 238 94 -68 -76 89 247 168 68 189 233 -116 -232 35 63 54 -112 -195 -157 -236 237 -42 207 29 -135 -230 64 240 -235 -209 17 65 73 16 107 10 -207 -98 124 -67 20 162 177 160 -210 -46 -127 -179 2 -128 -91 -189 49 -107 -92 88 -100 -120 -168 39 -49 165 -3 103 -41 12 242 -54 85 215 -69 128 -234 -60 213 -140 -20 36 -211 117 158 -103 -145 -226 116 147 211 52 80 97 -130 -27 66 -33 235 -249 -94 -213 243 -217 132 -208 145 111 181 109 -62 -133 -183 200 -124 -193 -34 101 224 -71 -29 -190 -79 218 43 119 -126 38 -36 -149 -155 -93 -201 -246 -214 -96 150 -53 -102 -51 6 201 -169 -16 -14 82 166 55 86 -19 163 -228 -221 -77 33 248 51 -142 -101 118 125 -86 34 -197 5 167 59 123 -59 -108 114 226 -227 102 72 -237 -85 -241 69 135 -233 127 173 139 220 -43 131 -156 141 -147 208 45 44 25 -11 -178 -243 100 120 -191 -136 78 22 159 -192 142 172 -204 57 -161 99 227 134 -198 230 -17 106 -64 180 24 137 -109 154 -90 -146 -203 -175 -63 129 236 -74 -154 -89 -220 -88 108 -248 -48 48 -150 -7 60 217 -215 -212 7 179 -164 146 -131 83 174 28 -181 246 143 58 -32 -87 -163 110 239 133 -24 -134 70 -160 -9 -66 176 -72 126 -176 -167 -186 164 216 -26 -23 -180 -113 -229 -1 96 -151 231 -129 249 -2 -125 13 115 -65 105 -216 87 -58 31 42 50 -18 -165 193 -184 -202 171 234 214 -6 26 84 -57 -222 113 91 148 130 122 -56 -206 1 -139 -171 -104 104 -25 -119 -152 -47 196 -199 -137 151 192 -174 206 -188 -81 -70 -224 -177 188 178 138 121 62 67 
TEST 144 ARG:192 -8 -233 239 181 242 57 249 171 -211 -17 91 241 24 -229 129 16 -37 -241 180 -208 189 -152 -26 0 147 132 77 -121 -134 -63 59 -54 -9 -89 -64 127 -226 27 244 -199 207 -172 19 -204 7 226 -117 122 103 -75 73 141 -49 243 101 -100 191 35 231 148 72 96 81 106 188 52 -126 -138 -236 217 -51 -227 233 10 -69 -20 11 -40 -42 -57 205 -216 -160 -74 197 61 -243 -108 -168 248 126 1 -83 234 109 63 79 -192 201 135 112 20 -23 173 -178 182 199 -53 -235 -141 -124 123 -225 98 230 -123 -88 168 -213 -41 -228 -29 18 -52 158 48 -159 246 -22 157 -96 203 23 -250 -232 -222 97 -157 120 -112 198 -217 166 -16 -111 -3 162 -221 -149 110 -60 9 13 107 102 190 227 -28 -215 -38 206 144 56 -81 140 236 -102 -77 -70 -182 -194 -171 -59 25 212 -39 -105 50 43 -71 17 -122 -162 142 -84 42 -154 -230 64 128 78 117 -151 74 -110 28 -166 -48 184 -31 240 -137 -197 -97 138 -92 153 3 85 -30 130 46 -167 172 -175 247 -46 -127 -188 -210 99 131 176 80 218 219 -82 -76 34 -116 -109 21 -248 -203 47 245 -200 -153 -143 174 -169 -139 36 149 -144 -99 114 22 119 -86 200 -155 -158 -118 -50 143 235 238 -113 -196 -187 -202 -164 159 95 -7 -107 -24 -68 -212 -43 -145 75 -131 133 30 -80 225 54 -207 136 -98 104 12 93 -36 -185 -245 -247 220 -104 -78 221 -165 -87 108 214 -125 -15 -129 -161 -44 -170 -193 167 -150 -242 -140 -239 -25 211 150 40 -244 124 60 -91 89 41 -72 116 -195 151 -186 170 178 -114 -148 -237 -147 84 -47 -173 -206 44 37 -58 -231 -56 163 70 -14 100 -189 179 -120 210 204 -19 222 111 164 208 137 -103 67 66 -106 -65 194 229 31 161 187 38 39 -238 -34 88 45 -94 -128 193 237 134 49 -135 -115 -190 -163 105 -146 8 -249 121 -1 -55 -11 -13 -67 155 2 -214 -223 185 4 86 82 118 224 223 113 26 14 -240 -156 -66 213 -32 15 139 -219 32 -35 69 -62 196 51 186 -95 -2 177 -180 -85 -177 55 -79 160 -209 232 -220 209 -191 58 68 -176 -73 -93 53 6 -90 183 -5 156 -119 115 94 -130 216 165 152 228 -218 71 -133 -132 87 -10 90 83 -174 154 -201 65 215 5 33 -18 169 -27 -142 -12 -183 -4 146 29 -205 125 202 -6 -61 -33 -21 145 -179 -198 92 195 62 -234 -101 76 -45 -181 -224 -136 -184 175 -246 
TEST 145 ARG:227 -57 -250 249 -47 -171 -176 35 -97 184 -96 169 -79 -93 122 92 96 -67 -242 178 47 212 -194 12 -159 107 -13 17 -209 -144 241 -195 -174 186 -81 199 22 -148 113 240 39 4 -181 -160 154 -104 -101 95 100 246 32 -34 232 -239 -240 116 -158 -105 84 -186 -95 66 99 44 -155 72 126 115 70 -37 112 219 -217 64 151 130 87 -91 213 81 187 -71 29 88 -33 -55 -203 -170 -80 127 -88 247 -108 -244 51 168 -63 177 193 207 -228 -26 110 15 76 215 53 -113 11 -28 20 214 -50 101 -65 205 18 -68 -212 -123 157 -19 -122 6 -200 -167 118 -225 218 -223 28 -220 229 26 105 133 -45 234 222 159 -11 102 109 164 -233 -53 80 79 -143 -100 -232 52 -175 216 224 -180 192 -59 182 -84 142 -114 -1 -85 -243 132 -149 -237 -142 244 220 150 -64 -110 -94 -41 -191 -115 119 230 200 165 179 217 -15 -61 189 -117 9 -227 228 73 -138 -52 97 237 -226 74 -207 138 -6 155 3 -76 163 -189 -208 202 10 -22 86 144 183 131 30 -165 -214 134 55 -241 -163 -35 -21 -10 57 -29 208 -78 -177 -112 -187 -206 236 48 -106 77 -44 -103 -140 14 -5 -46 16 -16 90 60 -7 -2 -32 89 -235 221 34 -218 143 -20 -249 7 -151 167 -125 -168 43 -146 -198 -247 -30 201 -192 -14 171 -190 -133 82 -82 -131 -38 -99 106 111 185 -48 -54 -221 -69 235 128 198 -229 -216 196 -43 -205 -3 -139 85 -27 -230 -36 141 8 91 -119 -86 -248 -102 226 -201 108 -136 153 149 -12 -193 69 -246 31 -157 -145 37 5 137 -39 -58 -70 156 180 -161 -188 1 -199 -111 248 -31 -172 146 -219 161 -231 13 197 23 -154 -185 -73 -184 -173 -179 -56 -150 40 56 46 50 245 27 -87 121 195 -224 -236 117 -245 -153 -92 139 -137 25 145 -127 -147 203 -211 172 -49 152 -183 -238 166 225 78 65 -215 98 170 120 125 -152 210 242 0 135 -182 -109 147 36 231 -8 -90 239 42 -18 129 -210 75 -75 160 -72 -204 223 -169 45 194 176 181 19 -42 -164 173 -66 94 38 204 -166 175 206 191 -83 83 103 -130 -124 -120 -213 124 158 162 -116 -234 -196 2 -129 -25 63 58 -24 67 233 -60 -141 -62 190 33 -51 59 -134 62 123 -118 -89 -128 -121 -74 -197 -40 71 -77 21 -9 211 140 54 93 49 -132 41 104 24 174 -202 -126 188 -98 209 136 -222 -4 -17 -162 -178 238 -135 68 -23 243 114 148 -107 -156 61 
TEST 146 ARG:99 -62 -3 223 -233 242 -140 193 -173 146 -89 117 -207 4 -178 187 138 26 -85 -155 219 -77 184 -198 -229 -129 67 -76 147 -121 -112 42 106 53 192 10 -91 -192 -216 249 -131 175 -21 -27 2 128 246 -71 76 -73 -95 -86 -152 66 -150 -214 -120 36 167 -212 142 -11 -24 92 68 -28 201 -205 -201 78 -20 17 14 -60 43 57 -181 -147 -215 -64 52 -223 -15 -164 -81 -230 9 -93 -57 -36 -26 56 82 -220 75 213 -235 101 -41 48 230 65 -59 8 -242 -209 172 -159 87 -183 -166 157 240 -42 -94 177 -148 -53 100 -65 125 -25 98 119 94 -6 45 -247 -125 20 -35 156 231 -108 39 38 -130 -23 -231 198 -177 236 153 -105 -30 102 -79 77 -132 7 -50 -2 247 51 -224 -191 -218 188 -211 -109 248 -45 -236 69 169 1 131 124 -69 103 -175 132 91 129 44 31 -221 -184 110 194 -1 215 40 -185 166 -38 -54 -49 -193 -39 -7 191 -196 165 170 -63 189 212 -149 -160 29 -156 -169 -18 -106 -119 3 150 -180 19 216 -48 35 222 185 60 -188 116 22 -151 178 -161 -56 -202 24 -154 238 226 41 -99 173 -118 59 209 -43 18 -206 202 -172 -168 -171 152 61 -75 -46 -90 168 134 50 -195 -113 -210 127 -187 -116 -136 79 174 109 151 -107 -80 107 -248 -101 197 -137 -203 228 143 37 -104 118 229 -176 58 -250 -190 -240 -145 -245 -17 -222 163 122 112 -174 83 -82 54 108 73 -61 15 -208 28 -199 13 130 -157 23 207 139 -189 221 -12 -128 30 162 -96 182 224 -117 136 200 -83 -31 85 179 126 123 12 -47 -52 -204 11 120 220 46 -200 -167 -232 -66 -16 34 155 -134 -67 -55 -133 -244 -158 -139 -72 -51 -141 95 113 -249 148 -123 -186 55 62 243 86 241 183 -124 135 235 -153 -19 -92 104 -44 196 81 154 233 -100 -122 121 -213 -87 -88 80 144 -5 206 199 -226 -243 205 171 -170 -146 -115 141 -142 244 140 -163 232 25 208 195 -246 -179 176 -33 -9 -165 -135 217 89 5 -97 204 114 84 -143 227 -111 225 -138 214 -126 111 16 -78 158 -182 -237 -68 -219 70 -239 133 -241 -102 145 33 210 137 -227 -194 -84 186 -13 160 -8 203 -74 -234 218 245 -162 -228 96 97 161 32 237 88 -22 6 211 -58 -40 72 -144 190 -238 239 -217 49 -70 -10 -103 181 -114 -34 164 90 -29 -127 93 -4 27 159 64 -37 -225 234 -197 0 149 47 -14 21 115 105 -98 74 71 180 -110 63 -32 
TEST 147 ARG:17 240 180 80 -74 106 41 37 -16 -43 40 6 -159 88 -21 -86 -248 38 197 -223 -36 222 -54 161 34 152 174 -55 216 122 178 -167 -27 226 171 86 150 -237 207 42 242 133 -119 163 -76 11 229 9 224 65 115 -129 -52 147 -22 93 -10 -181 -235 -62 -18 -175 -176 -85 -100 57 -190 -29 -23 -91 63 146 185 -126 -171 -135 -28 -11 214 173 -13 -61 208 -150 -42 223 -200 -49 249 -172 -110 -133 196 -87 -228 -80 137 25 48 -63 20 -196 -75 94 -44 -24 -182 -224 -242 -165 -113 -3 140 200 132 172 3 -92 -109 -241 221 246 69 119 -202 199 13 -157 -53 234 -57 -32 231 -4 -60 74 70 72 83 -152 1 30 79 27 85 100 77 -151 -197 -166 -70 -227 4 -95 -123 -98 -188 -217 -209 165 243 103 -35 190 -184 -131 -115 -162 -97 136 56 134 -163 -120 -179 67 -31 118 -164 219 75 -121 5 -64 53 -41 135 217 -56 175 -122 45 -136 -69 -12 -34 62 -246 179 -112 195 202 126 -84 -46 -58 -38 98 -142 -68 -215 -194 176 215 -17 -67 233 188 236 192 -101 33 -96 -144 -65 124 -203 -94 71 144 66 212 155 -232 -128 -219 26 230 139 -238 39 -199 -173 141 52 206 -47 -37 237 247 131 183 110 29 -118 -137 82 -222 -51 220 -50 -218 127 209 149 239 109 -59 -189 162 170 241 18 -71 245 -124 -15 -226 99 -1 78 -168 -234 -139 59 -160 91 160 -211 -66 -125 61 -216 12 -193 -231 -178 19 -103 -72 164 228 159 -158 -130 58 -170 43 168 14 28 -107 227 -39 -114 194 -105 -195 235 -230 -20 128 153 182 -106 -6 96 -26 -239 -183 -81 -93 116 44 92 101 -161 47 169 -116 -192 187 76 -212 73 112 181 204 -88 158 -7 -247 50 167 -89 -148 -147 -146 -153 117 198 148 -169 -111 -48 -19 -79 138 248 -185 -33 -205 105 177 205 102 186 16 -141 143 35 -140 121 -145 -82 193 -207 -149 -2 -213 114 -90 -236 -30 125 -156 218 60 -14 -9 31 -138 64 8 123 -132 -245 81 -221 0 154 10 120 -108 201 184 203 -214 111 -73 156 -134 -240 -206 225 -177 46 238 232 15 49 36 108 -250 -78 87 191 97 68 90 -244 -249 142 -77 244 -143 -198 84 -191 104 21 -155 -174 -229 -40 -243 -208 -83 151 89 157 -8 -225 54 -102 -99 211 107 32 213 189 51 7 -187 113 -5 -210 23 -25 145 130 -117 -186 24 22 -45 -154 -127 -180 55 -201 -220 2 129 95 210 -233 -104 -204 166 
TEST 148 ARG:-211 33 96 -87 -30 -150 -8 196 -18 -21 -65 -53 -99 225 -191 220 -10 126 -23 150 104 39 223 -47 -105 42 -126 156 88 -161 230 205 94 37 85 148 -85 62 -81 14 121 236 -11 -3 -173 -95 -25 -230 -216 244 178 131 242 214 47 -15 -195 -168 -107 -88 108 -235 -181 -82 57 -119 139 80 112 70 -228 6 67 92 -177 -6 -54 63 211 136 237 180 145 127 -106 -141 115 152 195 203 9 26 249 217 -175 201 -109 -138 -169 197 111 -156 2 87 208 15 -166 -79 -128 97 74 -217 153 193 -158 78 224 61 105 34 3 -31 -147 93 221 -186 -155 216 191 -127 71 147 142 -199 107 231 -145 -61 -214 0 -73 167 -39 -219 174 -49 -60 -185 51 35 72 -12 -29 -249 -50 -68 -160 -224 -227 -170 -176 -162 -148 -93 188 -245 102 -86 49 -36 204 132 159 176 91 29 -140 50 -225 219 86 -250 240 -174 -142 -118 130 44 -17 146 23 -13 11 28 246 227 -129 228 166 -164 120 -152 182 192 170 -205 -112 -188 68 24 -7 82 -229 123 -208 -206 -77 16 -247 32 165 13 -133 -184 -130 -41 -192 76 171 110 -58 -46 83 207 -101 134 103 -178 -64 199 -157 73 162 200 248 172 4 -19 -104 -100 -78 -242 177 189 -154 52 -193 48 194 -122 -153 -72 -74 109 -115 -16 184 212 46 -14 65 144 -212 -2 -83 169 -121 -163 -172 114 133 239 -38 55 -37 -136 -146 -110 -189 -243 -59 36 95 215 -27 222 12 -180 18 117 245 -24 206 -124 -114 54 30 -117 175 -203 81 -57 10 -4 21 17 -232 151 -90 98 209 157 129 -209 -197 -98 234 137 -226 45 -66 -28 187 -198 106 -234 160 -111 -139 210 -241 -202 -44 -1 202 135 -215 -137 -207 -120 -183 118 -238 179 -223 190 41 -213 43 -201 -171 -22 19 -131 89 128 168 101 -48 161 218 -218 -135 238 183 173 90 213 226 247 -151 164 -102 66 -94 -179 -231 -89 -67 -63 -33 154 -92 198 233 -76 -42 -221 22 31 -149 -103 -26 -143 59 -237 243 -244 -182 99 75 79 38 140 84 -194 -167 40 -204 143 -35 -196 -43 119 -134 -190 -248 -240 100 -96 69 -236 56 -200 235 -9 -5 53 185 -132 20 27 -220 64 -75 -246 149 -210 141 232 8 7 -62 -91 116 186 -113 163 60 -40 158 155 -69 5 -84 -56 125 -187 -239 25 58 -34 -97 -108 -159 181 -32 -116 229 -233 122 -52 1 113 -125 241 -55 -45 124 -80 -123 -20 138 -144 77 -70 -165 -51 -222 -71 
TEST 149 ARG:-238 -100 243 -70 238 -229 -140 222 81 -193 -232 155 123 -40 -185 38 133 41 232 1 83 130 216 180 145 67 75 -243 181 231 46 -147 229 -16 64 -80 -135 -167 -29 -62 -224 233 -54 177 134 -116 -213 246 -175 194 19 206 193 183 -25 27 109 141 218 -218 -97 -52 96 -159 -33 -23 214 -57 -112 -32 99 -68 91 -58 -60 144 -118 -196 22 102 -45 -141 -250 -55 -67 40 -74 -76 -227 65 108 -72 128 -75 -231 -91 114 33 -163 154 -102 217 69 -194 50 -19 77 104 178 12 150 -210 -249 14 120 92 179 149 -110 -85 -177 -43 173 237 -65 -180 2 200 88 -22 171 -201 -207 -44 93 -115 209 185 -88 234 13 -106 -148 -178 -162 -215 -35 -21 -209 23 -228 -149 26 195 199 -46 101 -186 7 48 -101 74 63 -183 4 -4 -241 -179 226 152 223 -156 76 -244 190 122 186 34 105 -79 126 -221 198 230 158 -95 143 236 -197 228 61 9 140 -34 -123 146 -28 -128 136 164 197 -139 135 157 -89 60 -50 -84 -136 165 138 -8 98 -160 112 -202 -93 -153 235 -155 -204 203 -245 168 -119 -51 162 -117 212 28 -248 107 211 57 245 -171 117 227 -134 -53 -191 156 184 -125 161 118 -13 -36 -189 47 131 44 -7 66 -166 -220 -203 10 -24 -192 -14 188 -237 8 -205 -217 219 -96 -142 -81 -31 54 110 -121 -172 -108 18 -129 -198 -184 32 59 100 -9 -30 196 -208 153 -37 70 -223 -48 -39 -90 25 151 204 -12 -1 56 -94 -77 94 -6 89 169 -131 20 -146 163 -18 -235 -174 78 137 182 208 53 207 -10 192 52 84 3 -222 -61 -239 -64 201 129 80 35 -15 -98 -11 5 -132 174 -226 -246 -92 -78 -212 -145 127 30 -181 -247 244 -5 -86 -225 191 -152 90 -73 119 49 87 241 -120 43 0 221 125 113 -113 6 -63 68 -107 -169 31 55 -56 73 45 240 -176 79 -82 -114 -214 139 -173 -154 -105 -165 249 -3 -109 -41 -211 124 -164 167 -126 82 116 -219 -59 -87 142 -144 58 95 121 248 170 -26 -133 72 85 202 -242 -20 -230 71 17 172 -236 24 189 -138 -137 175 16 -150 159 242 213 -103 247 -206 -200 205 111 -158 -83 176 132 -233 15 -111 11 -2 187 -104 225 -234 36 -66 210 97 106 -127 -122 -49 -190 -170 -130 115 220 -124 -187 -17 166 -168 51 215 62 -216 -182 42 -71 -195 239 -143 21 103 -38 -188 -240 -151 148 147 39 -199 86 -99 -47 224 -69 -27 -161 -157 -42 29 160 37 
TEST 150 ARG:190 -133 149 -106 157 72 83 71 -4 -41 180 188 68 -71 44 17 191 181 20 148 81 -58 94 -161 -154 37 93 -229 -22 74 58 207 213 230 132 108 -184 220 -27 -222 41 86 35 -168 203 -208 56 -75 -171 211 -90 -136 130 -225 -79 -212 144 -176 48 115 240 -214 95 -195 50 -159 136 -238 98 -109 84 -2 -105 178 151 236 -115 -140 -170 -132 -233 27 201 208 46 -28 245 -65 -101 -125 -232 -223 28 30 200 -17 -143 138 62 164 -126 -21 61 -250 -142 169 -218 150 -156 -84 -158 -20 92 -194 -60 -193 -116 9 -172 205 52 153 -24 -228 -153 -244 -92 -16 82 -215 197 -73 -204 -3 -23 172 -11 171 105 -45 70 -248 -102 -54 -52 -26 128 162 -89 247 43 -199 77 -43 -36 -1 -190 -117 -192 -66 173 146 -243 -100 -139 -186 116 -83 -191 219 -169 85 -177 -47 126 187 196 -110 16 176 -55 225 -219 -189 -207 183 242 -114 -74 235 238 -119 -44 26 2 -68 88 244 -19 161 -34 226 -246 91 24 165 4 -206 -226 120 -70 38 135 -91 170 134 -57 -129 185 156 -6 -59 22 -93 -46 195 -67 141 177 129 -88 -234 -40 -200 -96 -32 119 10 90 1 -236 209 15 -104 204 110 -235 -76 -220 18 168 31 167 249 216 -64 121 221 215 192 29 69 -149 -213 206 -98 -180 133 -85 -131 147 -138 -164 184 -201 75 237 227 228 229 51 -82 142 57 -163 158 182 -5 127 163 102 14 -87 -173 -145 -35 -7 -167 -69 113 106 155 234 -51 222 -224 65 -118 -124 5 -217 -249 53 -162 212 -179 -202 118 179 -146 -111 210 109 -30 -148 -50 -209 100 7 -130 66 -166 103 -182 89 -178 -216 239 -144 -99 117 -107 -174 -39 -187 152 -245 101 8 33 23 -241 -8 67 54 -56 -175 12 -94 -227 40 137 -150 79 -221 -15 112 114 -157 233 217 -25 -53 -165 199 -61 -42 143 -86 19 -13 -155 -112 -9 145 25 -97 -185 -147 6 -210 224 -160 78 -197 -18 -29 -205 -141 246 -122 45 80 -95 -203 39 73 96 -127 63 202 122 -38 -120 -137 194 47 -31 87 64 -81 32 166 -134 55 174 -198 154 -62 -14 159 231 -103 -80 -108 49 -128 111 -237 -231 -12 -135 -196 -33 -242 -239 232 186 -113 0 214 125 243 198 59 160 97 -240 -78 42 140 123 189 -72 -37 21 -247 99 248 -211 175 3 193 -10 104 34 36 131 -121 -230 13 139 11 -188 60 -63 -123 76 223 -48 107 241 -151 218 124 -49 -181 -77 -183 -152 
TEST 151 ARG:-186 -109 165 24 68 89 130 -212 75 -144 -206 194 100 82 245 56 -10 84 115 212 175 46 -101 -157 -80 234 -105 176 -135 105 -134 -93 -116 128 133 78 108 -103 206 104 15 -230 -184 -242 228 195 -180 0 -225 -218 65 118 126 -229 -68 -46 -196 110 -23 192 -198 -77 221 207 179 -3 9 -228 -146 114 -81 18 -145 4 47 95 11 213 -6 -169 -177 -35 135 162 188 233 226 -190 -12 -223 -239 87 -148 3 -24 145 -166 -8 155 -201 -102 -52 -207 -1 249 -87 -84 -129 -98 -64 -171 -193 -47 246 -205 73 -27 235 185 69 22 -194 -40 -154 34 27 -53 7 60 161 -83 200 180 247 181 -26 -159 107 -76 99 -58 238 229 -42 67 205 191 37 -174 163 201 -234 119 -227 -20 32 223 -183 182 174 -209 209 153 -156 52 159 197 147 122 168 33 -192 -142 214 -247 -161 40 -108 -60 -34 -172 -114 -44 -127 -224 -41 -147 -123 -91 134 -94 178 94 199 -59 -25 -210 -185 -55 -32 70 -124 150 -155 91 -111 -246 16 106 -241 14 -90 222 83 -51 12 236 -125 124 -202 -100 237 -66 -153 127 -167 -233 230 48 202 64 -104 -235 -118 45 19 -110 232 -221 -50 -56 -139 8 -92 -237 -141 -14 -71 -112 -176 111 141 -137 -189 71 25 -211 -88 31 -89 -213 164 149 -82 26 146 -67 224 -243 -37 157 227 242 -187 132 -86 148 -244 -43 -2 54 96 -5 50 41 57 225 -63 138 117 240 244 158 241 -122 -65 190 36 173 167 -236 -85 -179 101 -164 -250 219 -195 -199 -48 74 -173 80 112 -214 -113 211 29 171 -130 62 -240 6 208 -97 -95 -69 -132 49 243 -175 -219 -152 -4 -226 -121 142 -15 44 -79 -99 -182 -61 -222 2 -31 151 21 129 -45 -16 42 -28 28 -73 -128 -29 -149 38 51 35 79 218 -30 172 231 10 217 -49 39 -39 -181 -9 20 5 216 103 -7 86 -231 -203 204 -18 -126 215 196 -220 169 93 139 113 166 -133 -197 -36 183 72 -96 -140 160 125 120 -57 -74 -70 30 177 239 -72 -217 59 137 66 -120 -248 -138 136 -19 -191 1 -238 -38 -17 210 -215 -150 -131 23 186 193 -21 -160 17 -143 -106 -75 -119 -232 -178 -245 189 121 61 -78 13 203 -162 76 143 -249 -22 -115 -200 144 97 220 -204 -170 131 -54 90 184 92 -165 -216 63 187 -33 53 -188 154 170 -208 77 248 88 -163 123 -117 -168 -151 198 85 58 116 102 152 -11 156 43 140 -13 98 109 55 -107 -136 -158 81 -62 
TEST 152 ARG:190 -169 -37 -123 -170 62 -182 -55 197 -69 -118 121 -153 -112 -127 -100 201 211 244 85 -31 -214 144 -77 150 2 -216 -218 61 207 172 136 -99 -242 -202 34 -26 35 235 -233 223 -164 -114 198 -236 69 -8 166 -219 239 -137 -163 5 -63 206 115 -165 -53 -6 -90 -116 -130 143 -50 243 217 -113 138 -35 -13 -189 -136 222 -79 147 68 218 159 -183 38 140 215 89 130 1 81 26 247 123 43 119 67 -145 -154 -161 232 -96 -117 -51 -206 9 24 -239 83 49 57 193 -22 -181 -171 -84 91 3 -237 52 7 93 -82 231 -244 -102 142 -45 59 189 236 105 -178 -149 -151 -54 8 122 75 127 -42 -226 -199 39 -201 -187 184 47 66 209 -124 -162 133 169 77 -65 117 183 246 -196 -128 -29 238 -41 -7 30 176 -229 139 -212 -11 -86 84 226 -23 -232 104 55 80 58 73 -60 94 229 74 -57 155 20 12 -231 -160 65 160 216 196 -15 174 233 134 161 214 118 -74 -246 -66 205 -210 25 -147 87 82 28 -122 98 179 -188 -240 -131 -36 -249 107 101 173 125 199 19 103 -208 -111 -70 -103 227 -27 -174 -67 21 -92 -38 137 79 -198 10 -211 131 -43 114 -106 -223 -143 -91 -205 -2 -81 164 -148 149 48 -227 204 16 -83 40 -138 -159 225 -129 -193 -142 112 -175 -98 -247 230 191 116 -186 -230 -85 245 -217 42 170 126 -134 -204 241 188 -191 -119 221 -126 -48 154 -46 -59 27 167 -17 -14 86 31 92 165 -95 -52 124 158 -1 128 171 36 -228 -166 -144 168 -20 156 -89 102 -221 202 -243 -121 113 182 -245 -110 213 109 54 152 175 -88 14 72 -152 17 -225 -203 -179 -150 -105 237 -125 -107 88 100 -40 -64 -28 129 -39 -209 -194 46 146 -80 -241 -224 141 -197 -184 -139 23 22 -109 -72 106 64 -120 6 -24 151 4 -200 -146 -101 -235 -185 234 219 70 132 29 -56 11 -62 111 157 41 -87 63 180 13 -104 -49 249 -3 -234 44 -73 208 71 -76 -94 32 -5 -10 51 195 -30 76 192 -12 120 97 -222 -78 -97 -158 153 53 50 -25 -190 0 -21 200 -68 162 96 33 -34 60 -140 -61 -215 145 110 242 248 -195 -213 -141 -250 -176 148 -248 -180 181 45 -157 194 -220 -44 163 -75 15 -4 99 -9 -135 -19 -207 224 -155 -18 210 -177 -58 -156 -167 -93 90 -71 -238 108 -173 37 -132 228 95 -168 203 78 -47 177 -115 186 -108 -172 18 -32 -133 -33 56 135 220 187 212 -192 -16 185 240 178 
TEST 153 ARG:248 -111 -139 -196 145 -199 115 106 -9 81 167 213 -171 -113 -28 -226 85 -30 -154 124 -240 129 169 -161 -219 -100 136 152 -112 143 178 184 -35 8 235 199 137 -70 201 -206 58 -233 163 -250 -159 63 215 243 94 66 126 -208 197 -190 -130 -114 -91 10 26 -37 128 104 -87 111 -116 56 -191 144 229 202 134 -221 131 -183 244 -31 158 -134 138 98 -68 53 108 -20 -14 90 -215 25 194 148 24 -6 -19 12 -213 -104 223 206 -178 -88 45 -21 247 -203 -231 -146 82 -137 -166 -189 140 -120 87 241 -122 161 -43 11 190 -204 -46 -81 -65 -237 249 -140 -117 83 -51 -194 -64 95 -133 88 212 50 -38 -50 -7 -45 -67 146 233 96 240 -22 176 -95 -155 -78 -246 -169 200 -97 -109 -17 -55 -115 68 -209 -60 173 188 41 171 -145 -125 -93 44 61 -167 -207 112 -80 28 -59 -193 62 -79 -173 -66 207 227 -119 -84 65 -135 -128 -212 -25 52 211 39 -157 -234 80 -188 84 -92 183 220 -211 79 -150 -244 36 69 91 187 49 -205 -123 239 222 -44 127 67 219 -217 -241 -214 151 -170 3 -158 -138 -63 -39 21 -160 72 205 -200 162 -32 -162 164 208 17 -230 -141 230 225 234 20 22 -41 189 193 -220 186 175 246 -54 -243 -242 16 166 180 55 9 -236 242 185 77 -248 32 0 -165 119 174 40 73 -136 71 -2 -180 -82 -175 224 99 -89 109 38 -197 -27 -235 120 -13 157 135 5 13 -53 -23 -61 -210 -195 -40 172 -18 -143 97 -152 141 149 -1 -85 153 -33 -132 14 238 -74 214 -184 47 226 34 29 -172 46 101 -118 -229 -107 -24 -121 -36 -108 -77 4 18 2 218 -224 195 54 -163 142 -73 -29 -216 -34 48 51 -76 118 -49 182 -249 154 116 57 -225 1 -144 -12 -168 102 -151 -129 232 -185 -48 86 100 -11 -105 179 -239 204 60 76 -5 156 -58 -227 170 210 132 -83 125 -148 -3 -57 -232 245 -99 -52 -110 7 -71 191 59 123 155 -147 228 -101 -69 196 -181 217 -156 159 -247 -198 35 107 64 -42 -174 -153 37 -222 -126 -182 6 -127 70 110 -142 -164 89 165 147 30 117 -186 -8 -192 -106 121 -47 168 43 209 150 -131 114 -187 15 75 -62 198 216 133 23 -56 105 181 -102 -245 -94 -72 -177 -86 -202 -4 237 -90 78 31 27 -238 -228 -201 -75 -176 -26 -98 113 139 177 -16 19 130 221 -10 -103 103 236 160 92 -15 42 -96 231 203 33 93 -179 -218 192 -223 -124 74 122 -149 
TEST 154 ARG:235 -137 178 -71 -91 -239 241 -50 -96 -189 -160 -250 -90 67 -135 -30 -192 196 129 -193 -77 -221 150 -31 -246 153 -202 68 -102 -136 -175 -118 -69 72 139 -39 -48 -89 -112 -110 193 125 -17 -199 134 -94 116 -27 -83 103 -62 144 88 198 -183 -127 -81 20 23 -154 131 132 -245 102 -52 -20 -109 37 -100 218 99 -172 -181 120 -235 -196 100 166 106 -56 -86 7 -63 -113 69 126 -99 243 187 -114 168 189 -19 -9 140 57 233 173 -198 159 -170 -49 -87 -143 211 207 -11 240 146 10 -79 56 94 143 97 229 -65 -180 -47 -159 48 -195 42 54 41 -139 -128 39 148 165 98 -2 -234 238 199 -237 -67 -74 -124 190 95 -16 228 151 -15 22 -4 137 30 -203 -51 194 -105 -158 49 -230 154 -97 62 -42 -220 239 124 -209 -213 -41 38 158 -241 -224 113 -148 110 92 -249 75 4 58 24 -68 40 19 237 -131 130 27 172 -126 -5 155 171 -151 32 167 -116 -210 -82 242 -78 -201 11 73 -54 -66 -200 70 -161 -146 -226 -22 -233 -225 176 109 -103 -197 85 249 -58 227 248 180 -119 170 -6 77 -25 -7 16 -3 247 -21 127 -173 -223 63 213 123 -248 101 -98 212 -163 160 105 -59 66 -145 -242 -134 35 142 -64 246 -178 -37 -212 9 13 183 161 -168 115 1 -125 204 205 118 175 -75 -190 -206 -45 169 226 -84 156 -171 163 -204 -208 -142 -153 -1 245 -76 -177 -92 -240 -23 -247 107 195 12 44 147 43 202 122 -232 -28 136 164 -36 -129 -117 79 50 -133 -32 174 112 -157 -46 -122 201 181 -191 191 89 80 -43 104 21 64 -121 -164 -101 -166 -156 -179 -12 15 -188 -243 -211 53 -184 152 -207 208 -227 91 108 117 177 -85 17 -231 29 222 -165 -70 -229 138 -186 133 -132 55 -187 -244 -149 78 -26 145 -104 216 -182 121 -123 -33 -144 82 -217 179 0 219 220 -141 -115 192 76 18 25 -53 210 -60 -194 -238 61 141 128 200 96 -8 86 -162 45 33 185 162 182 83 -107 111 -205 -120 -218 135 188 5 -29 -138 -18 -95 234 236 206 -61 46 -140 184 -13 -215 -10 119 34 65 -108 -72 197 -111 51 114 230 231 -106 215 -216 -34 81 186 28 14 -214 244 -169 52 223 217 60 -73 -174 157 -80 36 84 31 -44 93 -185 -24 -147 -38 47 -57 209 -14 6 59 -236 -55 -35 -176 71 232 2 -219 -222 221 225 -150 -93 8 3 -167 74 90 -228 -152 -88 87 -40 203 26 -130 214 -155 149 224 
TEST 155 ARG:-207 33 142 -35 102 56 -87 -241 11 105 16 199 -198 -107 38 -28 -192 227 161 201 -61 129 -5 -247 -150 41 -55 -37 -26 39 -103 -181 -128 120 -172 113 157 -215 -165 -184 43 223 233 -17 -173 -238 52 -214 103 99 -240 -46 34 36 32 18 127 42 84 171 104 -237 -142 -193 97 8 59 -151 -219 44 124 27 -170 -44 -180 -29 -95 -64 -160 60 -242 -230 -59 -152 -84 -32 -31 62 114 239 230 -38 -201 -90 -236 216 2 -3 72 69 -22 184 12 177 -147 162 149 219 55 -129 166 -190 -104 -123 4 48 116 -127 156 245 145 -98 210 22 -10 111 240 51 -18 135 -186 -216 -68 -141 -121 197 133 -120 215 188 7 153 198 -222 -250 175 -217 246 -211 -225 -115 -155 -92 -158 -25 -9 -133 -112 -16 -45 217 -89 -81 218 195 -246 -167 -171 139 165 -178 -206 -71 205 -140 -168 -8 110 -199 -56 238 35 -137 -80 -47 -77 -157 -42 -197 182 -48 -76 121 204 131 134 179 24 -132 236 -85 19 46 64 106 -102 -117 -159 122 160 10 -4 -232 242 -144 -67 150 68 91 -24 -33 163 226 212 -189 -188 -135 -34 128 -101 25 196 -108 123 222 63 49 -83 -204 -212 112 -185 -14 17 173 -187 -176 -20 187 -109 -51 202 78 94 -62 26 141 -100 -43 -243 -139 108 213 148 -122 194 174 167 183 82 15 207 109 -125 229 -99 180 -7 -75 47 81 220 189 -249 -97 118 -224 14 100 170 -65 -143 -57 -12 -153 -131 5 -110 -91 -136 54 -205 45 -166 -70 136 228 147 -58 -148 90 -126 -23 65 168 -182 -6 -82 70 -73 101 164 -105 86 -96 -21 176 73 -49 -60 117 77 -195 193 -53 -116 -114 9 -228 -36 247 -231 21 119 -248 -239 125 -208 88 -27 92 50 66 154 200 -229 95 235 130 -111 93 191 -93 98 206 -134 -179 132 140 53 244 -52 -145 96 61 -130 -244 -86 89 241 -233 231 115 -202 -149 243 -200 126 -163 -227 -191 20 143 -39 234 -169 -161 -203 1 -88 -177 79 71 137 -2 178 146 -196 211 -213 0 -162 -174 -221 158 -226 85 -72 185 209 83 74 -19 31 -245 3 -106 67 221 -218 -94 -13 30 -66 203 -183 -113 -118 -146 -54 29 76 151 13 224 144 40 28 -50 225 152 -223 -175 214 -69 -209 -1 -41 -138 -156 -11 159 -154 172 -119 249 23 75 -194 -164 107 -30 186 6 138 190 237 -124 -78 -234 192 -79 -74 58 87 169 -63 -235 208 -15 -210 155 57 80 232 -40 37 -220 248 181 
TEST 156 ARG:73 -189 -149 -31 0 207 77 -225 -219 -76 47 -3 -12 -157 -209 -248 136 -78 43 181 -113 92 -120 127 -29 84 109 -184 -41 239 89 -191 -140 -97 -112 74 -2 -5 -24 40 152 -214 -176 100 193 75 16 -10 104 -144 -165 34 -121 86 21 241 -64 -208 210 56 161 70 -205 108 238 -65 222 155 236 -232 -201 -233 -90 178 173 -212 4 139 -236 99 110 -171 -183 -46 -181 -19 -101 -141 -215 -125 -127 -245 -148 -116 170 -59 219 -14 -114 -145 -224 117 231 -20 87 -211 11 -49 -21 -130 -172 -170 163 165 -216 -98 15 98 50 -131 218 -93 46 -88 -213 27 37 54 243 33 -198 159 188 187 5 -166 52 213 -178 -155 177 36 -50 -174 142 -9 -72 -74 -33 -60 -137 115 -8 -34 29 7 106 -53 20 -199 -118 -103 143 151 -247 145 190 -89 112 -107 -39 30 141 201 -1 -80 -134 248 -129 -238 -151 -163 -218 -193 -83 -40 -30 -36 -194 158 -94 160 -187 91 233 -124 -82 -102 135 -55 -190 -143 85 245 125 26 200 -16 -138 -43 -87 221 -196 -177 -96 204 199 -26 -81 -111 -91 103 -150 55 -168 22 247 211 18 -250 -86 -25 42 168 49 130 229 196 -52 -63 146 102 171 148 -206 62 169 162 133 230 212 121 129 -159 -85 114 118 205 216 -128 -44 223 122 -139 -235 39 -237 -56 59 72 28 -162 96 123 -220 51 95 154 116 -167 124 198 60 191 10 192 -73 232 -175 -135 -75 -4 180 -104 19 -241 58 195 225 -242 111 -77 83 -136 81 -54 101 -207 -222 78 -109 -126 -99 240 -234 -117 32 -192 -147 189 237 107 -71 -158 -58 -223 120 31 226 -66 -240 176 23 138 -51 -100 -79 183 -217 147 215 -246 185 -11 -42 -227 -173 132 224 217 -61 -7 -164 -202 167 140 208 -228 -160 194 9 53 -239 -92 24 -161 88 1 -185 -197 -84 38 -106 76 -204 17 48 166 65 -188 -37 174 6 -108 -23 67 80 149 153 -179 -132 -95 -133 -186 203 -68 -22 2 128 -69 113 182 41 66 -13 8 -123 206 -28 228 -154 172 -180 -229 -182 44 90 35 -200 94 -195 150 82 -146 214 25 97 220 -231 -249 -226 63 -32 105 -115 -105 -67 61 -57 -62 144 246 79 14 -47 -122 -244 -45 93 131 -221 137 -152 157 -169 57 242 126 202 -243 -38 175 45 71 -27 -110 156 235 -230 -18 227 -156 134 -119 -6 -210 164 244 -142 249 -70 186 68 -153 119 184 234 -203 -48 209 -35 -17 12 3 197 64 69 179 -15 13 
TEST 157 ARG:-202 -224 239 -214 249 -124 -216 246 -112 237 241 132 -42 -53 -155 163 35 -114 -46 70 -6 104 -29 -113 2 -156 208 -80 17 120 216 37 -223 -120 -70 -189 6 86 60 -45 22 1 -240 -76 5 -144 111 -9 -106 -206 115 -168 67 136 100 -28 -152 -125 82 220 -68 55 -18 -176 -195 -62 133 72 -93 179 187 8 -81 -177 -146 -178 -98 -10 38 58 -157 -179 77 149 -175 -151 -221 56 -109 -59 -167 64 -207 199 62 -226 -231 -27 203 45 -237 154 217 -1 76 -95 -107 165 -41 -139 -198 42 109 175 117 112 39 -204 -33 -17 80 247 69 -229 -5 148 -39 182 -143 -249 152 50 81 -110 -191 16 212 78 15 190 9 97 128 -69 66 -133 -154 206 129 85 -35 -13 32 99 -100 158 -210 -183 33 28 229 -158 -131 -163 166 -20 -55 -105 53 181 -74 -118 13 -127 -111 -165 218 151 242 184 176 -19 -186 150 -130 -199 135 -116 171 201 -232 196 -108 -60 34 -126 -142 233 -54 44 -208 -86 123 134 -67 164 144 125 -171 91 -211 -246 -217 83 -174 61 43 48 240 169 47 156 -250 107 92 -200 -56 204 -58 7 -161 -164 -153 -180 -87 -129 227 -36 52 -43 40 141 108 161 51 168 -192 -239 95 -121 -162 -222 197 219 -188 27 214 93 -170 140 -65 -82 -159 118 -148 138 -32 -52 -236 189 101 159 -11 -220 -149 -22 -166 -3 -205 -15 -96 98 232 130 4 -215 -30 0 248 59 122 146 11 65 -233 74 -184 231 124 -128 -71 -92 -37 223 137 225 79 142 -61 -140 245 -147 105 221 238 236 24 -40 -8 18 126 -150 25 -119 -101 174 -23 89 -145 -63 244 103 207 155 213 31 -94 30 -160 -91 -21 -190 -16 198 -212 -75 235 160 -84 -72 -89 167 -64 102 -77 -14 -104 162 -238 -102 -12 57 180 10 63 -50 -132 -243 -85 -138 -181 222 75 127 173 14 -194 -4 194 -228 -187 139 106 96 -135 202 121 228 -122 172 -213 49 -34 -182 -44 177 131 -225 157 192 170 193 -230 114 145 -242 73 41 -134 209 -78 -173 215 -235 3 -244 71 116 -57 119 -115 234 110 153 195 68 -193 -99 94 29 -66 -24 191 23 -83 224 200 243 90 -7 -248 21 -137 -123 -172 20 147 -97 226 87 211 -203 26 -136 -2 46 -103 -227 185 54 -48 -38 -79 -25 36 -169 205 -117 -185 19 -234 -49 -88 -241 12 -201 -196 178 188 -73 84 -245 -47 -141 210 -209 -218 -31 -219 -90 88 113 -26 -247 183 143 -51 230 -197 186 
TEST 158 ARG:-206 -183 -44 170 232 213 81 -51 -158 180 -250 96 -208 -110 206 -86 -45 -47 -13 90 -188 -126 -161 -160 89 236 -193 -191 -152 93 -139 83 209 -232 -155 67 157 -217 20 -22 191 27 -171 -77 134 223 -55 -192 30 -75 -159 112 165 -223 -143 -227 6 94 -175 210 44 181 -88 9 69 106 -145 201 95 162 -58 18 -62 -29 28 -130 -179 86 208 -50 -187 167 87 242 153 -249 4 16 -207 159 46 14 227 -1 57 -38 239 -39 -63 -129 78 -123 -94 -18 85 -115 -151 -7 -204 237 -33 -109 143 -108 -235 43 194 -147 -242 45 -114 -131 175 217 164 -93 -163 59 52 -229 -11 246 -12 -72 174 -181 -222 149 36 184 -32 -83 215 -168 40 121 -236 50 158 17 189 245 -172 -198 -134 -95 -117 -247 111 -201 -105 92 -5 105 -239 240 113 202 -102 -99 -212 -182 -82 238 115 -164 -67 -111 -25 49 -90 -27 22 -52 -133 186 200 61 -199 101 56 161 -234 8 -224 146 188 248 231 -218 205 -66 139 -156 -81 39 -41 -210 168 225 26 -142 -92 -221 -71 179 233 -106 2 -240 193 169 -189 114 34 219 119 230 13 -100 -40 97 -177 58 31 110 32 -215 -124 -203 132 140 -216 -97 141 137 -61 -150 118 -64 -202 178 -31 -209 -219 -87 -56 -196 73 -26 1 122 -2 -74 190 -125 171 -59 156 126 150 -16 23 -165 138 38 84 116 -169 183 -132 -113 -19 -205 -21 -146 11 -244 21 130 -237 131 77 -30 224 68 -28 -186 -42 -135 -34 147 129 187 -174 -89 -103 -245 102 -80 123 198 151 -211 -167 -214 42 48 -116 -57 -91 216 108 234 235 37 47 -213 25 74 -197 -4 -246 -154 212 -104 142 249 -46 71 91 163 5 -84 135 -3 243 75 211 226 -122 -36 241 62 24 -228 -184 -10 65 -230 80 33 196 72 199 19 229 -101 244 53 -14 192 -6 -141 -138 -178 -43 -20 104 -173 221 204 -119 155 -176 -78 82 60 -68 247 -120 88 -76 -170 -200 214 7 99 -60 -107 3 98 133 103 -79 -148 -69 54 195 29 -238 -231 136 -233 -195 -121 128 109 10 100 0 144 145 55 -248 154 172 -23 -153 15 125 222 124 -8 166 203 -96 173 127 -149 -162 177 -225 51 -49 -70 -226 -157 -127 -35 -85 218 41 -180 152 -118 182 197 -243 -185 70 -128 120 79 -112 207 -48 -220 176 76 -190 64 160 -17 66 -65 117 -241 220 -140 -98 107 -194 -24 -9 -166 -136 -37 148 -53 185 -15 12 63 -144 -54 228 -73 35 -137 
TEST 159 ARG:184 58 -58 74 -212 -250 -176 61 12 -146 -1 -134 249 67 -161 -14 160 40 129 -84 -152 109 232 -76 -188 -227 212 -175 -153 103 62 -178 -90 38 2 57 187 51 86 -102 -194 -159 -5 207 218 88 56 89 72 231 -154 -186 240 98 -87 190 47 126 -45 -210 161 209 -25 163 -54 -95 152 -29 -34 172 111 225 -242 108 155 -92 -85 105 179 -179 -19 -3 16 -78 -177 -42 -168 84 54 -169 118 -121 136 217 177 -75 174 22 -213 -2 -145 192 -7 -216 -123 122 -4 -172 233 -88 -236 65 99 -238 -202 -51 96 -89 -201 -180 -94 10 5 194 -156 247 17 -43 151 124 -68 71 197 -117 226 -229 113 196 44 -83 97 -32 153 101 -122 -113 -120 95 223 -100 -185 198 106 14 -148 -214 140 -170 -56 145 115 213 147 215 92 -72 -151 180 219 60 158 -205 -191 -62 -246 -65 142 41 29 216 52 -226 36 117 -99 -218 -49 206 -18 -115 239 -131 33 127 -244 -37 -21 -39 -222 -135 110 178 119 -10 -150 -204 227 204 -47 -190 143 193 35 -133 135 4 229 -163 -53 -164 -199 134 -93 -228 -223 144 246 -23 133 128 70 -101 146 -230 -74 -240 -182 171 -147 -234 164 -69 176 159 137 -126 -26 141 -30 -59 241 148 -35 -15 -106 -86 -98 112 -225 188 104 28 -119 -118 -71 -243 130 -209 173 -155 -82 -220 -27 46 69 48 125 -12 -28 205 80 -139 -217 -149 -109 85 -110 211 32 -112 185 -50 21 -200 -224 -79 242 224 -63 156 -60 191 -166 8 -16 183 116 -144 66 77 120 -13 6 91 100 -158 175 -107 -206 102 -103 -8 -162 -174 245 13 230 208 25 248 -235 222 221 -198 75 220 68 150 -57 138 82 203 154 181 1 39 78 168 -241 -38 -91 -46 202 234 243 -184 235 -111 -192 121 -55 -173 -24 -41 -208 -233 53 -11 -81 93 -232 189 0 -108 228 107 87 -207 -125 165 -48 157 195 -136 -181 30 90 -52 63 -138 -231 -67 -171 7 162 170 -193 11 -104 3 -96 238 45 244 -165 -77 214 -116 -215 42 31 -239 73 -6 -195 -132 -197 -157 -130 -167 -129 166 -189 -247 167 49 210 15 200 -128 -105 169 186 94 -142 -17 -97 123 -237 -183 -219 201 -22 114 -70 81 132 55 59 27 -40 -137 -64 -20 -114 -124 237 -36 182 34 9 76 18 50 23 19 -140 139 -80 83 -31 -9 -73 199 -203 -245 43 -211 -221 -143 -33 37 24 -187 20 79 -61 26 -196 -249 -66 -160 -44 -141 -248 236 -127 149 131 64 
TEST 160 ARG:-214 -185 55 172 -233 -192 -210 -27 135 154 61 158 152 -111 220 -143 -203 195 103 160 -80 -206 -3 -2 -97 192 244 -241 235 232 -86 8 248 -83 102 -21 -102 -182 29 -20 189 219 13 -50 35 -184 75 -106 64 53 -215 3 -148 -240 -171 234 56 -121 -44 184 74 -14 -176 -144 143 22 181 -158 -200 -9 191 10 -246 176 -199 98 224 -237 70 190 203 -90 -32 -99 -130 126 88 -5 45 -234 -87 -126 7 -224 227 -36 -53 -91 131 -216 -116 81 -47 57 109 4 -88 -129 -54 -104 228 -42 113 153 -26 130 -238 -243 -223 16 193 138 162 -59 -222 -212 -151 -150 -8 -64 -132 -41 108 204 99 128 127 -4 174 173 221 9 -197 182 67 233 194 -63 216 226 -25 -183 183 161 76 -11 -227 -85 36 121 25 163 -247 -78 -61 -175 -218 247 -189 157 185 112 177 -40 -23 -125 171 -84 -168 80 59 140 187 -62 188 -236 120 -128 242 -159 129 104 -94 -135 -187 94 -245 -207 87 89 -112 -140 -163 155 -249 -109 179 -79 -219 -228 132 63 239 -235 202 -71 144 156 -248 123 125 -217 69 -110 34 146 231 -211 -30 90 77 -161 149 28 201 -57 62 178 82 -239 43 85 -152 68 222 106 83 -31 -75 -193 139 208 -145 110 -174 122 245 -37 -162 197 -131 -164 -65 -225 39 175 -155 52 -201 -250 14 95 -89 237 86 148 -34 -52 40 -195 -39 32 -127 -205 100 107 186 199 -180 133 -160 111 72 96 -67 12 -1 -117 -154 -13 -142 49 54 243 200 -157 -221 -108 0 -38 116 115 114 -105 -196 41 -134 136 -82 -74 230 -69 84 -33 24 -12 -166 -28 44 -231 -156 101 225 -113 229 20 180 206 -115 -114 -6 2 -146 60 166 26 -226 -49 27 -96 -51 79 147 5 -58 -16 -141 50 -139 47 -60 37 -230 91 -56 196 124 -118 -190 66 -169 119 -66 -55 -209 -92 30 209 -232 170 -198 117 92 58 33 -153 236 -77 141 -123 -179 -149 -172 151 -103 6 17 -194 -147 118 159 -45 51 38 -17 -72 -165 -95 -73 223 198 -93 -107 218 -70 -18 65 -133 31 48 1 137 -68 -43 -19 217 -119 215 -137 -124 105 -208 -100 -122 78 238 -22 -138 -186 97 -24 -81 93 207 -29 19 145 -181 -213 -242 -10 134 -204 -177 249 -136 205 -15 -229 -188 21 -191 -167 46 -35 212 11 -170 71 210 246 73 42 164 -244 213 -98 167 -202 -173 168 -220 211 -76 -120 23 18 -7 15 -101 142 241 169 240 -178 -46 214 150 -48 165 
TEST 161 ARG:206 122 -212 207 131 137 132 -234 -220 26 46 31 125 -12 111 99 25 84 77 149 162 -3 -34 48 -74 -210 35 -9 -201 92 23 -45 227 -10 -51 27 -56 -174 -69 -233 -31 -128 -154 -162 -204 201 -211 195 141 53 34 9 -137 15 223 16 129 219 28 80 135 106 -1 -196 -197 3 -148 -41 -117 47 -43 -248 -16 66 -222 -38 76 68 -87 -66 8 -135 89 -84 -71 -129 209 -70 -100 -155 40 93 247 177 -242 243 4 191 -57 60 173 -146 224 -26 -159 -83 225 -102 19 -15 0 213 -156 -107 216 -124 17 -213 154 78 231 -140 126 79 32 229 -152 108 -249 234 5 200 -39 -229 171 193 161 -238 -237 -106 98 12 -207 -92 140 157 74 164 -236 189 -244 -63 139 239 176 36 -33 51 -219 -48 -23 -6 -126 -19 -30 114 42 -150 70 -235 150 -153 -99 87 11 181 172 -167 -205 237 -193 -191 -18 -149 187 -116 169 -228 -50 -216 -68 145 -203 -157 43 41 -209 -215 38 -147 -95 6 -32 180 -103 103 -199 -164 -7 127 115 -171 104 -25 -105 -44 45 71 -190 -163 112 -96 -141 -170 63 124 133 226 233 -22 142 -88 -184 49 85 -46 183 -202 -8 -53 20 113 214 -89 -120 73 -98 91 116 -200 175 -169 -17 -239 -28 -181 156 210 215 -178 -78 75 249 -245 205 -221 186 57 163 82 -175 62 -176 192 228 246 -65 -42 -36 -145 -79 -86 59 86 105 -75 153 -182 235 90 -246 -139 -55 -168 -134 -64 -131 -194 -14 -231 -192 -77 236 24 -230 -121 178 33 -122 7 -11 -115 -177 -109 -114 -58 242 -214 -2 158 -127 151 -59 -93 -54 -119 -94 -5 221 212 -110 56 -161 121 147 245 81 230 -82 -113 67 52 -112 -173 -67 96 18 -179 -225 117 -40 222 -250 240 64 -123 -72 -187 -73 -241 -108 -35 119 130 -226 -166 248 -27 44 83 -61 -125 -158 110 -143 -104 -4 118 -186 -90 13 100 167 -142 218 -243 -29 155 152 -80 109 58 220 -206 -132 -185 -208 107 -227 185 102 241 50 -49 55 -111 208 199 166 134 148 -101 97 184 203 65 -160 -81 -138 -217 -133 123 -37 196 138 194 159 -240 -218 88 -224 21 -172 22 14 190 -136 143 -232 72 232 -13 37 211 182 -97 101 128 69 -151 -223 -24 244 -183 -60 204 -76 95 -165 10 136 -195 1 165 -189 -188 217 -52 -198 94 -91 -85 54 170 -130 168 -247 202 198 -20 -21 160 2 179 120 30 144 39 29 238 -180 -47 -62 61 197 188 -118 146 174 -144 
TEST 162 ARG:130 -163 249 227 -120 146 229 -81 -126 -104 135 -232 195 -60 35 -218 -174 206 147 108 -242 178 -113 -59 5 47 -227 51 31 -30 -93 240 0 -165 156 -10 -45 -234 113 -48 -44 125 131 211 -214 175 -107 -228 -96 18 -197 111 -185 -200 -5 39 -8 236 225 -31 -101 222 64 77 -69 219 -188 -134 -130 54 120 -17 65 3 224 -233 40 244 23 -129 -229 22 119 1 106 190 78 218 -241 -184 134 -164 34 166 -205 100 -186 160 -154 59 97 -213 242 -182 74 142 28 203 -138 -194 116 -162 -75 -29 247 13 -19 -124 -236 -20 -209 -12 152 20 -71 -207 -123 42 -244 -108 167 -13 -82 9 245 -161 -149 132 -170 -175 151 -212 -89 -238 48 -33 -103 139 -169 38 -146 -86 -117 115 220 121 199 69 157 -168 204 205 -36 180 -222 235 -243 182 -206 -39 -9 63 103 187 201 104 150 193 27 46 -142 56 162 -171 -85 36 145 -237 129 133 -208 -160 186 -127 214 -6 -135 184 53 110 25 24 -68 -43 -166 98 -92 163 -249 61 37 124 99 7 217 -198 -180 233 -141 -94 -203 -24 -152 12 88 -199 8 26 -53 -27 2 159 -139 -98 -143 -223 -210 -76 -155 170 -4 226 -35 228 215 -151 216 -115 -79 14 -172 -189 -216 196 232 -110 128 117 -150 -219 -211 197 -22 194 57 62 185 -140 -128 76 126 -247 -158 173 230 16 -240 243 -70 67 -58 137 86 -248 -235 82 84 -25 21 -148 -56 10 155 208 -15 -215 87 79 -66 -193 107 -99 52 81 122 165 -118 70 -80 -221 17 237 -78 -191 -88 239 -23 223 -18 66 73 -32 -54 -77 -230 -217 -250 -195 144 -190 138 94 96 43 33 -225 -91 174 -109 181 143 188 92 -40 112 -121 -224 192 -63 -57 -62 -176 4 123 55 213 209 191 -167 95 -28 -46 -21 -7 154 -112 248 49 161 -16 200 212 -116 15 11 149 -49 183 202 -144 -177 80 177 85 29 -74 234 -64 -106 -132 -111 -204 -145 -100 153 60 -239 -192 -47 -67 -37 -114 75 241 102 91 6 -178 -119 -3 32 172 176 -181 168 148 -196 45 -122 93 141 -159 -83 207 -179 -38 -173 158 221 -42 -51 246 -201 71 -147 164 -2 231 -95 41 109 -231 89 -34 189 -41 210 -220 -65 -202 179 -11 -87 -61 -102 -156 50 -90 30 -84 72 -72 19 -50 -14 -226 -52 -1 101 -137 -26 90 -153 68 136 127 83 -105 -131 -136 114 -183 171 44 -157 58 -73 -246 118 140 -187 198 -245 105 238 169 -97 -125 -133 -55 
TEST 163 ARG:-36 149 -209 155 -220 -83 -4 145 -13 -43 12 41 -244 55 141 114 -137 191 -114 -162 61 11 -206 231 225 -169 224 1 183 201 51 -47 35 -183 37 -92 -56 228 94 -54 -49 241 39 139 177 -2 189 92 71 -230 56 -95 -214 76 220 -45 -154 180 -112 -48 -222 -69 -210 -64 79 -40 -80 -191 -135 195 -167 -79 67 87 212 -248 -151 -146 164 239 -213 88 -223 -50 -38 -106 -104 -144 243 -126 -148 -229 -237 247 -136 -187 218 -130 -93 182 193 -170 -221 -179 -121 -180 151 73 49 -219 93 64 106 192 -109 14 104 136 113 89 -160 -21 111 205 -141 -97 98 -57 -17 128 -66 -42 206 130 -193 160 -102 -236 65 165 -123 -9 219 -200 75 -125 -7 194 68 245 -212 -78 -166 -34 -208 214 -53 21 -111 -240 -24 -81 -204 74 32 -32 -52 222 -46 -147 -196 72 181 175 148 -88 -140 232 229 203 143 184 -176 188 42 -184 96 217 -133 -101 -242 -205 62 240 -98 -5 238 207 103 -22 132 -142 46 -195 -226 -35 -85 129 -197 -185 82 174 223 -153 -119 -82 -74 -238 -202 204 -189 -94 -227 -16 36 -194 173 -60 142 -129 -241 18 -172 -247 2 24 134 -31 -59 -105 163 47 158 -234 -143 -124 -120 -18 19 233 -243 -68 209 127 -72 -182 54 202 154 13 -3 45 10 168 -201 81 -225 102 -186 -107 -90 105 140 125 -157 -67 179 -91 118 70 20 0 -117 58 8 242 -245 -116 -168 108 166 -62 6 109 -249 -77 -70 -171 7 -217 44 -174 200 235 -224 23 144 -155 25 -113 -86 -122 -75 176 -246 -188 101 -131 -138 157 -216 -233 152 119 153 -1 -19 -177 112 159 -89 50 -65 -39 100 -149 138 85 -231 133 -250 30 221 198 146 84 -218 246 52 -139 210 -159 40 4 196 -199 -211 -15 -29 236 -12 227 -198 -61 -96 107 38 244 156 -192 63 121 126 116 90 91 5 9 -103 208 226 -215 186 -115 -228 -163 135 -11 -158 -132 110 137 -156 -63 -181 248 122 -164 57 216 -235 -73 28 31 115 -207 197 187 -23 -134 -55 172 199 -87 178 171 150 26 -71 -203 -232 3 -14 80 -118 -8 123 215 -100 185 -27 -41 249 60 -25 162 -108 69 169 34 -28 131 170 -84 -128 167 -51 27 -58 -145 53 22 -161 -33 -99 -150 -239 66 99 161 120 -26 15 83 -20 -127 -44 95 -190 97 29 234 33 -110 43 124 -152 16 -165 237 190 -76 78 -6 147 48 -173 117 59 213 -37 86 -10 17 -30 230 -178 211 77 -175 
TEST 164 ARG:248 -143 -185 -106 144 145 99 -227 226 244 54 184 -74 114 65 -184 -132 47 67 172 -22 -98 19 157 -77 -19 235 166 30 -149 115 84 249 245 -179 37 69 158 105 246 25 -236 224 -122 -150 -247 -61 -64 -209 -101 -39 228 151 75 242 -147 33 -107 177 111 -225 -46 88 3 -7 51 -208 -233 -52 52 -32 -123 233 127 21 40 179 61 221 -138 -205 44 -173 -218 34 35 205 140 -118 60 20 227 -175 -165 217 102 136 58 187 80 116 -9 -18 -199 -58 142 -119 -117 188 57 100 -14 -136 164 181 -38 -130 -76 -82 196 -50 -171 124 199 14 -212 223 194 -141 202 -230 87 146 209 46 -63 -16 -206 74 -5 -90 -15 -186 41 -195 76 215 -170 -62 -203 32 -85 86 162 -139 -115 -180 126 148 5 169 64 165 8 231 -234 204 192 -145 -116 195 -86 -159 -11 -114 229 -125 189 -13 183 -181 53 1 -182 -157 191 219 83 222 -31 239 -124 120 213 -30 -40 176 50 137 -134 -57 -92 -215 -237 38 -242 -153 -246 128 -89 -41 214 154 11 -36 -220 -172 -131 203 -44 -28 -188 159 -71 103 81 -68 129 -250 180 -99 -42 -120 89 234 -20 -221 -239 243 98 2 131 208 160 -112 31 -105 110 -167 -10 -200 97 -232 -60 109 -191 -202 -192 -161 -66 -24 -27 220 -164 156 -34 -45 163 130 49 -229 -187 -26 -128 125 26 71 -189 108 133 92 10 -47 123 -210 85 -1 -133 72 170 -140 -87 -152 -33 -25 95 201 0 186 -88 -168 -196 -51 -48 -95 -43 -3 -163 -156 82 143 236 -241 91 -49 112 168 232 138 16 135 197 101 -190 -23 155 -73 -169 -93 -148 106 -176 210 200 -100 139 153 -223 -4 -243 73 104 94 193 22 4 -177 178 -198 -207 17 -84 -194 107 -80 66 18 -97 70 132 -151 -146 -110 -75 -53 -104 237 182 -178 48 -197 -154 216 59 -166 -244 161 90 79 -224 238 190 42 -126 -12 -55 122 -81 39 -211 6 -2 -248 141 119 36 -113 93 -108 -103 -54 -144 -35 -83 185 27 -59 -6 -204 -67 -174 230 198 -201 134 9 117 77 -17 207 55 -219 -29 -238 -121 -137 96 -8 152 -214 -160 225 -142 174 -56 63 206 -217 -155 173 -226 -102 -135 62 247 7 -245 -127 240 28 -183 118 -78 78 29 -72 212 171 150 -213 -65 121 147 -228 -216 -249 113 23 241 149 175 -79 -129 -158 -222 -162 -96 -240 43 211 12 -91 -111 -235 68 56 167 -37 24 45 -193 -69 -21 -94 -70 -231 13 218 -109 15 
TEST 165 ARG:-107 -126 4 40 226 128 209 207 -200 232 10 49 -132 -29 -71 -139 23 81 79 229 -101 202 -228 26 -86 -112 -134 -95 130 111 -122 -83 -127 145 53 -204 -118 -98 -2 114 -53 -91 -208 52 80 89 8 28 16 181 246 97 91 -157 -108 74 208 -137 -34 199 -105 59 -222 162 -67 -247 184 5 -117 230 113 -218 175 21 -17 -196 77 -163 217 22 148 -149 197 -183 -28 -58 129 240 185 -229 -174 -195 -43 142 -187 141 137 -223 -8 31 165 34 -128 -224 -159 -5 -179 -197 -155 -156 200 101 118 39 -75 -94 -140 -35 -111 58 17 27 245 -161 -38 193 -167 60 122 95 29 160 156 167 -177 61 186 228 103 37 -57 -9 -150 64 134 -31 92 238 247 47 -49 -153 71 13 132 139 163 180 78 -151 104 6 85 159 -180 -215 218 224 -158 46 -198 212 -6 102 -176 96 15 -103 -232 206 -116 123 174 -185 100 201 249 -81 43 50 -152 11 35 2 -30 223 -238 -119 -65 33 -109 -46 189 235 -25 225 99 -62 -221 42 -80 48 -239 -249 213 -142 -24 72 133 75 -12 -135 198 -110 -41 124 -129 -21 117 25 -74 127 30 12 67 -235 -121 151 -13 -125 222 -136 211 14 168 66 173 -44 -203 -164 -148 9 110 63 -220 -18 143 -47 121 -246 -4 153 -138 -63 0 -193 -19 -92 -250 32 -206 -131 69 68 115 -27 -184 24 -120 -240 -79 233 -70 -52 -23 -212 106 -82 51 -154 -227 -144 -51 -59 171 150 -205 236 56 -211 -85 -231 -39 161 158 -55 -16 -114 -207 -45 -168 144 -241 164 -133 57 -40 203 -210 192 -56 -3 195 -78 19 -192 108 -124 -123 157 221 98 242 172 210 -97 -32 -50 -172 -141 86 -72 -64 244 -106 219 -15 -213 -219 -145 166 227 196 -160 -14 -84 194 -20 87 169 41 -66 176 -96 -68 3 107 -189 -178 -1 -130 -89 -77 82 -194 -162 136 -244 38 -243 -26 -245 -186 -216 94 -234 241 -188 44 -242 112 -61 -169 88 187 177 237 -191 -236 -175 205 45 135 231 147 -7 -181 -90 179 -166 125 239 36 83 204 -230 -42 -22 109 116 178 -233 -37 -102 -173 -146 -113 55 -217 215 -143 -76 140 105 214 20 191 -237 62 154 -214 54 -100 84 -88 220 -190 182 -170 -54 -182 -199 149 -248 -147 -48 190 7 -69 183 -165 -209 120 70 -115 146 18 155 -36 65 -171 -202 1 152 -99 243 216 138 76 -225 -73 -226 -93 131 188 -10 119 -11 90 -201 93 73 -104 126 -60 248 -33 170 -87 234 
TEST 166 ARG:122 233 100 3 93 158 242 -97 -51 -171 225 142 -131 42 -39 -56 116 -203 -122 -241 189 192 -95 -74 71 -200 -89 -47 50 67 55 -7 -30 149 -59 170 212 154 -87 -28 176 135 -15 -167 134 247 70 -228 -12 114 159 -146 221 -135 237 -44 88 218 96 28 -57 -11 35 -130 150 -128 -191 -99 -162 90 -85 82 -18 -27 224 39 165 8 68 -38 65 146 -92 109 -63 191 37 245 108 98 128 -159 76 171 -84 -149 130 -5 -115 239 19 -197 -217 0 36 -102 -140 47 113 85 -21 -55 -248 104 -110 10 215 -247 -49 40 226 52 -186 172 22 -17 61 94 -218 132 29 -120 73 -194 78 -42 -94 -98 -1 60 -250 30 -138 227 -174 193 -72 -153 -172 -107 56 -225 -121 83 -178 164 -202 -76 246 -242 141 -189 -14 -119 -24 18 131 74 138 -208 -19 92 167 6 231 244 -113 -26 45 240 -100 81 219 153 33 -195 91 168 43 -152 -175 -114 5 206 -112 23 -13 51 32 -43 59 106 -163 4 -222 199 27 -96 125 -232 174 95 162 204 147 -147 228 -187 9 -132 -215 163 -239 -164 -214 -169 38 145 -101 -176 -109 -148 -142 -139 -212 -238 -244 -237 24 151 229 121 -64 -16 -235 63 44 -204 139 77 143 -32 -48 -77 236 -91 -67 214 223 118 46 201 -219 -210 -133 -201 13 -3 -36 -246 202 101 -81 64 248 234 -25 -6 75 -166 185 -154 205 -53 133 -66 -35 105 -156 -46 -243 241 -80 161 1 -196 62 -50 -82 155 -69 -93 -73 14 72 -54 -193 -126 58 152 173 49 -83 -79 -211 -61 -190 -123 129 200 -236 79 53 208 -9 -234 26 86 178 57 -184 119 209 -145 -181 -165 -199 156 66 217 -151 -20 -90 -136 120 -31 188 243 -221 -29 7 186 21 210 -224 -22 31 -40 187 181 -33 -233 -226 -158 -160 -71 -2 157 -182 -168 -124 112 -58 -143 144 -70 -23 216 11 -60 -183 34 126 183 -185 207 211 -41 198 -205 -108 -8 180 -45 16 -223 195 107 41 197 48 -52 -198 169 -127 184 84 196 -177 -116 160 -213 -180 -170 -75 -144 2 177 127 -192 -68 -88 -231 -37 -227 117 -137 124 -106 80 69 -188 182 203 166 97 -179 230 -150 123 235 -78 -117 220 -206 17 -104 175 -245 103 -173 110 140 -65 -220 15 -118 136 232 -249 -125 -161 -216 111 -103 -129 -86 190 249 12 -155 148 -34 194 -207 238 54 222 -105 -240 25 -10 99 137 102 -209 -4 87 -134 -111 115 213 -62 179 89 -229 -141 20 -230 -157 
TEST 167 ARG:-64 -126 183 -78 4 -120 201 82 215 194 -43 116 -79 77 167 92 -22 -102 -81 -32 -75 224 94 -198 -128 -28 -147 23 -196 51 225 128 24 -11 -41 -160 -15 -163 208 153 0 -100 93 11 112 96 -152 -201 -227 136 189 120 242 -130 203 -189 -161 -59 145 -158 101 80 168 -165 -207 -235 -23 -90 8 85 188 -239 138 -134 29 164 -194 144 129 -80 -60 -99 -190 -223 160 104 -49 -222 -62 -178 -195 -17 -115 234 -34 147 78 -153 -171 -20 -73 54 -58 -37 182 -57 64 148 159 -214 244 -168 10 99 68 95 -216 -84 60 235 196 228 72 -48 -91 -209 -109 174 -125 184 223 14 -108 -219 246 -76 -174 -117 52 -200 154 -145 -139 88 21 44 89 -38 221 173 98 30 -175 197 -66 36 190 58 -110 163 -225 66 -45 -39 143 39 -121 -208 -210 -127 111 -36 -238 165 -25 -124 233 171 113 -50 -188 -184 207 180 210 81 -240 59 62 -131 6 217 216 -97 25 -95 -116 -220 239 -230 -105 236 -35 -172 -218 -203 -104 -2 -187 -63 -10 -199 -151 50 -111 179 193 -186 -123 -247 229 -229 48 213 152 170 158 155 -141 -98 -52 141 -202 102 56 219 240 -204 115 -191 -221 245 -233 140 37 -47 177 100 -40 124 79 -136 232 117 -30 -179 -149 202 227 -16 -113 28 -106 -155 247 -205 149 -53 57 -156 118 134 -206 -96 -167 55 248 -228 132 -166 -164 187 -181 114 -12 -173 -122 125 -103 5 1 -4 46 65 -118 -26 12 -138 231 73 -93 176 -232 -159 -13 -83 -46 135 76 -250 15 -3 241 13 -24 -157 186 53 -87 32 38 -143 157 -82 162 191 41 2 -72 103 127 243 -249 220 -177 146 31 195 -132 -71 -213 109 -21 9 86 -185 83 35 199 200 97 211 133 -101 -61 42 90 -44 19 17 -176 192 -56 205 84 70 49 -215 137 -135 -170 106 161 212 156 -86 126 -211 -18 166 -193 74 -192 43 -54 -241 -70 -42 -85 175 121 -224 -146 -5 -169 150 -94 214 -19 209 -92 -69 -231 206 -244 237 -114 -236 -148 63 3 -234 33 249 222 108 -248 139 -55 130 -27 -89 -243 -242 -162 -29 142 20 61 -245 -197 26 -217 169 -137 40 -77 91 -129 69 -74 16 75 226 -65 -33 -68 123 238 -88 185 -6 -140 218 71 181 110 -133 27 107 -212 131 22 122 -182 -31 151 34 -183 -154 -1 -226 -144 -112 87 -246 198 -14 -8 -150 67 7 -9 105 -107 -237 -67 178 18 230 119 -142 -119 45 -7 -51 204 172 -180 47 
TEST 168 ARG:-153 -127 182 -46 -246 100 196 2 122 83 -111 92 202 -57 84 148 -196 245 59 -105 177 -249 -144 222 -138 -119 53 168 32 155 46 -179 -149 -30 -157 -66 -55 25 -226 129 -59 82 -103 151 -184 237 -24 -67 156 -156 123 -115 38 137 124 158 -94 218 -68 98 139 225 60 30 -244 -4 80 40 -212 145 -211 -140 -69 -206 125 -207 17 -16 -248 -64 72 -202 -73 -36 -191 -203 -20 -60 39 94 45 -185 121 239 51 37 140 81 -230 197 -231 -155 -142 -178 3 -8 111 41 -198 -85 24 -216 -95 -97 -236 29 99 213 -200 109 171 -177 -141 199 15 207 -188 62 96 184 -110 -241 249 28 64 90 236 -86 73 135 204 -76 169 -132 -7 61 193 -61 185 194 227 14 232 -174 -139 -15 154 -54 -125 -169 -74 -100 -242 -121 -90 -232 241 -58 57 21 119 131 164 -17 203 216 16 52 7 -175 -38 -199 -187 -240 -63 153 -93 136 34 230 -84 -51 -79 105 47 -133 -96 -6 23 69 234 231 -170 -147 -145 133 247 -52 200 -33 -243 240 27 176 127 -173 -159 74 -134 144 152 -98 147 -218 -104 -223 173 -107 143 174 -129 161 138 79 97 205 160 -217 115 -19 -114 -81 -50 -122 11 -31 -197 48 224 -237 112 -205 -234 55 -201 215 -164 170 35 -183 -239 -42 150 -2 -120 -22 -225 114 -152 78 -161 -62 86 1 142 -154 76 -171 244 248 -209 -49 -83 -130 235 179 163 212 -118 -43 -233 246 195 -99 198 -88 10 -219 -215 19 -72 -37 128 -82 -56 167 54 -126 67 -32 -136 -113 -222 210 106 162 187 243 58 -102 -41 130 113 18 -176 192 70 -220 209 229 149 219 42 75 -108 -245 -10 -71 -14 -12 221 -214 -65 -5 -168 -135 -228 107 -195 -167 -78 31 190 -87 56 -186 -25 91 -192 175 180 191 -47 -180 165 -18 223 -227 108 13 -21 -158 -247 -11 -143 141 -162 116 -112 -160 4 -124 8 -77 -101 95 214 -27 -91 33 5 68 0 206 188 178 88 117 -181 172 -238 -224 -106 189 118 -137 186 87 -229 -250 233 134 77 89 -194 102 -131 -146 157 -150 181 9 226 66 -208 -28 85 228 -35 208 -235 -210 -26 101 -193 63 -44 -123 -163 201 220 -9 126 -70 -221 159 -148 -182 65 217 238 6 -165 146 -75 -23 -40 -213 93 -116 -13 -39 166 132 110 36 242 -92 -45 103 -1 -89 -109 43 49 -117 12 -189 20 26 -151 -172 104 71 -29 120 183 -34 22 -190 -80 -128 -204 50 -48 -3 211 -166 -53 44 
TEST 169 ARG:38 -228 -214 249 244 -139 -233 -219 103 29 -148 192 158 -177 -206 -73 25 206 104 -35 -49 -85 127 15 -124 -225 80 41 -136 117 -245 -50 99 -165 -131 -77 76 -71 240 59 -132 -39 -249 223 173 -43 77 16 237 208 -57 131 -153 75 82 202 -167 27 115 4 18 -69 142 -127 -220 24 -146 -181 92 -226 175 153 126 214 -204 183 -53 3 -155 129 -157 155 182 -138 114 -36 -1 -192 -70 226 39 -104 -4 146 88 26 -215 -13 180 230 34 97 159 36 -161 -230 247 -207 -202 -99 -64 -154 -119 -108 -241 -65 179 -86 49 195 -179 10 56 140 68 -41 232 54 -91 221 -114 93 -180 -137 -83 -109 137 60 152 61 -172 -82 -135 -140 73 -18 -30 184 -231 111 55 -183 -198 -87 -17 236 9 147 63 -93 169 22 -84 -16 233 35 125 -12 -144 81 33 220 -221 53 239 124 -37 14 -170 -193 178 -208 238 168 -9 185 -25 123 19 -162 -42 176 248 -29 -111 98 -218 -96 166 -8 171 -168 -74 218 -102 231 47 -224 149 235 28 -250 246 -78 -55 87 234 209 -149 58 -134 50 -174 17 160 -216 120 193 -164 -210 -163 -125 -121 31 -23 -217 -133 228 65 1 138 -126 -90 89 57 102 205 -238 197 -105 242 203 -79 170 -158 -22 -128 90 241 -173 -141 43 -227 162 91 40 -232 32 133 143 74 -14 -113 -68 -178 113 -112 204 -234 0 -67 130 79 2 112 -171 116 -100 148 -169 -3 -122 211 -45 -205 105 207 -21 -160 -209 -118 6 -247 -236 227 -195 -211 8 -166 78 -51 -28 150 119 -48 -199 189 100 -175 86 194 -152 -201 -63 44 37 5 -11 -56 -115 187 -223 -59 107 62 199 225 167 -129 156 -142 13 177 154 210 -34 -26 -10 -103 -107 243 21 190 12 -197 213 224 -60 -7 -44 -244 -52 101 108 -47 172 64 -98 -81 -159 -203 174 95 -92 -237 -110 11 -19 -32 67 -242 198 -89 165 -46 -182 -15 186 188 196 -246 94 -76 135 -97 -186 -191 -189 141 -38 -54 -229 145 -75 122 -243 48 -188 -190 222 72 219 -212 245 -187 -2 70 106 -101 -239 -106 161 -150 23 -151 215 132 118 216 -6 128 -62 -116 151 -20 52 -120 -147 -123 -176 229 -196 212 46 -156 -145 96 136 163 181 -27 -213 -143 45 -40 191 69 -95 157 30 20 -185 -58 -61 -200 121 -33 85 -94 -72 66 -88 71 7 84 -240 -66 139 164 217 -222 -5 -31 -24 200 -184 201 134 42 -194 144 83 -130 51 -248 -117 -235 110 -80 109 
TEST 170 ARG:213 143 -90 162 20 94 241 186 -189 134 -95 -141 -165 249 15 99 219 240 -118 -140 -64 57 126 -148 34 -51 44 -32 -193 187 157 111 -210 -151 216 -134 -16 -133 127 -123 66 144 -230 -76 7 -162 229 -47 -56 204 211 -136 -70 -107 243 -86 -212 176 -87 -52 28 1 -101 130 -93 63 -61 -103 -12 -161 73 121 -49 45 86 40 -17 -225 52 -98 64 102 104 -172 -44 200 -206 54 -19 235 26 139 166 172 -125 -2 -119 51 -139 226 244 -203 -214 -218 19 -109 -60 98 14 191 -9 -5 -166 -10 11 -36 228 -114 -222 212 -152 -240 138 133 -229 -135 -104 232 8 6 150 -248 -244 88 -202 23 -115 140 -158 22 -201 -142 -31 77 -69 84 9 101 119 -50 42 -1 83 -207 147 76 -187 71 -8 79 -68 -11 92 222 -154 60 105 -73 125 -40 -174 173 207 30 -175 -183 -211 160 -180 122 201 103 237 37 -94 182 -4 177 -54 49 -167 39 -170 174 180 -192 -97 38 -138 2 -106 158 141 183 171 58 47 -37 221 -232 -198 -23 -179 -146 109 164 151 75 -72 -132 247 181 161 113 -96 170 136 148 112 56 238 -194 131 -190 32 246 195 128 234 -22 209 100 -28 -209 68 168 -128 -74 -246 165 41 -121 72 -21 -220 -131 16 184 0 -173 -77 -112 -3 -191 156 -195 -102 175 -39 -197 137 3 217 129 -45 -113 106 -58 -208 215 -65 -79 -127 -126 33 50 154 96 220 -59 35 -145 18 -241 -234 -221 97 -137 -100 13 29 -84 -29 -223 48 -18 194 227 -14 248 -26 -30 65 152 -82 224 -38 46 12 -237 -149 -108 -163 153 225 24 163 197 21 -205 -89 -226 -48 -200 27 -236 -160 -239 -122 202 -219 -185 82 91 233 -81 -99 -43 -105 36 -178 210 61 -34 -78 -184 142 236 -71 -83 -15 203 114 -231 124 205 110 -117 115 -168 167 214 69 208 43 231 -186 -6 108 -196 -224 -144 -42 -217 -216 199 198 -63 242 -46 196 -147 -169 -33 -53 95 31 -247 -215 -249 70 -176 159 -159 192 -20 -13 -171 189 146 -124 117 145 -41 89 17 -182 -153 -164 -235 120 123 53 -55 85 -120 -7 185 -250 4 -213 206 169 87 193 -116 -242 -238 -177 -233 -143 -245 -188 -155 -24 -27 10 -62 80 -227 -57 116 62 78 67 190 -111 218 135 5 149 118 -110 239 107 179 -88 -204 -91 132 90 -228 -85 -199 74 -156 -150 188 59 -75 -92 -130 -157 93 245 -80 -243 223 81 155 25 -35 -129 -25 -66 -67 178 55 230 -181 
TEST 171 ARG:40 -243 139 185 70 -42 -104 154 -186 227 -82 137 -24 -145 171 223 26 -159 198 21 -244 -5 -1 -170 119 -169 152 -187 18 -62 186 136 -195 86 131 -61 238 -241 -178 143 5 79 200 -121 -64 -17 -214 196 168 39 72 -88 19 68 23 -124 66 -230 -35 99 121 -95 -87 -101 -32 169 -197 124 134 50 -94 -220 -26 90 74 239 -103 -134 -192 135 -226 55 -180 155 210 130 4 -79 -37 133 236 58 -239 -66 144 27 -72 -93 231 24 179 -100 -211 -156 221 -219 -185 102 249 -250 96 -107 -85 45 97 237 -99 12 189 -234 -137 48 60 228 91 194 62 212 -126 -183 -144 240 -6 -175 215 -117 -165 115 -22 38 151 -222 174 -123 -77 225 -166 -57 -161 -231 -142 -78 -133 8 -247 76 -81 -224 -69 61 159 247 106 -136 65 158 141 83 -44 41 -218 243 -76 36 52 235 -116 163 -138 156 -204 54 232 -152 -105 -96 64 -162 -97 -84 -49 31 -13 -4 94 -127 73 183 173 -157 -89 -217 108 -131 -191 -21 -9 -16 -135 -54 89 25 201 209 116 241 11 -39 51 28 -207 82 -245 224 127 57 -179 -181 184 71 -8 37 9 43 -7 -208 192 -200 205 -213 -112 33 -132 -154 88 178 -194 -130 -58 35 -118 -198 103 126 -2 246 -149 46 199 -86 -115 1 175 -29 170 176 197 -158 104 -148 -171 -20 111 165 208 13 129 78 218 -27 -199 -246 -10 -52 122 -227 233 214 -184 177 -240 128 -43 -212 161 -50 -119 -90 217 -163 213 167 -206 219 -38 160 -30 187 30 -40 -92 -189 -209 -48 3 -3 -15 49 63 202 -33 172 -172 -190 -128 -237 -188 -155 -14 120 164 -70 180 195 -129 -216 -122 -228 -140 132 0 15 142 -215 118 47 -18 166 -147 220 67 147 17 77 -25 -71 222 -46 7 2 -31 -45 56 181 204 109 59 32 -12 140 -19 -113 -53 -167 69 44 245 -201 207 -110 -59 -41 -238 53 98 -176 242 -225 -23 -51 -236 -235 42 34 188 92 20 193 14 -160 -232 244 16 123 -65 -111 93 148 -106 85 150 -182 -75 -108 -141 -120 80 105 226 81 -229 110 114 -196 -73 -153 107 -151 149 -83 211 29 -109 -221 -168 -80 -34 101 216 191 -60 -223 -210 230 95 153 -233 22 145 10 84 -125 87 -36 -98 -11 -143 -249 75 182 6 100 -74 146 -146 112 -150 -174 -67 -193 138 -205 -203 248 -248 -202 -242 -55 -56 -91 162 -139 190 206 234 -28 157 203 -63 -102 -173 113 -47 -68 -164 -114 125 -177 117 229 
TEST 172 ARG:41 249 -212 208 -101 209 -179 168 -60 -216 -94 181 -41 -166 -230 -204 -127 199 -5 137 -48 140 95 23 193 -236 55 -81 -16 107 -187 -207 -162 -159 48 -245 -224 -112 104 -219 51 22 -29 170 -237 28 98 -178 -35 -153 -161 -85 -2 186 132 -175 -128 130 103 -74 157 -151 -152 235 43 -4 86 187 99 4 191 198 228 -222 -108 52 118 -164 -99 56 166 -82 -53 143 -91 195 -214 194 -181 -71 -137 216 67 -50 -246 -95 -126 -192 -223 110 1 108 -150 -119 3 233 -12 78 24 -83 163 204 207 -78 -226 243 -148 -120 -21 -145 162 85 -185 241 -89 185 -147 125 -194 26 12 -136 -92 -247 141 225 -183 -135 -225 -170 40 -40 -117 -70 239 -208 -186 -213 174 220 87 224 -88 158 97 119 144 -17 159 -67 -129 -202 -62 197 -188 -87 161 231 47 -20 189 96 -15 217 -190 53 -104 -33 152 -205 15 -227 -199 63 169 138 105 -203 203 -25 -109 -172 -103 126 223 31 167 196 -10 -163 -79 -23 111 142 64 -184 -69 -201 226 -42 -173 37 -210 211 182 175 9 -142 62 240 213 149 80 -115 139 221 65 36 236 -1 -49 93 -182 102 -176 176 -93 -84 136 218 -34 210 84 -168 -122 -211 135 -66 -231 -55 100 -105 -196 -249 -121 11 35 -250 200 -146 16 -39 -155 75 -241 127 -46 116 -248 -52 -180 179 245 229 246 57 165 180 101 -61 -235 -68 -7 184 -143 -140 133 -98 20 29 177 -193 202 112 190 54 -234 106 -75 -171 45 18 90 89 134 -232 -131 171 -64 -113 -124 94 -114 124 153 121 219 -80 -97 39 32 81 13 238 178 58 -200 -86 156 27 -59 -43 -206 188 25 44 -242 -160 -57 -169 60 151 0 74 232 -165 82 -220 -217 5 -51 73 115 92 -154 -102 -240 109 -198 248 -26 -36 -38 -218 -27 -239 21 -77 -238 242 -156 -144 148 70 -228 146 -133 -100 131 237 -189 150 222 117 30 -229 120 -233 -158 113 66 -139 -96 227 192 59 72 38 -215 -149 -63 6 2 214 -19 83 -45 155 76 -18 -73 -177 33 42 -47 -132 -157 -3 -167 -134 -22 19 -32 -14 122 -44 -141 -13 -65 164 -130 -72 128 50 206 -195 79 173 -90 -116 230 10 -11 154 212 -8 123 91 -197 205 183 -30 244 -107 145 77 -123 247 -56 14 -118 -111 -31 147 -209 201 -191 -9 7 61 114 -37 -106 -24 88 -54 46 8 -244 68 -125 -76 -6 -110 -58 71 34 17 -28 69 172 49 -221 129 -174 160 -243 215 -138 234 
TEST 173 ARG:-19 -188 -79 -77 -179 222 139 42 220 -194 -130 -4 110 -203 -11 45 -219 112 158 17 82 -111 6 -41 -96 190 -29 -207 53 140 -119 28 -53 40 -228 -171 -76 216 119 36 178 13 -192 26 -181 166 -55 -52 -6 -23 -8 -200 189 99 -206 -155 -133 -99 200 180 -142 -153 -57 173 -229 -106 100 -17 9 218 -100 -177 -26 -165 202 1 136 -195 232 212 -121 64 57 34 -103 -148 -28 247 199 4 90 246 35 39 -113 -2 128 96 245 -30 -186 -40 208 27 -160 -10 -9 -87 -161 183 -95 -146 152 -185 -13 -58 -199 -158 211 -213 -20 185 95 227 177 -172 -66 -141 -132 -15 -107 -226 162 -134 127 67 88 -150 196 209 143 -230 -244 23 -236 -65 -190 172 -67 -151 -5 -44 81 -123 -70 -43 -120 51 108 10 33 123 235 -231 59 171 -204 -217 115 -220 93 214 -246 -37 249 -189 181 -1 72 168 146 94 -240 -149 48 -104 -209 -178 138 -211 70 229 -162 -144 163 -232 -210 -201 31 3 117 91 -248 47 -159 240 -173 -92 154 105 -75 223 60 -214 107 -84 -237 75 -182 -156 -197 -12 2 238 7 195 20 -89 109 -122 37 71 -233 228 150 62 -129 -54 -27 204 -196 -47 86 129 -21 134 -215 -72 44 -126 92 188 -227 -14 -223 -154 217 98 -238 -45 186 84 125 -102 -242 21 -152 234 155 -187 -50 -166 -168 43 -98 -22 11 131 113 55 248 54 210 170 -34 114 151 147 -80 29 85 83 -36 16 141 -191 12 221 -112 -3 102 206 -64 -140 -212 14 -147 -164 175 97 193 -174 68 24 56 231 120 198 184 244 -176 201 -68 165 -198 -85 103 -124 -59 164 -24 -193 -60 144 111 -135 77 87 -48 -39 -208 -49 19 137 239 -105 -31 153 -46 -218 -169 -110 197 -101 5 -69 78 -108 -32 -249 -167 80 -175 213 -86 -250 -90 167 -170 156 -61 243 -184 -71 22 -16 -128 -243 192 237 118 32 130 132 101 224 -127 -81 66 133 -239 -138 176 157 -125 61 159 -93 74 -78 242 -145 -35 -143 -139 -131 169 -205 -115 236 -38 30 -82 -137 -73 -241 126 -225 76 -245 49 79 106 233 121 142 145 219 58 -216 -136 0 -222 -117 -235 -88 -224 179 73 18 -157 160 -163 8 -118 194 207 -94 -91 -18 -62 191 226 -56 -221 46 116 69 148 -25 -180 -83 25 -63 89 215 149 -42 -33 -247 -7 52 241 15 -183 124 -202 135 230 225 -114 161 122 -234 205 174 -97 104 -74 -109 203 -116 182 38 63 50 -51 41 65 187 
TEST 174 ARG:-204 -52 -191 -63 -222 181 195 -124 8 -114 -74 37 -164 118 198 26 103 129 15 218 -107 192 -174 -224 246 -96 -172 -157 38 189 -236 -71 -24 -225 -144 -233 -25 -167 184 -19 10 177 209 -62 -142 -30 -36 -138 206 61 -32 -161 23 -217 -194 -211 204 19 -128 153 -104 16 43 -201 -53 196 -28 178 -246 -12 -250 -127 35 -5 127 -80 42 149 -134 47 -16 -145 101 -82 236 -68 104 147 -89 11 -168 -64 -17 -45 243 -179 -133 193 68 244 -135 176 56 163 185 49 -230 -216 -154 -106 155 51 -245 -137 -185 -151 95 -79 -247 17 115 -221 65 -220 -87 231 -47 74 -205 -149 122 141 -200 -108 -183 142 31 -227 -14 -103 60 53 -20 -2 25 161 80 87 -125 -182 52 164 111 -10 180 -57 230 200 77 215 216 -215 -184 45 82 -75 188 -38 -76 -207 4 -195 -54 -84 -65 -44 -130 -199 -8 156 -100 83 75 -39 211 116 88 -110 -166 -51 96 -150 -15 245 114 -209 -113 -7 63 48 -122 138 -153 -213 222 110 175 34 201 186 224 -176 -165 -152 167 238 237 210 46 14 -35 93 67 -90 159 24 -189 217 227 -34 166 54 81 -223 168 132 150 106 -148 -214 -93 -162 144 44 183 64 91 50 199 172 157 90 151 40 225 -197 126 -95 -231 -88 -120 -187 121 220 109 112 131 248 -18 -186 -143 3 66 152 -42 136 -37 -27 214 39 226 -140 124 -158 191 -41 33 -132 -59 -131 234 -31 -105 0 29 -210 -9 20 213 -239 -121 62 -4 85 98 239 -241 70 -249 76 247 -23 -228 140 123 -83 228 -6 -1 84 117 -46 -119 -181 86 -81 208 -26 242 -139 97 146 -55 18 1 240 -67 -136 203 171 -190 -203 -159 -50 105 -48 -129 219 -78 -229 -60 -178 -196 113 202 36 58 71 -235 -163 148 -243 -61 -33 160 57 21 139 174 -70 -202 -117 22 -29 -175 94 -97 73 190 69 -170 -56 -198 -112 -3 -240 158 -66 170 125 205 -180 -92 -49 59 -94 7 -73 -85 -146 107 -219 -234 162 -244 187 -177 120 233 169 72 134 -218 -40 -169 28 182 -58 2 241 -69 -208 108 -22 99 -226 102 6 249 -102 -147 -99 173 194 -111 165 130 -43 -193 92 -86 -237 229 128 -98 27 5 -242 -212 145 78 -248 -232 89 100 -118 221 -238 -192 154 -116 -160 13 207 -72 137 -206 179 9 -173 79 -21 212 30 -188 -101 -11 41 223 119 232 135 133 -77 -126 -155 -123 -109 55 235 -171 -156 32 -13 12 143 -91 -115 -141 197 
TEST 175 ARG:-211 -33 -177 184 38 -227 69 -57 -246 -82 118 -91 36 -24 211 88 -116 -128 19 -201 -153 -76 -13 -182 -122 34 -194 -187 -214 129 -79 234 161 158 -234 240 -113 219 236 147 56 -126 -241 -138 -83 16 42 -226 237 205 -38 -8 -40 -166 68 -42 -78 46 -188 59 149 -224 -92 -228 -225 133 -189 26 216 35 151 -45 223 -152 58 -200 -88 -25 -184 -162 -2 122 -52 -12 208 -240 136 132 -23 197 225 17 -243 -175 -232 -144 163 -21 -170 15 138 177 202 -11 -242 -205 131 222 -67 -161 8 98 186 -209 -222 -147 -197 123 -62 24 81 146 -60 -193 -172 -250 -46 102 103 72 162 -235 95 -3 -29 -59 82 112 -71 48 -70 -125 -198 -20 75 164 190 -65 -191 -216 -54 -119 -14 148 135 11 -229 -249 155 -179 -117 -165 -56 114 -192 -185 -223 116 140 249 -195 169 -87 -35 97 241 203 -180 126 192 57 20 -132 41 210 -173 218 74 125 152 52 -112 66 191 1 160 -80 -236 -143 -134 3 -48 -158 142 -129 76 65 245 -64 -146 -86 178 -174 -167 -238 -212 -53 166 9 -31 -106 159 -110 -149 -30 -47 12 -210 128 229 -199 92 -51 239 106 108 -104 -133 213 -7 -50 176 96 -230 -136 -233 -127 -142 -157 209 113 53 -108 22 -19 -237 14 201 193 0 121 6 55 -169 101 -74 -96 157 181 198 -81 77 39 -171 -176 -102 -58 -215 173 188 -9 -94 127 -114 -4 246 150 212 -159 49 -181 -107 -98 238 243 227 85 215 40 -26 115 -43 -49 -124 70 2 120 -206 -1 153 143 -55 -17 -84 -18 -118 -139 207 -63 84 28 139 63 51 30 -123 194 93 45 -5 217 200 137 86 50 141 -6 248 -164 171 -137 -221 -15 83 105 119 185 -66 -186 -89 5 -168 80 21 -204 -99 230 -202 -10 -247 62 -75 73 -115 -39 -77 94 174 109 242 -36 -156 -121 189 100 -100 -151 -239 -101 232 27 89 54 214 -34 145 -69 47 -95 -145 -203 233 61 -218 226 -190 43 165 18 170 87 206 -109 7 220 107 31 -208 60 -44 124 -105 -245 183 -231 -97 231 117 13 235 130 187 64 -207 104 -32 -154 -135 204 33 90 195 44 -37 224 167 244 -28 -111 228 175 -244 -248 10 -61 -217 -16 179 -213 32 -160 -103 -73 -85 168 23 -155 111 -183 79 172 78 196 221 25 37 4 91 -148 -93 -140 -150 134 -90 -41 -196 -72 -68 180 -141 144 -22 29 -130 110 -120 199 154 71 182 67 -163 247 156 -219 -220 99 -27 -131 -178 
TEST 176 ARG:120 -65 -137 94 98 44 150 -129 -136 226 -177 -94 211 191 249 -101 -104 15 -181 -176 -239 151 -180 -249 91 -173 -57 32 68 34 71 204 97 -228 -87 242 -202 -51 -218 -220 88 61 136 205 -174 110 243 -222 162 -118 -30 -15 11 -111 -197 -138 2 -36 -21 108 -34 -162 135 90 101 -123 12 -83 141 27 -212 83 78 138 -98 105 -195 183 -86 -6 -139 148 176 -53 -141 143 5 -28 -106 145 -207 177 -52 -9 64 -60 -140 -96 140 60 -199 180 86 17 47 104 146 -144 -155 149 -223 -74 7 244 137 73 -3 111 -170 -61 239 207 -109 127 -203 169 -153 171 -142 38 168 31 121 65 -91 82 -233 -90 33 -93 130 -185 -41 116 -237 53 102 107 163 238 -33 -215 99 -151 -131 -64 21 212 161 -238 -150 74 -246 124 14 -114 233 -77 -67 -235 106 28 -72 -196 41 209 236 125 -71 -248 56 -47 -134 92 10 -59 -107 165 8 -158 -85 -130 54 118 -157 23 25 194 -148 -126 188 -81 170 -159 245 142 -125 -4 221 -40 -120 -2 -232 202 -10 -102 213 247 -50 -163 197 -147 -46 -12 186 -124 166 -244 -186 -110 -42 -204 75 -92 131 139 -70 -236 -128 -29 196 167 -230 -161 -5 -188 -66 -169 81 -115 -56 -172 -58 219 173 -27 -191 13 -243 113 -182 222 -80 122 190 192 -55 -32 159 -213 224 203 84 -18 67 232 -200 -113 79 -231 20 -242 201 -38 -82 -165 -45 164 134 -160 -193 174 240 -226 -99 -8 -43 -184 3 -116 -132 -192 70 -164 109 1 43 -179 210 126 -211 223 19 225 175 -7 -31 -68 -216 -178 4 18 52 235 195 -73 66 -108 42 231 182 -217 216 -135 179 184 -234 -17 50 -133 -210 115 -49 160 -208 181 29 -117 237 -149 199 -166 -167 -227 -189 -168 24 -35 -156 234 -190 189 -22 198 -183 35 39 -206 77 -112 185 208 -175 59 -201 46 -14 230 22 220 -88 -37 123 26 246 -250 114 -229 95 144 -198 -119 30 0 128 156 214 172 -95 -54 -63 200 93 129 117 215 -79 -245 -127 152 187 69 -44 158 96 -221 49 -103 -97 228 -39 51 40 -76 76 37 -143 36 -11 119 -122 -214 -25 -48 -194 -145 229 -146 9 206 72 -154 -23 133 -19 89 -209 147 -24 153 16 -62 -152 103 -75 57 6 -247 -187 -241 45 -84 87 85 -1 -78 -205 157 112 154 227 217 -69 -20 -224 155 178 48 80 -26 63 -100 58 248 62 -89 -171 -225 55 241 -13 -240 218 -16 132 193 -105 -121 -219 100 
TEST 177 ARG:-233 113 127 93 -115 161 -100 148 184 -48 202 -70 78 -90 -237 235 190 76 -225 -139 193 -14 63 -18 116 -77 64 60 38 -35 165 183 -146 -21 -248 -58 -213 111 -36 185 242 -37 173 -68 -241 138 -79 68 92 -224 -34 -95 -33 -183 -246 77 89 100 -40 143 -116 149 175 112 15 -212 0 20 -138 214 -32 -6 39 213 -206 91 -189 -93 191 -244 80 -88 142 -196 -164 -143 -3 52 233 211 139 -198 -210 87 -209 41 -186 10 -229 -187 -98 19 -194 228 -135 96 51 -221 118 -122 61 131 18 -44 -159 156 197 48 -160 -103 -147 -11 -86 47 -7 133 130 -50 -203 215 -121 -78 -92 -148 146 107 221 -230 -5 83 43 -144 200 -17 -15 -25 141 -112 -62 -192 95 -182 21 -124 120 204 -223 53 140 65 239 -67 187 153 -59 -38 -214 229 -75 -128 -242 90 72 172 -113 192 -51 35 86 222 -154 -175 166 26 27 44 22 246 -141 -120 169 -117 217 167 94 66 241 -49 7 75 -22 206 -19 45 218 -195 57 -71 -130 208 162 -207 -215 40 225 82 -228 115 219 -151 98 -239 199 -80 -57 129 5 -63 -97 -129 -193 -162 109 -173 196 -110 -43 -109 -81 -126 -12 71 220 -10 -24 108 186 155 119 180 -66 249 34 4 -105 37 -28 -152 128 158 243 -172 -184 -169 -9 2 -168 -39 -65 81 -72 -208 238 88 56 106 24 -178 -216 -211 11 171 -31 -61 -247 85 -106 248 -87 150 240 -111 -180 147 210 -94 -119 -157 -218 -89 -2 23 207 181 -85 101 198 -16 205 32 -236 -231 74 170 -142 188 178 54 3 -167 -185 201 -161 247 -132 -202 -145 97 -29 -235 -158 -64 177 126 -84 -179 245 -238 237 -188 154 -131 132 -73 -13 16 -199 1 224 -204 234 55 -134 -69 189 163 -52 227 152 -8 230 104 -45 102 212 -41 30 244 -82 -118 168 -108 -250 -232 -26 117 -191 -205 -153 -42 -227 -240 9 -47 31 -96 73 -137 -20 99 -155 59 -27 -107 182 231 -60 -245 -217 176 144 -99 -76 -177 84 226 -163 145 33 -201 -150 160 151 123 174 -54 -176 -30 14 6 -220 -4 79 -200 -249 -53 134 209 49 -243 29 -127 8 67 137 122 -197 -136 103 -149 -166 36 124 195 42 17 194 125 216 -125 -123 46 164 -234 12 13 -171 236 -174 -133 223 -114 -101 70 203 -1 135 -55 -83 -219 62 121 50 157 -74 58 -226 232 -156 -190 -104 -91 -23 -56 110 114 -102 136 159 -46 -222 179 105 -170 -181 69 -165 -140 28 25 
TEST 178 ARG:-182 198 -125 104 -92 22 154 227 -187 -217 -106 -90 -22 -224 -61 111 -20 -26 -16 -54 -248 229 214 -162 59 -161 52 71 9 -6 -191 -203 17 -116 82 -128 157 168 51 239 -194 -63 24 61 -178 -223 -57 76 207 -138 -69 44 160 -234 -122 161 115 -8 166 -17 -2 -59 209 -121 197 153 -85 118 189 105 -169 -159 124 -230 95 -239 240 -151 187 -7 -249 204 -56 64 244 -199 -40 247 -103 173 -192 -165 19 225 233 -44 -80 40 171 142 126 -155 164 208 -179 -190 -158 141 -149 246 97 134 37 35 -97 -50 -153 60 13 -136 34 -145 4 41 117 -87 139 57 135 -93 144 194 -14 -142 131 184 77 -133 -36 116 123 79 46 -127 133 -98 -101 98 165 14 210 67 -148 -42 -146 -34 -204 -180 152 -154 -38 -139 -167 -124 -250 -30 53 -207 23 -225 -131 102 188 -37 -152 -201 156 -62 -174 -222 -64 230 -72 -70 21 -215 -200 175 206 -156 -39 -211 -81 33 151 122 36 -78 -242 195 -157 146 -188 236 -229 63 -102 177 -86 248 -238 -220 42 0 149 89 167 -245 -202 12 -164 20 -52 -195 -99 -175 -171 114 -177 136 129 190 -48 -1 -219 -247 -196 -237 -83 -235 -184 -13 222 -197 185 169 242 -113 55 -134 231 -132 101 -21 -18 191 -243 232 -109 -49 180 3 47 125 54 159 -168 158 15 -47 113 182 99 6 -51 1 200 215 -118 -170 148 202 -110 -117 -172 8 192 -166 -74 120 100 -58 96 -147 -210 -141 70 243 145 83 -198 -176 216 -100 -216 196 -95 72 121 203 -31 90 143 -119 -120 -107 28 226 109 -89 218 106 50 -135 219 87 -24 -43 -236 -130 -27 48 110 56 -213 -232 -140 -33 -137 112 -91 16 -227 -123 -29 -126 183 107 193 178 -181 212 211 -55 130 74 174 -233 84 217 223 -77 11 220 2 -185 -112 186 -10 163 -53 49 -218 -4 170 150 -73 -23 201 176 224 29 -105 -32 -150 -84 -208 -183 -212 -75 249 -28 119 -160 -226 -9 94 92 -12 -79 -94 -71 -209 75 91 88 108 -15 -228 -19 -143 -231 179 138 205 -67 -45 65 228 25 -3 238 241 58 -244 -193 172 -205 -41 -241 -11 80 78 -114 -88 73 86 -189 199 -111 -46 45 181 -104 -115 140 -108 -68 -246 43 245 162 103 221 -186 18 -214 7 81 32 30 -240 213 -206 -221 5 26 69 237 68 38 -35 -60 62 147 39 10 -25 -173 155 66 235 -163 31 -129 85 132 -5 27 -66 137 -144 127 -76 -65 -82 93 -96 234 128 
TEST 179 ARG:-49 25 73 157 235 117 -155 9 -48 -67 -174 -206 -91 170 81 -86 -130 -201 -162 -71 141 -158 47 -177 -7 231 205 -22 -175 -9 213 92 78 174 -54 -42 -87 -27 -1 89 -123 -237 61 40 -226 -236 -63 -240 222 -139 -165 -195 27 -112 21 -113 129 210 177 12 -145 -128 212 220 179 -197 116 70 113 107 144 -170 -16 128 22 -216 96 -205 11 -137 -242 176 -178 -81 -233 248 -61 120 -172 -148 -92 240 -187 -33 -101 -40 -38 -196 30 239 93 -241 104 -98 59 82 -102 -189 28 20 74 41 154 66 -108 169 -222 -199 91 -89 118 -46 224 -144 -12 247 -84 146 232 -55 -17 124 181 -243 -14 -18 171 126 204 0 -62 184 110 19 214 -39 167 -45 125 10 -105 -180 -146 -73 -151 -57 -21 -78 -109 -35 -5 -176 -82 -246 8 153 189 71 4 -248 -4 -66 -229 -192 -153 -74 -111 -150 194 -106 115 46 -157 190 -76 -95 -164 -204 -70 -116 111 33 140 -160 -69 -215 -126 187 -129 -191 36 17 53 138 -228 -134 -100 211 29 242 -211 156 227 165 -218 -52 43 -224 114 228 246 -3 15 -115 208 163 55 62 56 -131 -181 -99 182 -90 234 180 106 6 -220 -179 14 99 -56 -51 -212 -120 137 18 -232 -41 -23 -107 -104 -167 31 58 215 -36 168 103 -235 38 193 164 5 -166 32 26 133 86 -230 57 75 -96 -50 -200 244 225 151 -239 -210 200 237 207 -219 -25 -214 -142 77 197 -202 -152 -59 -163 148 229 69 -19 199 -26 243 -188 -140 219 -208 196 142 203 98 109 166 -168 186 -122 -119 -58 16 -10 -156 65 34 83 143 -65 -194 241 -72 172 173 -213 161 -60 -29 -125 198 -190 68 -103 -37 42 -149 123 -250 -234 -53 -2 -141 218 -85 217 -238 131 51 -227 201 134 132 112 -133 216 160 88 100 -30 23 -185 -184 -13 -110 -147 -80 -247 119 206 35 72 135 121 -121 158 249 -32 -24 -93 39 54 -173 185 105 145 136 223 245 -114 -244 -94 -117 -43 85 87 60 79 -68 130 -97 -171 -118 1 -225 -249 -132 13 -183 -88 -135 188 -245 159 49 24 2 63 178 230 3 -124 -169 -186 -217 -136 149 -20 64 -11 37 236 101 150 -231 67 108 -75 238 183 162 -31 175 -79 -6 -83 95 -161 -138 -8 -127 -15 52 191 202 7 -203 -77 127 80 -223 -64 195 152 -44 221 -159 -198 102 139 44 97 84 90 233 122 -28 -207 226 94 -34 -182 147 50 192 -154 155 -193 76 -47 209 -143 -209 45 48 -221 
TEST 180 ARG:-133 -15 -2 -225 199 -176 -63 229 -106 123 174 155 232 -44 117 162 -232 -127 115 -68 130 221 -186 146 -218 -12 -122 -58 111 -67 196 -238 13 -53 -139 -38 -196 51 -113 34 9 22 -96 -150 206 157 132 -79 -55 192 48 195 169 216 76 159 200 -233 -110 240 77 -51 -212 124 86 64 -49 -135 97 -28 -76 -5 -163 -84 -59 -248 50 75 144 190 126 -195 211 173 -245 -167 -165 -136 -64 139 -74 45 186 8 -32 -101 226 -30 -241 104 247 73 95 -206 58 -57 197 -114 68 -34 -23 -149 219 -153 62 -231 60 24 -234 -131 236 142 -169 -100 127 107 170 -3 -197 234 249 148 -166 -216 83 96 -75 -157 207 -29 21 -10 101 -97 31 -237 -20 151 -230 154 59 -69 -205 55 5 244 150 71 -219 -239 23 -111 129 140 -112 223 38 128 -210 -4 -227 70 42 -117 -191 189 -211 120 193 153 -13 -161 32 -240 -21 149 -90 53 -164 176 88 246 -73 43 65 -116 -145 20 98 -173 -228 239 137 -17 15 -172 81 -104 -147 112 -7 -71 -183 39 -41 102 -91 -109 -217 -249 82 -178 -85 122 85 114 -120 180 -175 41 -202 -92 188 -126 177 17 -189 12 36 -140 -9 -102 -204 -87 217 -151 -182 178 -229 -246 -27 203 -26 -107 -129 25 165 158 99 -168 -81 218 -209 182 37 136 202 225 35 138 -170 -162 -208 -198 209 -174 -65 204 4 -31 -137 -121 119 10 191 -235 -199 -180 -70 205 -83 -192 -35 145 -146 29 135 242 14 -36 -223 -187 -18 0 143 52 235 -159 -66 194 -48 -118 1 -103 230 -143 201 110 -60 6 -115 103 233 27 -82 91 108 -45 -119 156 56 11 -188 -125 40 168 -47 -160 131 147 -207 84 -8 224 113 179 -95 212 67 -155 57 -201 -52 -244 243 -148 -194 215 -43 -6 33 -124 161 49 164 213 -134 -215 -236 228 -78 163 78 -62 -1 166 134 -56 -88 54 121 -247 116 133 167 -184 94 -14 -61 198 184 245 -50 47 44 -250 -132 238 30 106 -42 220 66 -77 -19 69 -93 -105 -46 -156 72 100 141 -72 -213 -158 63 79 -224 -37 -94 -203 105 231 80 125 3 -11 -130 -40 89 -243 18 -242 227 -24 185 -177 61 -152 -25 171 160 -190 -200 92 152 19 -181 -179 248 7 172 237 26 -39 16 214 -98 -108 -221 175 109 241 222 -144 -89 -138 -16 183 -99 -22 -86 208 -33 -171 -123 187 -142 87 -222 210 90 46 181 -193 -220 -214 93 28 -54 -80 118 -154 74 -185 -141 2 -128 -226 
TEST 181 ARG:-5 207 -32 13 -31 16 -243 189 -250 65 -166 17 -50 54 158 -181 -161 -95 -109 183 -28 -139 140 -3 -223 -91 -177 77 129 -150 -13 -204 92 184 -171 233 -8 -125 160 -174 147 87 -183 -222 142 172 150 -16 -103 -113 -104 -77 -15 -145 -154 40 75 -212 -215 247 28 -232 -182 118 126 -59 177 221 -120 241 200 50 -122 145 166 -224 -135 240 -70 -44 59 -115 -75 -22 -121 112 134 -76 35 64 167 -207 -211 102 -179 83 209 57 73 -55 29 -186 188 -87 -169 82 249 164 99 42 -158 -25 -84 -140 220 -138 37 -71 -213 -101 90 -110 -85 104 -1 -221 -67 -39 100 -90 67 -194 10 -61 15 -65 148 24 246 149 213 -238 154 -219 136 11 239 208 -66 133 -163 8 171 -245 63 141 -92 38 41 -198 128 230 169 -134 186 -187 -191 22 -167 -99 -27 -18 21 137 -228 161 25 236 196 -26 119 116 43 -189 31 -172 106 -130 223 62 88 127 192 151 74 4 103 -249 210 173 84 -128 201 234 124 -176 -233 -159 248 -23 -63 72 52 138 232 -160 168 32 89 143 -47 -88 -40 -175 -58 95 181 237 182 135 115 199 109 -226 -235 -241 -197 79 226 -72 123 -100 -217 -201 7 80 49 165 185 -184 -143 -78 -131 222 205 -200 -234 -190 -153 -203 -149 228 -43 -86 -196 -11 -2 68 -96 -112 212 -164 117 -49 -7 -34 108 202 157 227 -97 -157 -230 -56 229 217 152 -114 101 -240 -10 175 30 198 -202 -136 243 86 91 -185 215 -126 -123 -229 -73 190 -80 46 194 216 6 85 153 139 122 51 20 130 61 -188 214 -19 26 -51 -155 56 132 -133 -119 45 -168 -9 -54 125 -170 -144 -33 191 180 159 155 -247 178 -57 -209 -237 27 131 -89 111 176 -178 193 -35 -14 -236 76 -132 -108 -116 78 -142 113 -118 55 -214 18 187 -64 -129 170 162 156 53 -127 179 219 96 235 -220 -60 -21 -42 -6 -242 -244 94 -4 -152 -20 0 -195 244 47 -137 -68 58 245 98 -102 9 -206 5 242 197 -193 -83 69 146 -205 163 -29 -74 -208 -148 225 -216 -162 -106 218 23 -38 70 203 71 -246 33 -210 12 97 195 -17 105 -227 -192 -53 -37 -156 48 114 -199 19 -46 224 66 -24 107 -36 -105 14 -30 81 -173 211 3 204 144 -107 -98 -12 206 -62 -239 -218 -141 231 -146 -225 -151 -79 -82 2 -93 -52 238 -111 120 121 93 -231 34 -41 -81 -69 110 39 36 -117 -94 -48 -45 -147 -124 -180 -248 -165 1 60 44 174 
TEST 182 ARG:102 -32 208 -226 -218 66 -36 125 222 -145 34 -65 139 170 -44 16 95 248 104 -165 -26 158 -78 49 -60 -166 -19 -84 -20 71 -204 246 20 -149 -248 -158 134 -176 180 27 -120 -147 78 129 -98 -171 24 -9 68 70 39 33 28 -28 -61 77 19 -85 -97 193 161 52 -232 167 -229 -161 -138 234 197 107 5 97 -29 -221 214 1 55 75 42 -2 -62 -11 183 -74 -192 -241 -56 211 26 242 -101 194 -30 57 63 217 145 186 -48 131 150 -159 82 -128 -212 147 98 -23 160 30 -190 -126 165 93 -220 -113 59 44 96 65 -239 -131 -13 212 6 -152 -223 -167 56 -75 195 -17 -146 -106 -137 -219 -214 -129 85 230 -132 23 207 -142 -213 189 146 -93 -130 226 69 76 166 -102 120 -168 -133 -157 -185 -187 164 138 -125 178 -206 15 -6 -236 -35 112 18 -183 106 108 -249 -201 -37 -123 54 -103 245 -186 -117 -99 123 181 46 -205 -134 174 -95 -87 -119 176 -105 -49 92 -42 177 31 202 -244 192 0 -169 227 12 225 198 -207 187 -68 215 -94 -191 140 -195 87 142 -89 137 -110 162 29 -18 -150 110 51 -118 72 -66 236 -7 191 -140 -67 -163 -211 218 -230 -104 233 -40 172 -8 -3 -246 153 -122 244 -108 -216 -179 62 -76 11 -175 -21 -77 149 36 79 206 111 113 50 9 32 -154 -63 124 -107 -112 213 21 -83 -181 210 -178 -197 -53 -82 -64 116 156 163 141 199 136 130 143 118 -14 201 -121 188 -4 -100 154 37 -156 -222 -70 -73 -127 -72 -46 119 173 -240 -177 101 -45 185 -237 -88 249 240 -34 -189 114 -238 13 -116 171 -170 220 -184 -109 205 -235 -52 157 -12 8 -162 117 -79 -208 -234 61 -38 -91 -54 -136 -81 -172 -227 148 -231 -148 -114 -202 -200 17 81 48 -15 64 74 144 -10 132 -39 3 -203 135 -160 152 -151 -139 190 14 67 -155 -242 -143 -59 90 235 238 -228 -153 -199 200 86 122 -43 241 99 -115 209 -233 -196 84 -27 2 91 -215 -51 203 40 216 -209 89 4 -182 -69 -225 -31 -55 182 -224 10 179 -86 -193 -111 223 155 88 22 239 -173 -141 -24 -210 73 -245 -5 184 168 41 -96 58 231 196 -71 -50 83 -198 -33 35 -194 115 204 47 -57 60 133 221 -135 126 -247 38 109 25 -124 45 100 -217 -164 -22 -92 -41 -1 103 232 151 -16 7 -250 169 237 105 127 94 -90 -174 -144 121 219 -80 228 224 -25 175 80 -47 -243 159 128 247 -180 -188 229 243 43 -58 53 
TEST 183 ARG:164 -205 -54 82 -49 56 131 236 -66 32 -123 -232 45 202 182 101 -44 246 129 176 47 -15 66 -34 154 157 30 -156 117 248 194 218 -115 146 84 -107 180 143 -43 216 128 6 183 -244 26 -224 88 94 -26 -129 -159 113 -12 -30 16 -201 190 3 -131 102 -45 68 165 20 161 -110 -40 133 -191 -112 50 -151 106 -121 -234 25 64 -35 245 -149 145 -239 -204 -135 160 80 -70 72 55 -3 -55 -243 215 240 22 43 152 -68 229 -168 -23 123 114 79 19 -61 -10 185 -227 -166 166 -163 -103 -101 203 -6 -82 162 206 -14 28 204 1 -147 109 81 -140 -138 -65 -105 -219 -29 -86 -97 -8 171 77 42 125 208 31 -85 -153 198 61 -195 169 -109 122 174 234 -141 36 60 -76 67 235 207 -218 155 11 -79 15 75 59 -7 -152 -178 104 -51 -194 73 188 -144 116 139 -120 -203 -213 242 147 -16 78 -173 -211 244 247 -89 -162 181 -13 196 144 -199 153 85 52 -60 -56 -216 -39 -63 37 -240 -67 -136 -180 -230 34 189 121 119 217 -210 -59 151 21 -137 -174 -247 23 150 58 -189 -75 -175 226 126 92 63 17 -176 -78 76 -127 210 225 107 159 -228 -95 2 -197 -223 71 5 13 -200 -111 -161 -84 178 -19 220 -170 103 231 44 90 -207 -90 -69 33 86 -212 184 -48 14 138 -58 124 -193 179 -91 54 -148 -248 186 -182 4 -25 -17 -116 74 46 0 197 -31 12 -241 -9 213 214 -217 132 -196 39 -117 137 120 91 7 230 -157 -62 -57 111 -128 140 -165 -22 65 239 201 18 10 173 -177 115 -250 224 -93 -134 -92 -53 -222 8 237 -87 148 -98 83 -206 -160 -64 -102 168 -52 98 -246 -146 -139 -38 -130 95 -192 -237 -164 70 41 -106 170 -21 -1 233 134 -235 158 -186 227 -73 -236 -238 -172 193 -37 48 130 -28 205 142 209 222 89 -188 27 -77 -185 135 29 105 -187 49 -133 -2 -114 -198 -171 228 51 -132 -215 241 -190 62 118 -104 -249 -183 -81 110 -18 -184 -41 219 -47 -11 211 -150 99 187 163 -220 -100 -167 -208 -94 149 96 -33 -145 108 -24 97 87 -179 -96 -50 69 -229 40 199 200 -46 -181 -83 -154 -242 -119 -118 -4 35 249 -158 -155 -125 -20 232 175 -36 24 -231 -88 212 127 -99 112 -142 243 223 -124 100 -108 -42 38 -225 167 172 93 -80 -245 192 -27 -143 57 195 -5 177 -74 -113 -214 191 -122 156 -32 -202 -169 -233 53 238 9 136 -126 221 141 -226 -209 -72 -221 -71 
TEST 184 ARG:32 26 -111 223 -207 -217 249 -166 -220 -211 -2 -6 -227 -206 -197 -137 -81 -92 207 -136 -99 -35 -149 88 -118 115 241 -73 156 113 -181 195 -182 59 -108 -187 -44 -219 89 -173 -236 -28 -243 150 112 191 33 -25 242 -224 -147 64 172 -121 -24 -172 -63 -86 10 -167 73 185 111 -72 -143 -46 -58 -95 175 -60 -161 -75 -123 118 104 41 176 100 -5 55 155 -34 163 -36 -32 -247 -231 58 -176 -51 -27 -177 -65 -202 133 -129 179 218 -146 -169 -180 -68 201 -215 124 12 -141 -230 170 -159 5 131 -194 -102 -61 -26 246 139 61 -105 248 110 -128 -171 183 -237 -97 69 214 -223 39 -20 53 -199 72 -89 -52 -113 209 178 -115 142 233 158 217 8 225 -234 197 37 87 25 14 149 140 47 237 -1 135 227 238 79 210 105 120 35 99 -150 36 49 -31 -50 83 28 -48 67 1 123 132 -248 180 186 193 -238 -126 -132 220 -17 -170 247 -38 -162 -232 -37 184 164 -190 215 -82 -107 203 -244 -186 136 224 -67 -74 92 -241 -64 -3 7 162 56 243 -4 -42 29 116 66 157 -21 144 -49 232 -40 -210 -239 167 114 234 -10 -226 160 -140 70 -53 -11 -246 -112 121 -221 -204 51 -233 102 -154 -70 128 -195 62 213 -122 141 -250 -106 199 -225 -189 146 77 -8 106 90 0 153 145 134 -205 152 -216 -56 -114 96 13 -235 45 71 -39 -144 204 78 122 -245 -98 173 -138 -193 93 -83 -30 63 -139 -80 205 4 -84 229 95 -19 -158 -54 -91 174 127 -178 -228 -212 85 168 -14 143 2 -134 -127 -22 138 -100 -174 -131 -109 198 -45 11 -120 -57 -184 -87 -41 34 -23 -151 -124 -90 211 159 148 -183 91 -94 190 22 -192 -200 -249 245 231 -214 -66 103 -125 60 206 -213 154 -93 130 40 -175 -7 65 -88 -119 119 137 169 75 117 -16 -76 -152 -222 84 107 -209 101 6 -163 46 -179 27 -218 30 38 -103 18 216 97 129 -203 86 -78 82 219 188 -135 31 166 -18 17 81 202 -79 228 -148 -55 98 19 182 21 57 -71 54 24 50 125 240 -242 42 15 -208 151 -116 -156 -15 -196 -191 20 -198 9 189 94 200 -101 -229 -59 74 -165 239 -185 165 -104 -77 -62 -157 192 43 -240 -130 -145 126 -188 16 -12 177 244 -33 -43 -133 -110 -160 187 -201 -155 -13 -96 194 -85 109 222 208 23 221 235 76 230 196 181 -9 -168 236 -142 3 212 108 161 226 44 -164 80 68 48 52 147 -47 -153 -29 -117 171 -69 
TEST 185 ARG:72 174 -35 -113 -20 129 30 178 -114 -230 192 106 -112 36 21 -2 -144 -238 171 175 104 100 124 -32 162 -10 242 -83 -180 -126 232 -243 -70 -7 -229 -143 243 -133 -165 54 94 -47 -239 -242 -208 -64 -15 69 -241 -222 83 -146 -173 246 -245 22 234 -71 -9 210 -31 -11 39 128 63 85 -213 -96 59 86 -150 -117 229 7 228 216 -202 -158 -159 108 -135 -17 132 -45 -72 240 40 35 -111 -59 -139 81 -100 -26 -234 75 159 227 -73 -93 163 -97 247 -116 153 224 236 -8 170 -28 -156 89 -14 -118 138 -57 0 165 -68 -160 -79 58 49 222 231 180 23 -63 1 -169 77 65 -231 213 -129 -248 -236 66 134 -164 -225 -134 -177 -189 -137 61 112 -34 164 -21 114 -85 206 18 194 237 16 10 -249 97 -121 -98 -194 51 52 -201 -38 -247 127 -1 -75 -120 -207 -39 74 -175 235 84 244 -168 -5 19 -205 -109 -103 24 73 62 -67 55 -197 -60 179 -56 195 214 34 -193 4 -228 -198 186 -125 68 -188 -196 -74 -61 148 -147 -101 -127 -18 199 67 -94 14 140 45 -155 145 90 249 -40 191 150 196 -44 225 -77 219 157 -30 -66 13 -214 -42 76 198 120 -138 241 -37 201 230 -4 47 -99 -115 -157 95 245 -54 197 26 187 181 -13 71 -215 -107 116 33 142 131 -185 -172 -224 161 -46 238 -19 -141 11 103 -33 29 -106 -87 123 176 27 147 3 78 -55 -190 48 136 -122 208 17 8 -51 93 -36 79 -203 96 151 -195 110 -171 126 -192 190 -105 -108 64 -226 143 155 109 168 -16 156 57 -240 172 -110 105 32 -145 101 -216 146 -149 220 248 209 -128 -50 -204 -219 -123 -161 -154 166 -233 -148 -153 -151 -182 -86 -89 46 -82 -12 82 207 -65 -52 -104 -218 183 -136 -223 184 149 -217 -6 169 42 122 113 91 -142 -191 -212 -209 -29 87 -183 -221 118 -41 -24 5 -119 98 -140 125 -174 43 -76 185 99 -200 -22 9 -23 12 137 -92 53 -227 -78 -181 193 31 -3 37 135 -131 182 -237 -206 -210 212 2 -90 -163 -62 -220 102 -184 -48 -91 -199 -179 -178 121 -81 221 -95 50 38 -132 -167 88 -53 -170 218 188 215 -69 133 115 107 233 130 6 28 -187 -176 -250 205 119 173 -211 152 -166 160 144 226 -88 158 189 117 -246 60 -244 211 217 -232 -84 154 177 -130 -124 167 203 -43 44 56 -152 -102 239 -162 -58 -186 -80 20 80 111 204 202 223 41 25 15 139 70 -235 -27 92 -49 141 200 -25 
TEST 186 ARG:15 178 65 137 27 -182 -179 117 -145 151 56 139 -225 167 -98 164 -157 -104 33 -31 -39 -204 -136 -180 -159 -208 172 196 233 232 181 -23 -77 74 -223 191 -207 214 -156 163 118 45 -35 230 -187 -26 130 -222 -53 206 99 -93 70 48 24 97 -12 51 20 -163 44 -228 -8 244 212 -139 161 22 246 -199 -49 102 134 -51 176 -115 -197 126 93 194 -84 26 88 203 -2 11 -88 107 -219 205 -54 80 17 166 -181 -48 113 155 -164 16 -132 223 234 -233 31 -72 135 -100 -89 53 -34 91 -21 -140 -183 129 -224 63 -117 28 -71 217 -128 -9 158 -61 -137 -160 4 -123 120 29 -14 -17 123 197 -203 -230 238 213 222 -170 -241 52 -194 142 -154 43 87 -78 82 -30 7 2 -178 220 -46 200 249 119 -73 50 55 -47 -82 -192 68 -114 185 36 -202 -213 -43 -122 242 -90 105 149 -27 -4 98 -121 -236 160 100 78 247 236 -216 -214 -67 231 -36 106 -99 61 -19 -83 -231 46 -101 -227 -152 159 -18 41 67 83 -95 171 -119 141 -92 -133 -58 -37 -127 124 58 30 -11 -16 -142 201 202 -184 153 -135 18 -209 224 -25 184 235 -66 -50 110 -125 147 204 -24 -80 3 -144 104 -5 34 85 -134 -79 -124 103 40 -147 198 -118 128 -111 173 -3 -238 209 -185 -210 101 8 111 75 -148 -52 39 168 -42 195 -87 -169 -74 180 -20 245 -244 9 95 -166 -212 -200 -91 -33 -96 -112 96 -15 -10 -217 133 14 35 243 189 77 146 239 174 -239 122 -188 -220 -106 -221 90 148 -60 -110 138 -105 177 207 211 5 -150 169 1 -243 240 -59 64 -141 -22 -81 -131 -29 143 109 241 -40 -108 -191 -174 -250 170 -215 -226 -171 -249 218 -70 193 192 150 72 -186 -130 89 -172 -76 -63 114 112 0 215 -242 -65 -237 127 42 23 10 -165 66 225 86 208 -153 -175 -162 -126 -56 37 -41 -168 157 210 -245 165 79 144 -109 -55 -155 226 71 -248 -158 92 154 229 -196 32 -32 69 -138 -246 -234 -232 140 -38 -161 -107 152 182 -7 19 -102 -190 186 -57 -28 -45 227 237 -120 60 -193 -85 145 -173 -6 121 221 -116 131 228 49 219 188 -13 132 -198 94 -195 156 -69 -218 162 84 -176 115 179 -201 -206 -62 -229 -247 -94 62 81 -129 -1 59 57 25 136 6 -189 -75 47 108 -64 -97 -211 -177 187 -235 -86 -68 -149 73 -113 54 199 -146 190 -143 -205 13 -103 175 38 116 76 21 216 12 183 -44 -240 248 -151 -167 125 
TEST 187 ARG:-62 -94 -90 31 155 229 37 65 -220 119 -162 105 39 242 -143 -31 243 -119 -82 169 -136 132 69 144 232 70 3 -70 -169 -144 0 -114 133 104 -71 -218 -53 18 12 -155 101 167 74 241 -238 -174 -64 -180 86 97 -104 -102 247 -3 171 44 188 -96 -83 111 -172 25 199 195 -81 172 211 -133 137 94 222 45 176 -88 91 -51 -22 -24 182 -135 216 -239 173 -211 141 -248 -232 -149 -107 43 -67 -92 -35 8 196 156 -164 -38 -63 240 -185 -29 -40 -154 46 115 -139 -182 -25 -199 -19 55 -98 174 -190 -1 -111 179 153 30 -69 102 26 76 -42 -10 79 53 2 -217 63 -47 -76 90 -11 -205 -132 -244 138 88 -168 21 36 -188 -243 -95 -191 -14 -209 -122 207 -159 -118 5 -4 109 -99 202 175 85 147 -233 205 225 7 51 204 -80 206 -27 -105 -33 -250 -117 -186 61 -84 180 177 183 64 124 224 -212 -215 -113 -195 -210 200 -237 151 -9 -131 -228 108 -30 -179 -247 -165 -178 128 214 -148 -184 10 152 -240 231 160 -78 -130 -203 166 -171 -121 212 -150 235 246 -85 -236 62 100 -183 110 158 41 135 -128 -49 -176 154 96 130 -201 -235 -158 9 -20 122 -89 -134 186 93 13 -16 223 210 11 27 -39 -142 28 -161 -59 114 123 -126 131 -45 -225 -192 29 -204 165 -61 -12 80 58 -54 -221 194 -196 150 113 233 146 20 -198 16 238 -145 84 73 59 -109 83 82 -208 107 -167 -214 249 215 192 -41 -43 -18 -28 -231 120 34 -160 193 81 50 -222 32 1 75 248 -116 191 23 170 -129 -60 -74 -57 -106 149 106 201 48 168 -46 -112 -241 -227 56 -202 164 -140 99 -189 -194 181 -163 -110 57 118 -127 217 -6 -36 -15 -91 15 -65 -146 52 -177 234 -93 142 -170 244 227 221 -156 -226 -151 -125 -193 126 139 -124 -52 -5 -152 -100 140 112 -2 -157 -230 35 127 159 -137 -219 213 189 237 185 -32 143 -166 -86 42 -72 71 -17 47 245 162 -73 -246 -207 -213 -200 187 218 -223 236 157 203 219 117 -197 -229 -175 -108 -56 49 -141 208 230 66 220 54 -7 -87 136 38 161 -34 -101 14 95 -26 -123 -79 -153 67 -138 -103 103 134 226 -97 24 -115 121 92 -224 197 -234 129 -13 19 -147 6 198 -55 -58 -66 -77 72 -181 33 98 178 -216 228 -68 -249 239 125 40 -120 209 -75 -48 184 77 -44 -50 148 87 68 4 -173 -23 78 -21 89 190 22 60 -187 -245 116 163 -8 17 -206 -242 -37 145 
TEST 188 ARG:132 -109 -101 -179 -80 -108 -121 -35 156 -188 8 -171 -249 58 -31 199 26 66 -128 246 36 -202 -210 -159 -42 11 125 -99 -242 -194 0 -220 -110 -230 15 -217 -74 -221 106 97 -156 -113 -132 -117 157 -143 -234 234 28 -61 5 35 -51 172 209 33 -185 -250 -123 101 87 -141 18 -65 -177 21 -114 -90 -20 -96 -147 39 113 -140 248 159 214 212 194 -133 68 226 165 -222 229 -85 -172 184 115 -231 190 239 104 -170 93 -232 -8 -155 25 2 77 233 160 202 99 205 -180 73 -134 -161 145 -136 -247 -36 -56 171 81 -187 -92 107 92 -184 -95 244 23 143 170 -207 -43 -235 139 -162 -46 -224 -13 -181 -75 -137 -70 -10 122 -63 51 -233 64 47 -62 -169 -212 218 -209 -29 176 78 69 -94 -238 -196 85 -200 201 -153 117 72 193 204 -49 -125 76 -23 -142 131 -225 105 12 -68 27 -239 54 -176 195 186 -97 -149 -87 196 49 50 206 -76 -248 133 -71 29 -236 243 46 -175 173 91 32 136 56 -204 -243 -27 247 -105 191 -118 -219 164 -44 -16 166 -244 149 -102 230 223 31 -154 155 185 -12 -127 14 -146 -78 -166 -122 -17 -138 61 -129 137 -25 -47 200 -64 109 238 -21 135 221 -150 -104 98 -203 -131 -103 -4 86 -174 154 180 71 84 140 -216 -9 187 197 -226 111 -77 -83 177 -183 -57 -173 19 -139 -218 -126 -53 208 -67 -89 -93 232 -111 90 -106 43 -34 -66 13 80 89 179 20 114 237 30 236 -98 224 -120 -24 -165 124 158 -54 192 -124 -152 112 -39 79 1 -33 75 96 -73 -18 -245 225 142 -1 41 -72 -86 -41 9 -58 175 -211 -84 -52 -227 -201 -168 -197 17 188 138 203 4 162 -163 242 -19 55 44 -206 37 167 -213 -228 -82 213 24 -186 134 82 -191 150 -189 10 147 144 53 -237 -112 103 121 163 -38 -6 -215 -214 -88 128 227 -30 -192 -22 67 240 -198 42 -7 45 -167 222 -195 -50 52 210 -28 216 -240 116 123 -60 -91 95 40 130 -32 -55 6 241 -116 3 -26 183 152 -246 62 -37 -15 -130 108 219 249 -157 217 74 146 119 -178 189 235 48 -2 -145 -190 -119 -79 -107 -241 100 220 -164 181 -5 -100 -45 -135 -148 120 -115 7 118 63 38 110 34 168 16 207 -81 88 -3 231 -40 -193 70 -208 22 127 245 174 -199 83 126 -205 57 -11 -69 -151 -14 129 -160 141 60 182 -182 -144 215 59 148 161 -48 211 -158 -59 178 153 198 102 228 94 169 -223 -229 65 151 
TEST 189 ARG:38 182 248 -146 -124 -203 14 115 -188 -180 114 -197 -218 -2 -140 83 224 201 -112 64 -205 -43 25 186 -107 -166 -194 -223 -121 -196 -213 -5 -156 -103 -235 90 111 -53 -242 -48 16 -27 143 210 -76 245 167 -152 118 249 244 137 -80 126 -1 -115 72 -92 -126 -38 -30 -10 -199 -97 68 242 159 193 -25 11 147 73 92 -108 -135 41 -13 158 237 228 18 -120 -231 -187 88 45 -176 -68 188 -209 21 -102 85 136 -75 212 -173 -87 98 191 35 -195 9 205 -95 -164 216 234 120 211 -220 36 -22 225 56 -111 -165 70 152 93 84 52 37 217 -227 133 -200 -241 -181 -148 -28 -60 -41 139 124 235 -163 110 232 91 112 75 -243 76 -193 177 138 -20 -64 -26 183 32 119 -138 156 -82 150 -45 -142 189 223 -50 53 157 113 -32 -248 -78 208 -36 -131 -29 33 -9 23 1 89 34 -222 -69 -236 -245 -145 -175 80 -34 -74 209 62 47 164 -172 -59 -179 -96 160 -100 -83 -201 -208 -86 106 -183 202 74 -191 -211 -14 69 81 46 48 103 51 171 236 -186 215 -238 -129 184 43 4 -204 197 -244 226 -130 99 142 -158 61 -16 151 -216 213 -49 -18 -23 -141 -230 128 146 27 162 65 -174 -151 -127 132 -3 -113 20 -168 -65 185 180 -31 -63 122 -214 -79 -101 3 190 0 96 50 -84 10 247 -4 77 86 -229 129 -116 108 -77 174 -62 -212 -139 -171 195 -98 -70 241 -105 172 -24 -157 -73 -234 153 198 127 -149 -47 101 -19 -33 7 116 -8 203 -247 230 -37 221 -133 -144 -99 154 169 82 17 -106 78 148 59 -143 -147 26 -190 58 240 -94 28 2 125 220 -237 -72 -117 22 135 176 -240 -169 -233 121 131 200 -51 194 117 192 239 -90 -224 219 54 -89 -206 170 60 79 109 173 6 67 227 31 -71 141 231 8 42 199 102 134 -217 -125 -177 -239 87 -85 -61 -225 -104 187 204 -249 -207 -54 -134 -93 144 -67 -178 233 -21 -170 -40 166 -7 -58 -185 222 243 12 -154 -210 -91 -132 107 39 -88 -159 140 -226 24 -150 -219 -136 168 130 -192 -228 -15 -182 -42 30 -56 66 196 175 100 163 104 155 178 -110 55 -6 49 -161 -215 -137 165 -198 179 95 -123 161 -155 -246 -202 206 218 -232 105 97 57 -184 63 -17 -221 -35 145 19 -122 -55 15 29 -162 94 -57 -189 13 207 229 -118 -167 -250 -81 149 44 -11 214 -46 -119 -44 246 -160 -153 40 -39 -52 -128 181 238 123 -66 -114 71 5 -12 -109 
TEST 190 ARG:-154 91 -69 -226 -137 68 155 -190 -150 -192 -215 138 -191 205 102 -231 114 -12 144 -128 -217 -249 -3 -97 -219 149 133 30 113 23 34 248 48 -212 -180 -82 -132 241 -50 81 -6 94 33 -248 183 -200 -65 -225 50 -149 239 212 181 99 64 63 -195 5 224 -7 -80 -143 -199 88 167 176 -179 -104 -35 -114 -1 218 65 -42 -37 13 -175 179 87 -148 40 178 -239 17 -152 90 -45 125 -188 -135 76 106 169 173 128 -48 -130 -198 -181 86 -115 127 -30 62 121 21 84 145 139 25 14 3 148 171 162 -32 208 53 226 117 151 129 -235 -153 22 -60 -49 -40 10 152 -223 105 72 -193 -98 244 -67 -222 180 220 -91 -196 29 153 217 142 -174 198 38 136 131 247 -43 232 -187 -211 110 -17 120 165 2 -19 175 115 -108 79 -51 51 188 -107 -169 36 -23 -99 -147 107 -164 -47 -214 215 -216 -146 -102 196 -127 -184 246 -151 -25 -205 -79 222 42 158 -38 -213 28 190 20 -220 -232 31 -218 210 229 -229 -88 -89 202 -145 -54 141 55 147 -173 -71 -34 -55 143 -131 201 -63 242 -24 -100 170 103 67 -84 70 122 -203 -244 -242 184 -22 -109 199 191 43 -39 134 -126 204 146 221 -197 49 61 92 -202 69 16 177 -166 -28 -171 -136 -21 -41 -86 -158 193 -31 156 -162 -144 -4 -74 236 -133 0 223 -9 192 -221 97 4 -18 240 -236 -233 -182 -66 -26 -90 100 -72 194 -56 46 -76 -160 11 19 -206 109 -155 189 159 249 161 -105 166 24 -27 237 37 52 135 -16 -8 -170 9 140 123 174 -121 7 230 -57 154 197 -230 137 -53 245 95 73 238 -139 32 207 -176 71 243 -106 93 -110 211 228 27 -247 -2 -207 -163 206 -161 -93 -159 -68 -178 -123 82 -75 58 39 -240 1 -29 83 111 101 41 235 -118 164 -141 163 47 -58 45 -44 78 85 -124 -112 35 200 186 56 119 -101 -165 -5 118 -210 77 -103 112 57 26 219 -95 -234 124 89 59 -85 -46 195 -201 -11 -78 44 6 -96 -189 -117 -62 -73 214 -83 -81 -77 116 -14 -142 -156 126 -52 -140 172 -61 -224 108 15 -208 -125 8 157 -138 -209 -204 -238 74 234 -183 -241 -168 187 185 -113 75 -157 66 -20 -122 203 -167 80 -185 -228 -250 231 -177 -94 233 -70 98 160 18 -15 -134 -33 -10 182 -245 -111 -119 -120 132 96 54 209 -64 216 130 60 -13 104 -59 -129 150 -246 -87 -194 -92 227 168 -243 -116 -237 213 -36 225 12 -172 -227 -186 
TEST 191 ARG:160 -25 -199 185 6 218 -97 212 -234 -225 164 124 -180 -16 70 -67 -41 30 -22 9 230 -246 -127 -35 248 13 -147 -102 -83 -213 177 -200 -49 198 87 -119 -94 79 72 93 44 173 205 -188 135 159 174 94 190 -69 74 0 -132 155 -74 42 20 232 -170 147 236 188 -240 -110 -28 31 -12 116 243 -181 199 -75 96 208 -20 235 162 148 -154 61 -178 178 -195 66 -165 -223 -54 221 -176 -101 176 105 -116 -150 -15 90 143 84 156 172 17 -138 -23 86 -48 -4 119 215 -128 -50 37 193 136 10 29 73 166 -112 -137 -235 92 231 -140 -211 -226 -245 -157 -152 141 -10 81 154 49 -215 -156 -70 77 64 223 76 35 114 1 129 133 203 -166 239 -182 -85 -242 -222 11 150 -161 244 -65 -206 122 22 165 -84 157 -32 -243 40 -168 -105 16 -171 -217 -151 -19 -172 -90 -120 127 121 -177 -66 171 71 118 -62 34 46 -76 -52 -189 -113 -98 130 -121 -122 183 192 247 187 -61 43 23 -221 -14 -78 82 75 132 -51 -114 -40 109 -210 100 -131 58 67 -187 -201 -239 -153 80 -163 -108 98 91 -3 214 -134 194 -45 2 -77 -191 213 63 39 -126 -107 -6 89 -185 -57 226 -58 83 103 -71 -207 -202 -190 -5 242 149 -237 50 -86 134 12 -89 -238 55 32 -87 -136 123 -56 -212 -184 -244 -24 -228 -218 180 144 249 234 -95 15 -196 -149 -34 -104 7 104 -233 -118 -13 -31 -38 -247 62 241 138 -103 137 -158 216 -73 3 8 -232 56 184 -248 53 -159 -81 19 227 117 -37 229 209 -39 54 -143 -203 -47 202 200 182 -18 4 28 110 -173 -53 -63 206 152 -29 197 -109 228 204 -208 -68 88 131 -1 -145 126 -183 78 -198 -92 -167 108 -162 -133 -174 -2 -46 48 240 -43 57 -205 99 59 -64 -42 224 -125 -111 196 175 -93 -106 68 142 -8 210 151 14 125 222 115 -115 106 189 -139 167 51 -155 -175 -230 26 -72 -21 -79 -26 -224 -82 158 238 -209 -129 -27 38 -179 225 -164 -249 -194 168 217 36 237 -193 245 -160 -236 161 233 -241 -88 5 -227 -80 -44 -219 -124 21 220 -135 25 102 101 -148 113 33 120 140 -214 146 -55 69 -11 169 181 41 163 -96 -91 195 52 207 -7 -142 -99 24 -204 -231 85 170 -17 -216 95 153 47 128 -250 -146 211 107 -36 -60 191 111 27 -9 -30 179 145 -186 -141 186 -123 -59 219 112 -220 60 -229 -169 -192 -100 246 65 139 -117 -144 -130 18 201 -33 45 97 -197 
TEST 192 ARG:41 -116 69 -115 127 -138 164 225 -164 177 -213 26 73 -206 -236 137 -135 242 -240 -137 132 -120 20 -157 -97 -47 -49 -132 232 -25 -239 186 -82 247 -223 -197 -66 -144 53 -200 -191 29 166 62 89 -71 221 -64 198 -125 -65 -243 -75 -84 104 -210 -37 -123 -126 -78 238 -106 -6 -41 -56 -148 -196 -32 -104 153 195 147 -39 131 148 249 -10 -27 181 214 193 -96 40 47 228 28 200 39 80 -232 -178 -48 163 -184 156 55 -26 -5 -226 51 219 241 138 -28 -128 240 136 202 76 134 -105 -198 203 -229 171 -111 183 -167 222 244 -93 -3 -220 -247 152 46 -241 -19 -34 83 204 165 -225 -205 120 109 97 -69 -151 42 86 -89 -92 70 -244 -50 236 -62 -131 23 237 162 -53 102 154 -31 -234 -177 -8 239 -113 -174 -114 -165 -171 124 -193 -33 218 -129 93 -233 229 245 -133 33 115 -204 -70 123 -173 184 -187 196 190 211 -142 27 -127 -18 -214 -199 -15 -107 -83 144 -118 9 84 15 78 -122 -4 -101 -143 35 36 -1 -59 215 18 14 -17 172 2 -189 12 188 106 63 -20 82 64 -90 -238 -152 77 -194 21 -57 103 -212 -136 248 224 -102 -117 -130 -207 3 139 189 -68 160 44 -2 -110 235 -140 -42 121 -216 114 -154 -61 -175 -9 -169 208 -160 -179 212 -30 -217 246 65 -172 101 207 -185 180 -155 5 1 -35 -67 112 88 -36 187 220 50 24 210 209 205 194 -38 74 -186 -227 161 -149 96 -221 -76 52 141 95 92 8 168 -95 17 170 227 -218 91 -74 -109 -190 169 191 223 -146 61 -119 -161 16 140 -7 -100 -180 -153 32 116 -248 -63 -192 -181 -147 119 -242 -124 -45 81 -94 -183 -44 -201 -168 -249 -23 7 -54 66 179 0 157 111 173 -80 75 -60 59 19 -77 146 107 34 -21 217 213 108 -245 99 155 234 -188 199 -237 -86 13 4 -103 -202 105 -11 135 -13 -22 -235 -108 -208 37 -88 125 -52 -112 56 178 133 68 58 231 60 57 85 126 -139 150 143 10 129 128 174 175 -211 -182 87 38 -195 31 -51 -159 117 -121 30 192 -91 -24 -150 98 130 -43 79 -203 159 -98 -163 182 158 -87 45 -219 216 -224 -156 -145 -29 151 -166 -16 149 226 -12 -85 22 113 94 -40 -79 -250 206 90 -58 185 -215 54 72 -176 25 43 -81 -231 -170 -158 243 -209 -162 142 -55 -73 6 48 -14 -99 11 110 -246 -141 122 -134 -46 230 201 176 49 -222 -230 -72 100 -228 167 145 233 67 71 118 197 
TEST 193 ARG:117 -158 33 -62 -130 -242 170 -140 -82 159 -50 -152 121 -205 -236 235 -81 185 182 -185 73 -182 112 113 -24 -151 85 -11 124 220 -91 -244 95 165 -84 94 226 207 63 -159 -229 232 -73 -21 126 -204 59 56 133 199 -63 246 -80 -65 -93 -165 -117 -240 -125 224 -148 -5 42 -104 87 228 244 115 49 141 184 -163 -126 240 14 200 187 239 29 -186 118 -105 -133 10 84 154 122 41 76 -144 134 104 -232 -237 248 21 221 -55 211 -122 -25 83 3 55 108 -248 -131 171 127 72 43 -89 225 -146 189 -166 183 100 -154 166 -231 -16 -224 -41 -106 -128 -181 -114 -243 160 190 204 -145 -250 132 -191 -6 -228 179 37 5 -48 105 -218 175 -136 -118 -88 81 52 69 82 -156 -119 -77 119 106 -169 15 92 23 -149 -189 78 147 236 206 168 176 -167 150 -227 101 16 -32 70 195 39 13 24 -52 -108 213 -51 193 -249 -96 -187 -112 -57 -235 135 -34 -43 242 -95 212 -107 -225 217 -56 210 97 169 -72 -9 -102 -40 -45 27 51 -132 -127 -68 -86 209 -74 -20 -98 -33 -223 -97 -134 131 194 222 -39 -14 -220 54 -13 98 192 -83 -153 230 203 -193 -92 -59 191 -176 -206 -12 -207 234 -210 71 -47 -137 -35 219 80 -1 -60 139 -217 -113 -120 116 65 53 -110 -124 202 26 8 -202 -103 145 36 -216 -199 -195 67 -8 114 -239 6 172 -147 241 -75 64 -26 -241 20 -58 96 -36 -79 61 -178 -49 249 19 58 198 11 -221 -213 40 215 66 91 -208 93 -27 125 -194 -123 -87 -135 237 -177 7 -99 173 218 -141 47 31 111 -246 -184 -161 140 -172 -29 -121 -230 155 -171 -42 86 143 -94 148 163 -142 -211 -4 137 -219 -70 233 25 30 -196 77 -179 -30 -226 -38 45 -192 -111 186 -247 28 107 205 -67 167 -85 -162 123 -115 -170 50 88 153 68 201 -69 149 -190 -44 180 46 110 188 223 -100 158 144 -175 178 89 -197 2 74 146 35 -53 138 152 0 -188 18 -46 245 177 32 130 1 -245 -150 -116 -54 216 -138 -3 17 -15 -168 -10 62 60 -215 109 -198 238 -173 247 129 103 -180 231 181 90 -183 142 -160 214 164 128 229 48 -214 197 -129 -28 -76 -212 12 -66 -234 -78 -201 -61 196 -31 44 -64 -101 -17 102 22 -155 -222 57 75 -2 227 136 161 -71 -22 -109 -7 -157 174 4 -174 -143 157 -139 -233 208 34 38 162 120 -203 -238 9 99 -164 -200 -209 151 243 156 79 -37 -19 -18 -90 -23 
TEST 194 ARG:-1 -61 -160 -190 226 122 101 -16 -110 48 -3 -71 -130 89 -195 -8 -67 -52 -234 247 -175 50 125 -209 -25 -158 135 191 136 194 189 77 -131 177 -166 -120 -122 58 62 161 -236 86 128 117 244 68 24 15 103 38 -156 -139 -215 76 -218 43 -119 -43 -174 -206 98 -162 212 -169 70 118 -142 -207 147 53 -2 -13 46 197 -199 -153 145 64 -187 -146 -123 134 -111 35 69 -144 -221 141 -183 -128 174 204 -176 -164 143 -18 138 34 -10 -168 193 5 172 -31 -132 -83 179 -243 41 -115 -202 105 7 235 186 -233 227 225 126 129 8 210 -117 -197 220 -152 -154 -235 -184 236 -229 137 170 -77 29 243 -137 -217 0 -78 144 54 -247 -58 -24 -68 -93 -29 -86 -201 -62 72 -46 57 63 -145 113 -136 -101 -38 -245 23 -213 -163 115 -135 -9 -103 -225 -147 28 49 -238 12 -181 -72 -66 -40 154 140 -30 -80 180 -69 -45 132 114 26 -107 157 75 -248 185 32 -105 -39 245 21 -33 -133 -19 -186 -177 -74 232 -148 -121 -185 166 108 107 242 -155 -223 13 201 209 160 181 -53 33 -140 -56 -94 241 -134 192 -205 84 83 9 -106 167 -89 67 198 200 -99 -171 233 -126 248 -73 -138 -100 45 202 4 -15 221 -4 97 -165 -249 112 -113 -47 215 234 -116 246 -191 74 -70 -203 -63 158 -32 -204 150 73 -5 111 223 123 -26 239 163 238 94 -42 -65 31 36 37 -182 -64 71 -22 -230 182 219 109 -23 -242 -35 -109 90 78 224 -208 -82 81 240 130 -112 -172 104 18 55 -150 -44 -179 -55 -170 214 14 -85 25 -149 -178 -102 -194 -210 218 16 -188 -7 -231 249 178 155 187 119 133 -87 -96 59 -84 171 -92 -34 102 -11 85 -54 -151 -157 -37 229 159 195 -90 -50 -91 -211 66 -104 106 165 127 -97 -167 -180 39 -250 -75 196 -12 100 60 1 17 -220 -95 237 -129 96 -118 -228 93 -216 3 -6 -27 -57 153 -237 -224 139 213 80 -161 -81 149 51 88 -141 -240 -60 230 146 156 -21 19 -232 -76 87 -98 56 -79 207 199 42 -159 208 -196 169 -241 151 120 22 65 217 30 -17 164 44 -48 142 82 -59 10 61 6 -88 188 27 176 162 211 -227 228 -36 92 2 11 124 20 121 190 173 -173 216 -28 -244 -222 -193 47 110 -192 184 168 116 152 183 -114 52 -20 -198 -124 -212 40 -239 203 175 -189 -143 -125 79 131 -200 -51 -41 91 -219 206 205 -214 -108 148 231 -127 95 -14 222 -226 99 -246 -49 
TEST 195 ARG:27 -121 36 74 -177 84 245 55 -133 -231 168 -50 -38 -242 29 -200 -170 -19 -157 97 45 4 131 -189 136 225 -98 61 8 94 -180 -113 -226 -30 -68 230 179 -145 68 59 115 -107 -33 49 -161 -211 158 50 216 119 85 123 88 -65 -158 63 122 240 46 -122 -202 -39 -176 231 18 -213 218 246 108 -239 25 -141 52 -143 242 -54 34 -212 -24 -112 -14 177 -2 -87 87 -185 14 156 -125 -124 -76 140 117 -74 -95 120 -82 37 23 -106 236 139 -175 -63 239 -190 83 41 21 78 28 166 126 -245 -144 -104 57 202 146 -114 48 129 5 -193 189 112 -7 210 114 243 209 -172 -110 132 229 -8 -152 172 217 -123 2 -246 69 182 220 228 -164 143 175 -102 -194 184 -94 -5 104 165 162 186 208 109 135 -184 -46 -10 -167 -247 192 -218 -230 -195 -186 95 -80 -108 -191 -57 -233 193 185 174 -188 223 196 180 -56 -154 -156 113 -234 9 130 -53 -45 72 -216 -227 -236 -162 7 -155 157 -101 198 -49 249 138 3 -198 -178 173 40 -248 124 65 -201 -224 31 -25 -37 -244 -237 -196 -219 -31 102 -210 -116 235 -97 244 44 -89 -23 33 -142 -187 -159 -140 -96 234 99 204 171 -118 -3 -13 -35 -149 -59 128 100 -86 -134 183 -47 -127 134 11 -173 -61 38 151 -52 194 226 118 -67 -26 -83 -207 -48 -91 -151 -85 13 15 89 -90 200 93 -225 206 -209 -20 203 -182 -220 1 -214 222 -130 159 6 -131 -81 -126 -221 -165 24 145 160 92 -43 -120 -29 170 -9 191 -163 70 178 201 -15 -105 -171 -51 -132 79 -78 35 66 75 -192 -111 -229 154 -135 232 98 71 -205 -115 116 -146 -168 -183 -41 195 233 54 153 -199 187 47 -137 80 238 60 -34 -228 -249 -99 51 148 213 221 -71 219 -136 -103 -181 -58 110 121 -6 -27 152 -73 -77 -139 82 190 -169 62 211 -69 -166 17 -241 161 155 103 125 -21 -223 20 -208 141 -217 -250 -92 -232 -148 67 16 -129 -160 107 207 -88 42 22 -60 -174 176 -100 73 43 214 -12 -128 188 86 10 224 30 241 96 197 137 -117 237 -44 39 -147 64 169 -72 77 -40 147 142 -42 248 127 -28 -109 247 -62 58 -204 -179 81 -22 -138 215 12 53 164 101 -206 111 167 212 106 -238 -36 227 -84 205 133 -70 -55 76 163 19 -203 -64 -93 -4 150 -66 0 56 26 -32 -16 -240 -197 199 -119 -75 -222 -79 -153 105 -235 -150 -1 -18 -17 -243 144 -11 91 90 32 149 181 -215 
TEST 196 ARG:36 37 213 -204 -125 210 248 -216 87 -230 235 -90 -44 177 -139 90 35 65 -184 135 174 -34 148 -220 -40 -83 -53 43 0 -104 44 217 -6 163 93 23 -157 -76 192 45 -226 113 219 -242 -37 134 -158 -247 215 160 243 170 -149 -94 107 238 167 28 -41 -25 221 -8 -129 -146 53 178 -223 -84 -209 -124 -107 -171 -43 164 202 229 -134 106 230 -236 -250 195 -224 -73 214 31 -112 -19 -95 70 156 151 17 11 -248 -63 95 5 118 49 209 -130 -97 -240 -46 166 206 181 -244 -246 8 129 -79 -148 -249 -39 136 -71 27 -190 246 115 -175 62 38 109 34 -160 -147 -199 -117 -20 -35 2 -96 -214 -215 176 -32 -189 128 -21 54 94 -111 -92 -110 84 -188 91 237 149 33 -162 97 -186 101 193 -187 -152 144 -141 -15 -31 191 -106 124 39 -49 -2 -23 245 76 188 -105 46 222 -101 157 18 102 -225 -154 180 -203 73 127 -176 147 236 -155 168 -113 -12 -51 66 112 183 -196 96 171 80 142 132 247 -173 231 -207 19 241 55 -198 -18 155 -233 -5 -98 -221 -65 59 4 -222 244 -29 -193 -159 207 67 -235 -1 -9 83 10 -48 -10 -26 -170 -137 -60 -82 -103 12 125 -174 120 77 89 -241 198 71 -195 -91 -185 -237 92 -7 -88 -201 48 22 -194 204 64 -217 7 -183 -24 145 203 -164 162 30 50 233 165 -210 172 58 -202 -132 -14 -227 41 -11 -172 234 16 -131 -81 -28 -151 -16 -167 194 -200 -238 56 141 -120 103 57 14 47 -156 159 -232 122 140 123 121 -181 26 29 -66 -177 216 -42 228 169 161 -47 -100 21 117 225 -168 -243 -208 154 108 240 -140 -192 32 -144 -64 -123 212 -191 -212 -3 -178 20 -4 242 100 -234 25 186 69 -69 3 200 152 143 114 -78 -54 -72 -77 74 -211 175 -182 104 -108 13 42 197 -89 -114 -142 52 68 220 -150 -127 -59 -163 99 -245 218 -229 -145 239 139 -219 -52 -165 -166 -70 131 -119 -169 138 146 78 227 82 -115 201 -126 158 -218 -50 24 199 -213 -58 1 -86 85 6 40 189 9 133 -197 105 -228 -30 232 51 184 -74 -153 72 75 -68 -128 -13 179 110 -239 182 -87 15 -116 185 63 137 -179 -45 -80 -55 -180 208 -206 224 190 -136 173 -118 -121 61 111 126 -85 -161 -67 130 205 -135 -62 79 -36 -27 196 150 223 -143 116 249 81 -75 -205 -38 -61 -57 98 88 86 187 211 -138 60 119 -122 -231 -133 -99 -56 -33 153 -109 -22 -102 226 -17 -93 
TEST 197 ARG:-17 -75 -188 94 74 -28 189 -169 -153 196 -160 67 -245 -164 -240 160 -102 248 223 -159 -243 -209 114 1 131 134 243 157 186 234 100 151 -39 61 82 -73 179 -154 -80 -64 -168 239 80 233 -174 -156 208 -112 2 -161 -70 65 -71 210 -195 85 32 -127 -59 44 161 -125 155 26 212 -15 202 226 245 -210 -103 -178 224 188 37 174 -55 99 -104 13 -234 -172 198 -12 -86 170 108 -52 117 -149 78 87 -4 103 -231 184 29 -155 -224 -229 175 241 34 -54 -67 -58 -190 -91 -201 -8 56 59 177 204 215 101 4 -198 -89 8 -72 191 -166 -47 -49 7 152 235 109 27 57 -134 -221 55 -137 -110 231 -241 -74 -18 -38 -167 126 9 143 51 -217 -126 149 220 -77 28 133 54 63 197 216 3 -60 -197 178 106 -144 45 135 -25 22 12 137 182 166 -43 -214 153 172 -203 227 -105 -41 246 123 -227 -106 -85 -124 -158 17 168 167 -235 -44 119 -145 -107 83 89 -213 -76 -131 -63 -150 -101 10 194 -46 171 121 192 -212 -36 120 18 14 -100 -50 -48 -179 90 -129 71 -99 203 0 150 -68 136 -61 -232 -62 96 -146 141 -242 -53 11 -181 -192 -57 102 -79 62 92 36 -6 -94 -244 -140 -22 68 -216 169 50 39 -130 -218 -122 77 -237 38 -202 -204 -5 -147 -81 -165 70 -208 -24 76 24 230 -139 -128 23 64 165 -184 111 116 213 -239 118 138 42 -191 -65 154 146 163 -230 201 -23 -90 40 158 -78 129 -118 -180 181 -143 -199 -176 187 91 72 145 -132 225 43 86 205 127 228 -142 33 -42 -1 199 -69 211 -225 110 -20 162 69 -3 -194 214 -228 -114 -223 98 53 130 107 -206 -248 -83 48 -222 249 222 -219 237 218 232 -16 -138 -35 -187 73 105 -205 -157 209 -51 -135 -96 -10 5 -116 140 -121 -193 -171 -29 -9 -82 173 164 190 -21 219 58 -120 132 97 -133 -163 60 207 -27 25 -136 -34 95 46 180 81 49 -250 47 142 112 -2 -200 113 52 -45 -109 238 -148 -115 -233 -19 124 -108 -31 -84 -117 -175 200 -92 -56 93 217 185 -236 -40 236 183 -196 66 -211 156 176 122 244 -98 -173 144 206 -182 -33 88 -66 125 -185 115 242 -113 159 -247 -32 84 19 35 -11 -151 -170 -177 -97 247 16 148 -162 20 -93 -249 -189 -226 229 -183 139 -95 -215 147 -186 -123 128 -152 193 31 -30 -238 104 -7 221 -13 -220 21 -111 6 -88 -87 -246 41 -26 -207 -141 195 15 -119 -14 -37 75 30 79 240 
TEST 198 ARG:208 147 -115 -49 -37 42 -60 -219 134 102 26 129 -41 115 -50 205 200 -113 142 103 -224 -23 -135 47 -161 -17 235 -129 98 100 -163 -180 206 -28 -24 -26 -241 166 -226 -91 -1 -32 41 87 190 164 -186 8 21 187 -205 106 -87 85 51 173 153 -187 111 17 -182 230 39 -204 -162 -173 -168 -178 80 -149 -155 82 110 -139 -223 -130 -243 -250 -247 248 -52 -194 -46 29 -217 88 -145 90 33 -77 -69 -225 -30 216 76 181 81 -183 15 -167 54 155 75 -89 -98 -120 182 218 13 225 -212 163 18 -170 -74 -193 11 -3 91 -218 -34 4 -35 202 -244 43 144 -164 -75 -68 -94 96 112 118 -64 172 -171 12 -175 -107 214 -9 183 -235 1 243 95 -102 -134 -143 215 221 233 165 222 72 3 -12 -127 50 -73 97 138 -206 -103 16 -200 -214 -140 120 -138 66 -36 -104 -86 207 -78 -184 -195 14 61 -220 99 53 -237 -159 -25 188 -71 -79 186 245 -62 210 -33 71 178 -97 73 132 156 31 -19 -4 -154 -44 105 -114 5 63 168 201 -92 193 145 -169 117 20 -105 169 -27 -18 -240 197 194 67 -229 128 -54 236 -188 28 -82 -230 196 241 -5 211 59 -248 -118 -31 108 157 -65 -131 34 184 -174 -6 -84 68 -100 195 -199 -116 219 83 -11 -117 125 -7 58 -45 246 121 86 179 -83 92 -99 79 52 22 -176 -151 -109 -128 143 -40 -232 131 89 -150 -85 -209 162 -57 84 2 -13 -208 160 0 -101 -38 -146 -203 231 234 -231 -93 -67 180 249 -234 -42 229 -80 217 189 -125 247 114 116 38 227 23 77 -88 -72 151 -192 -153 152 -236 -242 -106 -158 126 -55 -211 -198 7 -51 69 32 176 -132 109 -15 25 -53 49 -90 141 -152 64 240 -215 78 238 36 104 -210 -181 -16 -156 174 113 119 -119 93 -207 -166 137 94 -133 -179 171 -222 -61 -177 -197 159 30 154 40 139 -121 48 -56 -2 -190 -185 -141 122 203 223 9 -216 -196 -22 149 -39 45 -124 146 212 -126 -59 150 62 209 -172 -228 -70 175 57 124 27 -48 24 101 213 46 170 -47 -137 -108 204 35 199 10 -123 -63 -144 228 237 -43 -245 136 -14 -165 -227 133 226 185 198 220 -191 -157 -136 242 140 130 167 6 158 -111 148 65 74 -246 -239 -147 -249 107 -21 -20 -8 -66 -142 -112 70 135 -189 161 -148 191 56 -160 -122 192 -29 127 -95 -96 37 232 -238 -202 239 -233 -10 55 -58 -201 -221 -213 19 -76 177 123 -81 44 244 -110 60 224 
TEST 199 ARG:-85 -128 -45 -148 195 -51 82 31 115 54 -116 24 49 -131 -91 -117 -221 30 47 -72 241 -53 -203 53 -27 72 -93 23 133 -49 -230 2 -189 -118 -142 -171 74 39 -108 -169 172 109 207 -136 164 221 -90 -82 8 116 75 -193 -24 79 -135 -164 -172 -121 171 148 12 178 -14 100 145 104 214 -191 -64 -250 231 198 -174 176 -6 73 211 -199 -149 63 -11 202 92 -143 -197 -219 -209 -41 -26 -105 125 -40 -181 -177 35 -96 -210 -76 -106 -218 -107 -104 -147 -168 -150 204 169 -80 68 -154 -232 87 -48 242 78 65 -179 7 235 -170 61 107 -68 194 234 175 -18 203 129 45 -160 -173 -176 -16 -127 -23 -162 -44 -161 38 -208 -112 190 181 108 96 29 -50 -216 166 159 216 -94 56 215 84 193 32 223 50 173 232 -62 179 -13 128 -86 36 -183 -204 4 -138 -99 -166 118 -146 -129 127 95 -15 -113 -185 -70 43 37 180 -35 -95 110 225 -2 33 -42 249 21 14 -5 160 -47 20 -84 9 -215 205 -75 -56 -231 -157 51 -78 -134 143 147 55 81 -111 -10 188 137 22 -7 97 89 -167 -67 -245 -66 149 131 -247 90 182 -69 -225 -205 114 -144 -32 157 17 -187 -132 102 77 123 134 240 -212 -120 -152 -30 0 153 -98 135 227 -246 -74 -188 -88 26 -126 -235 -201 25 18 -63 220 -206 5 44 28 -57 -175 -243 200 246 -223 27 226 -58 -182 -248 94 6 206 -211 -38 124 -200 -249 -89 243 -237 168 -114 34 -133 -20 -124 170 40 -122 217 99 130 248 -226 238 66 83 156 -217 -229 213 -37 69 152 167 126 192 -242 42 -33 -137 -123 184 -65 -222 91 -186 150 -34 187 85 -194 70 -195 237 -59 76 -1 3 163 139 -77 162 -39 48 -4 -92 103 119 -241 155 199 -61 -190 151 93 146 -207 142 197 -234 -83 101 -12 -109 58 185 86 67 46 174 62 154 59 11 218 183 52 -55 136 -214 -227 245 19 -139 212 -28 98 161 88 -103 71 177 -119 -163 -60 1 -25 117 -220 -115 191 -31 224 120 -87 186 -224 219 -9 -233 -29 -46 -198 113 -101 -17 -239 -73 222 236 -71 -153 140 244 57 121 -180 -184 -125 122 -21 -97 -145 247 -3 112 -43 15 -155 208 64 -156 -159 10 16 -8 111 -110 210 -79 -228 209 239 196 -151 -54 132 60 -192 -158 141 165 -130 -202 -81 -100 -19 -244 41 -140 -196 144 13 -238 229 -165 -240 105 80 -236 -52 228 -141 158 230 138 189 -36 201 -213 -102 -178 233 -22 106 
TEST 200 ARG:214 -138 -82 92 137 70 193 55 -26 198 146 -216 -241 -163 217 -159 -200 -36 249 -30 -231 -103 178 177 -39 -230 -93 187 90 181 94 -242 -12 172 -208 -178 -134 21 86 -236 -150 -139 -205 -46 136 -171 -72 240 224 -70 -232 50 -188 27 159 -218 -86 93 -128 168 -23 191 101 44 -198 206 107 -233 -187 -62 -55 -191 -137 176 88 -52 201 126 -37 17 38 -1 34 64 111 -108 -24 -214 -131 89 -89 -201 243 22 143 -75 -83 66 75 -164 0 -4 130 -25 -146 85 151 -217 -66 197 -29 71 95 125 189 121 11 -148 -140 -181 -95 48 235 164 -189 -35 -202 -219 100 -74 -110 122 141 135 -246 -168 -154 -156 7 -167 -126 62 -186 -243 4 229 -85 51 35 247 30 -102 226 -2 -67 149 156 -45 -192 -3 212 -32 232 9 -113 -235 246 -31 -92 108 -79 231 -204 207 152 222 -123 129 -105 215 -175 8 155 -211 133 -166 -47 162 -151 28 14 147 -144 -14 -8 115 -130 245 41 -248 223 220 202 -38 199 114 46 -87 80 -213 58 210 216 37 -69 -78 -41 -229 218 -247 74 -180 -42 236 63 -115 -173 -73 -157 -224 230 -53 188 -196 110 -220 72 32 -141 59 -34 153 40 102 221 -250 128 -94 105 91 82 -107 -161 -203 -106 57 77 183 248 -215 -153 -21 69 45 -6 -212 158 161 170 56 -54 -63 127 73 186 -58 -56 -99 -149 106 113 -177 -132 -109 -240 -50 165 190 -81 171 -143 43 -249 103 -40 225 24 -91 192 -160 -13 134 16 213 -199 2 -226 -111 -118 -27 -135 1 99 157 -207 -98 -184 112 203 -147 -84 60 -239 -172 182 -51 -101 209 -76 87 49 211 3 -28 166 118 -170 -145 -61 -193 -96 -119 -165 -120 42 -64 67 228 33 81 5 15 -104 144 140 -48 -49 -122 -116 76 180 -68 -80 -9 -121 -238 12 120 -71 83 -44 241 -225 78 -11 -88 18 20 142 -7 -197 167 -227 -221 -222 -33 -194 13 148 139 52 163 -60 150 227 -133 6 145 -100 96 84 233 204 195 239 47 61 -244 -57 -17 98 242 -129 200 -124 -176 -223 -43 196 -125 237 -206 124 39 31 -20 -174 109 169 104 -234 119 -185 68 179 10 160 -65 123 132 131 -152 219 208 -90 238 175 194 116 -162 29 -15 -169 79 -59 184 36 -209 -136 -245 -237 -5 174 -22 244 -210 -18 97 25 -195 117 53 -19 -183 -16 -142 -97 -179 234 65 -117 19 -182 -155 -10 -114 -112 -77 173 -127 -228 26 -158 138 -190 154 54 23 205 185 
TEST 201 ARG:164 -181 160 66 -215 -64 -127 97 113 -242 247 -142 42 209 -164 16 -216 -171 -186 2 136 -110 13 -102 114 31 185 187 -105 -167 92 -246 85 170 141 116 172 -14 -73 178 -200 148 220 1 -176 52 -92 -22 -174 -189 -221 -56 -136 -154 -71 -39 195 198 15 162 243 -205 -24 -173 180 248 -5 -237 -31 142 175 216 115 69 -42 109 -50 -170 -191 -184 233 -232 98 -114 -190 -93 54 37 -236 246 -220 -30 -74 173 -45 -160 -208 134 149 -49 228 -212 -57 99 82 132 27 -233 -134 -168 -209 -101 127 197 -32 -248 -219 -26 202 231 48 213 221 -210 -2 -138 -55 -25 -29 -37 -15 -241 80 -203 94 41 -27 176 -38 47 152 -4 -227 -129 -213 56 -23 -234 -225 -240 144 26 46 -88 244 -36 38 212 75 -195 159 217 201 64 77 -8 130 -85 -121 24 20 -65 -62 10 -149 -187 -1 -249 -188 -51 -13 -96 -201 -7 -245 5 -126 167 -137 96 59 222 -180 -172 -72 200 60 124 -90 93 188 177 -122 102 61 -119 -12 -77 19 -67 238 -157 196 -48 -103 -217 -141 81 186 239 -169 166 -132 194 -161 -3 241 161 79 111 73 -150 179 214 -97 11 -86 -199 -214 143 181 -163 -66 21 -60 -151 -178 -206 -128 245 -44 128 -98 -123 -111 53 219 -140 -177 -9 -17 -166 -197 215 83 125 139 -59 112 51 -83 -179 3 -198 -99 67 -95 199 50 -78 0 22 -43 145 12 234 232 -6 25 -82 230 -223 158 -10 -135 193 -46 211 191 163 -162 -145 4 129 -144 -238 -68 -33 7 91 8 76 40 208 -47 -100 171 -11 165 -113 -21 -226 -239 227 -79 86 -230 -61 -158 -91 190 146 70 169 -155 242 34 107 -175 33 204 108 224 -139 -204 -207 45 14 210 155 -84 55 -16 118 35 -182 138 203 -156 -196 -224 -41 206 36 -192 44 -117 -243 174 -124 154 229 151 -104 140 29 -54 192 -152 63 87 9 -133 18 236 -107 -218 -222 -35 68 103 184 -228 119 6 182 101 -193 121 -202 65 90 -125 -109 105 -112 -235 -120 205 -63 249 153 157 -53 72 71 -58 223 -143 88 -118 -165 -148 -81 156 226 -34 43 100 235 137 95 123 133 -146 183 -52 17 168 122 207 -106 -28 147 -40 106 -115 189 -80 -250 49 -76 -231 -116 -147 -87 30 240 117 -108 74 -247 28 -70 135 -229 39 84 -69 225 32 150 23 -185 -131 57 -159 126 -183 -18 89 104 -153 237 -89 131 -194 58 -75 -20 -94 -19 110 78 -244 218 -211 120 62 -130 
All size test
OK
